<KTouchLecture>
  <Title>French (bépo)</Title>
  <Comment>
    Training file submitted by the Bépo group.
  </Comment>
  <Levels>
    <Level>
      <NewCharacters>iets</NewCharacters>
      <Line>ie ie ie ie ie ie ie ie ts ts ts ts ts ts ts ts ts</Line>
      <Line>is is is is is is is te te te te te te te te is is is</Line>
      <Line>it it it it it it ti ti ti ti st st st st st ts ts ts</Line>
      <Line>ie ts ts ie ie ts ie ei ei st st ie ei tie sit sti eis sei tie</Line>
      <Line>tsi sis tit eis esse esse issi issi essi isse issi essi isse</Line>
      <Line>ses tes set tes tes ses ses set tes set tes</Line>
      <Line>test test test sets sets sets test test sets test sets site site site</Line>
      <Line>site site tise tise tise tise seit seit seit seit seit ties ties ties ties</Line>
      <Line>sites sites sites sites sites sites sites sites este set ses esses</Line>
      <Line>essette site titis sises tises et tes tet titiste es sis est sit siestes</Line>
      <Line>titi sites tettes sieste tisses test estes te tss titistes tests tisse testes</Line>
      <Line>sise tette tee esse tie tees ste tsitsit tise tets si sets teste se</Line>
      <Line>Titi teste ses siestes</Line>
      <Line>Titi teste ses sites et tes sites</Line>
      <Line>Titi se tisse ses sets</Line>
    </Level>
    <Level>
      <NewCharacters>un</NewCharacters>
      <Line>un un un un un nu nu nu nu nu un un un nu nu un nu un nu nu</Line>
      <Line>une une une une nue nue nue une nue une </Line>
      <Line>nie nie nie tin tin tin tin sin sin sin sin net net net net net</Line>
      <Line>nuit nuit nuit nuit nuit nuit nuit tues tues tues tues tues tues tues</Line>
      <Line>nues nues nues nues tine tine tine tine sein sein sein sein sein</Line>
      <Line>sien sien sein sien nues tine sien nies sein sein sien nues tune tine</Line>
      <Line>ennui ennui ensuite ensuite initie initie insiste insiste</Line>
      <Line>tunis tunis tennis tennis tente instit instit issue issue tissu tissu</Line>
      <Line>tente suite suite usine usine tenue tenue testee testee</Line>
      <Line>ennui ensuite entente essieu essuie eu initie insinue insiste instit</Line>
      <Line>intense intente intestin intuite institue insu issue intente</Line>
      <Line>inuit issu nenni nette neuneu ni nie niet nuit nuisent nuisette</Line>
      <Line>nu sein seine sens sent sien sinueuse sinus(ite) situe su</Line>
      <Line>sus est en sus sustentes suie suinte suisse suit(e) sunnite </Line>
      <Line>sut teint teneuse tennis tente tenue testeuse tien tiens tintin tissent</Line>
      <Line>tissu titien tnt tu tue tueuse tune tunis tunisie tunisien tus tut</Line>
      <Line>tutie us use usine ut tutsi tutu un une uni uns</Line>
      <Line>Titien et ses nus</Line>
      <Line>Une sinusite nuit</Line>
      <Line>Un instit en usine</Line>
      <Line>Tunis se situe en tunisie</Line>
      <Line>Intestins et sinus sont tissus</Line>
      <Line>Tintin sent ses intestins et se sustente</Line>
      <Line>Si tu es ni Einstein ni Tintin tu es neuneu</Line>
      <Line>Une instit tunisienne essuie ses tennis en tissu</Line>
      <Line>Einstein et ses testeuses tentent un test in situ</Line>
      <Line>Einstein se tint en suisse, un institut en est issu</Line>
      <Line>Si eisenstein est suisse, Einstein est tutsi et Tintin est inuit</Line>
      <Line>Un tennis intense, et ensuite ta tenue suinte et tes tennis sentent</Line>
      <Line>Ses seins nus et ses nuisettes teintent tes nuits et testent tes sens</Line>
      <Line>Tintin teste ses tenues, un tutu en tissus uni et une tenue tunisienne</Line>
      <Line>Une tueuse suisse en nuisette tente une sieste en une tente tunisienne</Line>
      <Line>Si une usine suisse est nette, une usine suisse ne nie ni ses tests ni ses tunes</Line>
    </Level>
    <Level>
      <NewCharacters>ar</NewCharacters>
      <Line>airain anis anneau annuaires antennes artiste assainir assiette</Line>
      <Line>entarter entasseraient entier Eisenstein ennuieraient enserrera</Line>
      <Line>entrant entreteneuses errant inerte insinuant instaurateurs institut</Line>
      <Line>instruisaient intenteras interne intestine intuitasse irisais irritant</Line>
      <Line>nantis narines narrateur nature nains naissante Nanterre</Line>
      <Line>Neustrie niaiseraient nitrata nitrurassent nuisant raies rainettera</Line>
      <Line>rainure raisin rasaient raseuses rassasierai rassi rassurera ratasse</Line>
      <Line>ratissasses rature Reiser ratatinassent rate ratine</Line>
      <Line>renaissant renier rire ruaient saines saisies sanisette sans Sarasin</Line>
      <Line>sartriennes satanas satinera saturer Saturnin sentirent serinera</Line>
      <Line>statuant statuette stressantes sinistre sinusien Sirius situasse</Line>
      <Line>striait suintante suite surin sursautaient sustenterait susurrer taiseuse</Line>
      <Line>tanisera tanne tante tarissant tartarin tartinassent tartines teintureries</Line>
    </Level>
    <Level>
      <NewCharacters>bépoè</NewCharacters>
      <Line>aéroport anisotrope antéposition antieuropéen antiope antiprotéase apponté</Line>
      <Line>arborèrent attroupées autopersuasion apportée approprié aptéronote</Line>
      <Line>autopsiés biopsie ébène Èbre enrobèrent entreponts entreposés</Line>
      <Line>entropie entubèrent épanoui épateront épépineront éperonné napperon</Line>
      <Line>opprobre paneront paneuropéen néopentane nippones Norbert nubienne</Line>
      <Line>papotassent Papouasie paraprotéine paresseront partitionnaient passeport</Line>
      <Line>passionné patronné pénétration pensionnées pépierons pérennisation</Line>
      <Line>perpétuation péteront pétition périront périurbain péroné pérorait</Line>
      <Line>pétoire pianoté prétoire propriétaire prostitué prostré protubérant protestant</Line>
      <Line>pubère réprobateurs subspontané ténèbres Tibère titubèrent tourbière turbotière</Line>
    </Level>
    <Level>
      <NewCharacters>cvdl</NewCharacters>
      <Line>accueillir accidentelle actualisateur adulatrice</Line>
      <Line>Alsace ancre anticlinal article aviculteur caillasser</Line>
      <Line>calandre calcaire calendaire cardinale cavalcades citadelle</Line>
      <Line>clandestin Claudel clavarder Cleveland cul-de-sac</Line>
      <Line>Deauville divalence lavandiculteur Vailland valide</Line>
      <Line>vandalisa vaudeville vicelarde vieillard Vivaldi</Line>
    </Level>
    <Level>
      <NewCharacters>yhk</NewCharacters>
      <Line>ahaner ahurie anesthesiants euthanasie hantait harasseras hauteurs hennissaient</Line>
      <Line>assyrien enkystait ennuyante enraya essayant essuyait Eysines Henry husky kayakiste</Line>
      <Line>kenyan Keynes nursery rayer rentrayeur ressayera ressuyer Ryukyu seyantes syrienne</Line>
      <Line>trayeuse tuyauta Kyushu aboyée dévirilisant adultératrice accidentalité crédule</Line>
      <Line>cédille acidulé accéléra décervelés déclavette décliver désenclavé antédiluvien</Line>
      <Line>abyssin antéhypophyse apitoyé apyrène Akhenaton Rybinsk rayés réhabitua russophobe</Line>
      <Line>sophiste stéphanois rhytine synoptophore absinthé barysphère hypokinésie Séraphin</Line>
      <Line>siphonné épiphysite hyperboréen néosynéphrine hypertrophié biphasée hypnotisèrent</Line>
      <Line>berbérophone aphérèse barothérapie biosphère photosynthèse antipathies apostrophé</Line>
      <Line>saphène apophyse aérophyte Béthune breakèrent bryophyte antiphonie</Line>
    </Level>
    <Level>
      <NewCharacters>fwzm</NewCharacters>
      <Line>fanzine Fizeau Frantz freezer Tazieff fatwa Stewart</Line>
      <Line>tweeter affaires affreuse western antitussif effarant</Line>
      <Line>enfant entrefer faisans fantaisie affamant affermirez</Line>
      <Line>fatum frimeur massif raffermissant smurfer Weizmann</Line>
      <Line>Westminster enfumerez manifestiez refumerez</Line>
    </Level>
  </Levels>
</KTouchLecture>
