<KTouchLecture>
 <Title>Bulgarian (auto-generated)</Title>
 <Comment>Georgi P. Georgiev 
joro_georgiev2001@magibg.com</Comment>
 <Levels>
  <Level>
   <NewCharacters>то</NewCharacters>
   <Line>тоо от ооо оотт то о отт</Line>
   <Line>тото от ооо отто оотт отт</Line>
   <Line>от от то от о оото ооооо</Line>
   <Line>тото оо ооо от от отооо тооо</Line>
   <Line>то от тотото тото оотт</Line>
   <Line>то то от то от о о ооо</Line>
   <Line>оото ото от ото тттт отто</Line>
   <Line>тотото ооо то от о отт отооо</Line>
   <Line>оо от оотт оото от о тооо</Line>
   <Line>ото от от тттт тото оо тото</Line>
  </Level>
  <Level>
   <NewCharacters>на</NewCharacters>
   <Line>тона тно тно тантотата тотата</Line>
   <Line>на танто тона ао нотата</Line>
   <Line>нотната тантотата тно на тона</Line>
   <Line>тотата нотно тота тотата тона</Line>
   <Line>оа ан нотното нотна на</Line>
   <Line>ан но нотната тон ао нотна</Line>
   <Line>тнн ат танто нотата тота</Line>
   <Line>тантото оа тотата но нотното</Line>
   <Line>тон на нотно аат ан тота</Line>
   <Line>нотното но тотата ата тно тнн</Line>
  </Level>
  <Level>
   <NewCharacters>вя</NewCharacters>
   <Line>ята вято навято отвяваната</Line>
   <Line>ваната ятата отвятото навявана</Line>
   <Line>овятата отвявано твоят таванното</Line>
   <Line>явя я явна воняно явяваната</Line>
   <Line>вота воняна твоят таванното</Line>
   <Line>вята отвявано таванната овоняват</Line>
   <Line>вято воят вята това воняна</Line>
   <Line>това ято тавата твоята нов</Line>
   <Line>явяваната таван в овятата овя</Line>
   <Line>воняната тавата вонят отавя тавана</Line>
  </Level>
  <Level>
   <NewCharacters>м,</NewCharacters>
   <Line>вмятаното натаманяваното ама мама</Line>
   <Line>намятано отмятам омотан натаманя</Line>
   <Line>отмотаваното момя натаманявам мома</Line>
   <Line>намотаван момяното там анатома</Line>
   <Line>омаяната ма манната момян мотота</Line>
   <Line>мятаната омотаван автомат атомна</Line>
   <Line>натаманявано натаманяваната намотавана</Line>
   <Line>намятам омотавана отмятана намотана</Line>
   <Line>нямам атома маната мотат отмяна</Line>
   <Line>намотавана тамян нямото намотана</Line>
  </Level>
  <Level>
   <NewCharacters>хш</NewCharacters>
   <Line>отмахва яхната ахано хвана охваното</Line>
   <Line>хавата махната махова махаха</Line>
   <Line>отвях шаван шахматното маяха</Line>
   <Line>отмахва хвана ваяха мотаха ханша</Line>
   <Line>яхано хавана отмахнаха манш</Line>
   <Line>мотаха хм аншоа овонявах хаван</Line>
   <Line>ахана шава шах охва намотаваш</Line>
   <Line>момях шахматната яхнат ханша</Line>
   <Line>ошава натаманяваш шават шавах</Line>
   <Line>яхнаха отвяха отмятах отмахнат</Line>
  </Level>
  <Level>
   <NewCharacters>съ</NewCharacters>
   <Line>стаята автохтонът насновавах</Line>
   <Line>стоях внасяна стотна отстоят</Line>
   <Line>осовото атът ставано самотата</Line>
   <Line>монотонността ставно шантавостта новост</Line>
   <Line>въстанато въвонявана насявах осмян</Line>
   <Line>схванато мъстяха насновяха втасаш</Line>
   <Line>втасаха смотават свястта стъмняват</Line>
   <Line>саван стомах внасяната мътя</Line>
   <Line>стомаха масовост анонса съставяна</Line>
   <Line>мътят сто настават асмата</Line>
  </Level>
  <Level>
   <NewCharacters>пе</NewCharacters>
   <Line>навестявахме овехтеех наметнехте</Line>
   <Line>овеса отвеехме патовата спояваш</Line>
   <Line>посвестен вменяемото ахването</Line>
   <Line>несъответствената помпонът нахапеха наспаха</Line>
   <Line>нашепнахте стопен овее отпояхме</Line>
   <Line>помътнях навехнеш пооставана</Line>
   <Line>настояването спънат осеменената помаех</Line>
   <Line>потенета сметаната осеменят сопнете</Line>
   <Line>отнемате пестенето светотатствената</Line>
   <Line>натаманяхме понесат посметеш наставехте</Line>
  </Level>
  <Level>
   <NewCharacters>ги</NewCharacters>
   <Line>опомниш сметни госте помомяния</Line>
   <Line>гонеха вагонна поевтинени неотнимаемости</Line>
   <Line>овехтявания отшивахте нагоите смигнаха</Line>
   <Line>стисни наспиван отавяния шиехте</Line>
   <Line>името снеси понаместиха отмивах</Line>
   <Line>самотния стопанисвания наивна</Line>
   <Line>осенените минахме сгъстявана отстъпите</Line>
   <Line>пъханите снишиха нестесняваните</Line>
   <Line>потегнах аниони пантеисти повествования</Line>
   <Line>стигнех имен попитано напътваните</Line>
  </Level>
  <Level>
   <NewCharacters>жд</NewCharacters>
   <Line>донасян наводняхте съседства</Line>
   <Line>дважди неподпомогнатите спогодяваме</Line>
   <Line>донаждаш динамата доставяният</Line>
   <Line>попадаме наводните подядеше оживея</Line>
   <Line>доматения подписното догонвахте</Line>
   <Line>нападаният поднеси подтиснатото</Line>
   <Line>анодните наяждана поспадаше давенето</Line>
   <Line>подгоням жасминовият напъденият</Line>
   <Line>поожаднявани вдиганият осемдесетата</Line>
   <Line>надминатите подмажехме понажежаването</Line>
  </Level>
  <Level>
   <NewCharacters>фз</NewCharacters>
   <Line>надвзимаше афиш сатанизмът извеяните</Line>
   <Line>зашеметиш нагнездяме изтънявахме</Line>
   <Line>изехтеше намазвам джазов загнездвано</Line>
   <Line>засвоявам позамаехме взаимнозависимото</Line>
   <Line>изстенваното звънтяха нагазваш издяването</Line>
   <Line>позаписаха назоваването запятия</Line>
   <Line>въздигнахте зашеметих антагонизъма</Line>
   <Line>изфинваният затаяваме съвземеш измажеше</Line>
   <Line>заметяхте феномена надвземахте</Line>
   <Line>пантофът заотстъпвахме доизяждани</Line>
  </Level>
  <Level>
   <NewCharacters>уб</NewCharacters>
   <Line>утеснявам изгубвахте възобновете</Line>
   <Line>духвани удавех уяснението сухото</Line>
   <Line>угнихте подухвате напуснато</Line>
   <Line>сапунисам женитбен безумствате</Line>
   <Line>угасяваният базедовата утеснени</Line>
   <Line>сдобиваше ануса битуминозната</Line>
   <Line>бизнесменът обособяваш поиздумвана</Line>
   <Line>изхаби обем депутат тупнахме</Line>
   <Line>усамотяван забвения унижената бесеният</Line>
   <Line>усвоявано опустошавахте изумяването</Line>
  </Level>
  <Level>
   <NewCharacters>ьч</NewCharacters>
   <Line>заточавани епизодични зачитахме</Line>
   <Line>домъчнеехме мечовидните свиньо петчасовия</Line>
   <Line>запечени отсечена посочените</Line>
   <Line>обознача демонични мошеничеството</Line>
   <Line>подчиниш опичат поочупванията</Line>
   <Line>надтичван потичваният изчезнехме</Line>
   <Line>спазматичен надтичана чепатостта</Line>
   <Line>чатнехте зачетената систематична</Line>
   <Line>мошеничестването мачтовото засичаното</Line>
   <Line>мъчняна метафизичното безчинствано</Line>
  </Level>
  <Level>
   <NewCharacters>цю</NewCharacters>
   <Line>отцепница изцапвано нацупените</Line>
   <Line>цевите ценните животописци</Line>
   <Line>спътницата сензационности пациент</Line>
   <Line>цапаният нацепяно цапнехте съсипница</Line>
   <Line>сегментацията изюденото мишници понацепеше</Line>
   <Line>мюфтия ампутации цапваното</Line>
   <Line>навигационно нацупехте дванадесетостенници</Line>
   <Line>интуицията имитации отцепничеството</Line>
   <Line>седмоцветният ценностна нацепяне възнаците</Line>
   <Line>новаците афганистанци воденици</Line>
  </Level>
  <Level>
   <NewCharacters>йъ</NewCharacters>
   <Line>съхнах напъдят пъпчасаме дъгите</Line>
   <Line>спихтосайте съединеното измъчената</Line>
   <Line>възстановяхте буйствуван звънтежът</Line>
   <Line>смайвано сбъдваме мъжовото обайването</Line>
   <Line>невъзпитанието извехтявайте поогъван</Line>
   <Line>настудувайте гъсто отпечатайте назобвай</Line>
   <Line>наемайте заживей сдъвчат загъна</Line>
   <Line>дойда бушменът списъчна папизъма</Line>
   <Line>несъответственият запознавай бездейният</Line>
   <Line>подсъден задънвания пясъчния</Line>
  </Level>
  <Level>
   <NewCharacters>абвгдежзийклмнопрдтуфхцчшщъьюя</NewCharacters>
   <Line>нахапващата смогвам френетична изщипвана</Line>
   <Line>раздаваш изпивайки слъгани сивожълтият</Line>
   <Line>боцваш боядисаше изпразвайки</Line>
   <Line>орлова притиснаха дънерът оковял</Line>
   <Line>многожелана окастрящ стъкмящо убеждаваща</Line>
   <Line>фалирал затвърдеелия понакапван</Line>
   <Line>изпламтяващият изпръсквахте дисквалифицирано</Line>
   <Line>зяло деинициализирал доизслушващо</Line>
   <Line>побиранията умопомрачен изприщваната</Line>
   <Line>сплъстяват пренебрегваната повишила</Line>
  </Level>
  <Level>
   <NewCharacters>,.</NewCharacters>
   <Line>,. ж.а мтп, , е, , ,а ,а</Line>
   <Line>,йб йб, чи, ж.а ж.а йб,</Line>
   <Line>сшй, ,йб ,вь чге, ,вь ,а</Line>
   <Line>,сзе ,сзе чи, .я ж.а ,а пчг,</Line>
   <Line>сшй, ,йб .шр е, , чге, е,</Line>
   <Line>м,шя ,вь , .шр .шфй .шфй</Line>
   <Line>,вь ж.а .я .шр ш,нч ж,ет</Line>
   <Line>пчг, ,вь пчг, ж.а .шр ,вь</Line>
   <Line>йб, , ,сзе ю,ъд ,. у, жъ.б</Line>
   <Line>,вь ф. .шфй у, сшй, ю,ъд</Line>
  </Level>
 </Levels>
</KTouchLecture>
