<KTouchLecture>
 <Title>Nederlands (auto-genereerd)</Title>
 <Comment>Typecursus door tijs@vandenbogaard.org
Thu Dec 18 21:33:14 CET 2003

Willekeurige data gegenereerd met het perl script
van Steinar Theigmann &amp; Håvard Frøiland.
</Comment>
 <Levels>
  <Level>
   <NewCharacters>jf</NewCharacters>
   <Line>j ff j f j f ff jjj fj</Line>
   <Line>j jj jj jjf f f j jf j</Line>
   <Line>fff fff ff jjf fjjf jj j</Line>
   <Line>ff ff f ff j f jf ff fj</Line>
   <Line>fff ff j fjjf fjjf j fj</Line>
   <Line>ff j j ff jff ff jj jf</Line>
   <Line>ff j ff fj fjjj jfj fj</Line>
   <Line>jjj ff ff ff ff j jjf f</Line>
   <Line>j ff j fj jf j ff f ff</Line>
   <Line>fjjf jj jjj ff j fjfj ff</Line>
  </Level>
  <Level>
   <NewCharacters>kd</NewCharacters>
   <Line>kdkk d kkk kk dddd kkkd dd</Line>
   <Line>d kd ddd k ddd dkd dkd</Line>
   <Line>dkd dkd ddk dd dd kk kkk</Line>
   <Line>k d d dk k kk kk kkk dk</Line>
   <Line>dd dd kk ddk kkd kkdk k</Line>
   <Line>dfj kff j jjk dkk kddf dkk</Line>
   <Line>jd j jd d kddf d j fj j</Line>
   <Line>djj jkk kff fkkddj jffj kd</Line>
   <Line>jfk ffd j kd jjk j dk kd</Line>
   <Line>jdjfj kff fddjd jd kff kddf</Line>
   <Line>dk jf kjj jkk jf jkk jffj</Line>
   <Line>kd jjk djj df kd d kkkj</Line>
   <Line>fddjd j kd jjfj kkfj dkk jjk</Line>
   <Line>jf kf j jfj kfkdkj j jjk</Line>
   <Line>jdkf jdd j kkdj jkdk jf jdjk</Line>
  </Level>
  <Level>
   <NewCharacters>ls</NewCharacters>
   <Line>ls lssl slls ss slls slsl</Line>
   <Line>sll ss sl sll sl sll lss</Line>
   <Line>ss sll ll sl s llsl ssl</Line>
   <Line>sls sl l sls sl sls lss</Line>
   <Line>lss l ssll lsl ss sls ss</Line>
   <Line>lsjs kdlf k kdlf f lfsj lds</Line>
   <Line>kll lj sljdl ssd kss lj s</Line>
   <Line>ssl k lk k jl lsjs k lds</Line>
   <Line>ll kd lfsj jljf lk kll lsjs</Line>
   <Line>lfsj jsll ssl f ssl kf fk</Line>
   <Line>lsjs f ff k lk lfsj f sdds</Line>
   <Line>kdlf klldk sf k kdlf sdds f</Line>
   <Line>lj f sljdl jljf fk f sdds</Line>
   <Line>k ljs sf lk f ldks f f lfsj</Line>
   <Line>jljf dss k f ll fs sdds ljf</Line>
  </Level>
  <Level>
   <NewCharacters>;a</NewCharacters>
   <Line>aaa aa ;;; ; a; a; a ;</Line>
   <Line>; a aa a ; a;a;; aaa;</Line>
   <Line>; ;a;; aa ; aa ; ;a;;</Line>
   <Line>aa aaa; ;; ; ;;;a aaa;</Line>
   <Line>aaa ;; aa aa;; ;; ;; a</Line>
   <Line>slaafs; la;; al kalf sa sa aak</Line>
   <Line>sjaals; laas slaafs afkaad kaal</Line>
   <Line>lal; dal alfa; slaak la jak</Line>
   <Line>alaaf; klas afkalf; kalf kaal</Line>
   <Line>aak jak; kaf afkalf; aflaad;</Line>
   <Line>das laks; kajak kajak daal</Line>
   <Line>fa; als faas kaas; alfa; dada</Line>
   <Line>aas kalf dada ja alfalfa; kaal</Line>
   <Line>la; aks ja kalk jal; daal; kalf</Line>
   <Line>slaak; afsla; klak; sas; alaaf;</Line>
  </Level>
  <Level>
   <NewCharacters>hg</NewCharacters>
   <Line>gghgg hg hg gh ghhgg ghghg</Line>
   <Line>ggg h gh ghh gg ghg hh hh</Line>
   <Line>gh hg g hhh h hh ghghg</Line>
   <Line>gh h g ghhgg gh ghg gh</Line>
   <Line>ghg g hgg hgh h gg hgg ghh</Line>
   <Line>daag gas; laklaag ah haaks</Line>
   <Line>glad sjah; sjahs; aalglad klaag</Line>
   <Line>laklaag halfslag; af had slag</Line>
   <Line>haak haas; kaag haak haha daag</Line>
   <Line>dag glad; shag jas gas afhaal</Line>
   <Line>hals laklaag hal; jassen hal hals</Line>
   <Line>gladaf ha; afhaak slaags; glas</Line>
   <Line>slaags jak ha ha haal kaalslag</Line>
   <Line>aalglad; falasha jakhals; gaslaag</Line>
   <Line>hals gaas fila; jakhals</Line>
  </Level>
  <Level>
   <NewCharacters>ur</NewCharacters>
   <Line>r r uuu rru ur u r rruuu</Line>
   <Line>uu uu rruuu ur r ur uu</Line>
   <Line>ru ur ur ur ru uu ru uu</Line>
   <Line>uu rrrr rrrr ru r u uuru</Line>
   <Line>ru rru ur uuru uu uu uuu</Line>
   <Line>kus duur afhaar jas uur; gaf</Line>
   <Line>juk; krulhaar suf; kus uurglas</Line>
   <Line>aardas sassafras harslak afgluur</Line>
   <Line>gras suf graf afraas slasaus duf</Line>
   <Line>fallus druk afkraak radar kraal</Line>
   <Line>kaard kus ara; halskraag lus</Line>
   <Line>guur; graal jas askruk ruud</Line>
   <Line>krulhaar graas; saus graal jufs</Line>
   <Line>klaar guur; radars afraas kraal</Line>
   <Line>juf; harddraaf; duurs; uur</Line>
  </Level>
  <Level>
   <NewCharacters>ie</NewCharacters>
   <Line>ei ie i ie ii ei i e ei</Line>
   <Line>ie ie iieei iie e ei i</Line>
   <Line>iie ee ii e iie ii ie e</Line>
   <Line>ei ee ie ee ie e i ee</Line>
   <Line>i ii ee e i ee ei e</Line>
   <Line>klierige gij sukkelig; keilde ruigaard</Line>
   <Line>gekrakeeld sidderaal gekuifde druileriger</Line>
   <Line>geaggregeerde ijs geheld; lijdelijker</Line>
   <Line>gladdiger gladheid; dikheid geriskeerde</Line>
   <Line>elf gereefd driedaagse gareerde je lijk</Line>
   <Line>akkers; klaarde sisser afdraaide jij</Line>
   <Line>kliekje hier kladje; hijg; harakiri lei</Line>
   <Line>afjakker geliefd akeliger kleffer jullie</Line>
   <Line>kuierde hi rijs kelderdeur geresideerde</Line>
   <Line>drassiger; kikkerdril huidige; duikers</Line>
   <Line>fles dijk sukkelige ijs sidderaal; hijs</Line>
  </Level>
  <Level>
   <NewCharacters>ow</NewCharacters>
   <Line>oww wo oo wwwo oo ww oow</Line>
   <Line>o wo ww wwo wwo oow wwo</Line>
   <Line>ww oo ww w wo oo oo wow</Line>
   <Line>ww wwo wow w woww woo w</Line>
   <Line>w wwo www ww oow w wwo</Line>
   <Line>koekoeksei frees koor; hokkerige</Line>
   <Line>gedweilde drukrol juweel afloer</Line>
   <Line>geluidloos hoge dodelijkheid joekel</Line>
   <Line>gauwerd; doodgegooid; foei kordeel</Line>
   <Line>jaloersheid wereldlijk gedrogeerd</Line>
   <Line>geduwd dollarkoers fooi lawaaiigheid</Line>
   <Line>guerrillaoorlog rouwdag laagwaardige</Line>
   <Line>hofjes; gerouwklaagd; was; dwaalde;</Line>
   <Line>leesdoel legio; legerorder wedde</Line>
   <Line>gehoorweg kalfsoog; woorddeel wij</Line>
   <Line>weg jos de wrede huigelaar; wuifde</Line>
   <Line>wie dollarkoers wade erg hard;</Line>
  </Level>
  <Level>
   <NewCharacters>pq</NewCharacters>
   <Line>q qqq p pqq ppp pp pqp</Line>
   <Line>q qp pq ppp p ppp p p</Line>
   <Line>qq pqq pq ppp pqp pq ppp</Line>
   <Line>pp pp ppp p ppp qqq qqq</Line>
   <Line>qq pp qqq pqp ppp pq p</Line>
   <Line>spade poeljes wurggreep flap</Line>
   <Line>soepele; drukpers hope pukkelige</Line>
   <Line>prik groepsreis gepuddeld pijl</Line>
   <Line>kepers; querido aquanout</Line>
   <Line>daf appelsap drukspiegel aquarel</Line>
   <Line>opkras; persdruk juf puffen spouwers</Line>
   <Line>popidool qupido; supplieer liquideer</Line>
   <Line>hielp peperdure prullerigere kwijl</Line>
   <Line>pakje; pulppers ; droop</Line>
   <Line>pijpdrop opdroogde; dief opdruk</Line>
   <Line>water is aqua; aqua is water; rijp</Line>
   <Line>de drukpers was peperduur;</Line>
  </Level>
  <Level>
   <NewCharacters>yt</NewCharacters>
   <Line>ttytt yyt yy ttyy ytt yyt</Line>
   <Line>t ytt ttyy yyt yyt ytt</Line>
   <Line>y ttyy tyty t t t tyt</Line>
   <Line>tyyy ytt ytt yyt y tyt tyt</Line>
   <Line>y tyyy tyt ytt y t ty</Line>
   <Line>typt loyaal trouwste y uithaaltafel</Line>
   <Line>typte; katalisator type types</Line>
   <Line>hortoloog y tegelijk; treek y quota</Line>
   <Line>leerrijkst sleutelde y steekkart</Line>
   <Line>portierspet wij y topje; hoofdstraat</Line>
   <Line>akkefietjes; type afkleedt y gerafelde</Line>
   <Line>opkraste hydraat wil addities; y spitter</Line>
   <Line>surft quote y pleisteraar; y ettiquette</Line>
   <Line>y dereguleert toehoor; y godslasterlijke</Line>
   <Line>tituleert katalyse; hypotheek pleisterwerk</Line>
   <Line>hij surfte op het water</Line>
   <Line>wie weet waar willie wortel was</Line>
  </Level>
  <Level>
   <NewCharacters>mv</NewCharacters>
   <Line>mv mvm mv mvmmm mv mmmv</Line>
   <Line>vvm mvm vv mv mvmmm vv v</Line>
   <Line>mvm mv vm vvmmv vvv v v</Line>
   <Line>vm mv mm mv mvv mmmv mv</Line>
   <Line>vvmmv vvv vvv mvm v vvv vm</Line>
   <Line>systeem liquida vijf hem aftuimelde</Line>
   <Line>gym vijver afgeveld; fysio kumquat</Line>
   <Line>worm; temporalia we fysiotherapeut</Line>
   <Line>mismaaktere veeltalige; gemeerderde</Line>
   <Line>verdoemelijk systeem ; houtgravure</Line>
   <Line>puf haver liquid ploeg fut mijt wie</Line>
   <Line>volde matigere; solveer waarvoor mag</Line>
   <Line>smokkelt symptoom mijteriger; adequaat</Line>
   <Line>emailleer wij vijfledig; hommel muggen</Line>
   <Line>inquisitie sleutelvraag adviesvraag</Line>
   <Line>soms type ik foutloos;</Line>
   <Line>ik type al veel vlugger</Line>
  </Level>
  <Level>
   <NewCharacters>,c</NewCharacters>
   <Line>, c, ,cc c, ,,,, cc,,c</Line>
   <Line>c, ,,cc , ,, ccc ,, , c</Line>
   <Line>,c ,c c,c c,c ,cc ,c,,</Line>
   <Line>,cc c, , c ,cc , , ,c ,,</Line>
   <Line>,cc ,cc ,c,, cc,,c ,,cc</Line>
   <Line>systeem, cataclysme, vee cayennepeper,</Line>
   <Line>geschaamde, coryfee; aquaduct viaduct;</Line>
   <Line>cryptogram, cyclisch, colloquia schouders</Line>
   <Line>chocoladereep; cyprioot, confisqueer</Line>
   <Line>schoolvosserij; hippocampus, geaccepteerde</Line>
   <Line>scheppers, maquette; verkoopdirecteur</Line>
   <Line>claviatuur, justificatie, chique erachter</Line>
   <Line>paradijsachtig, schrammetjes, adresschrijver</Line>
   <Line>percipieert, mug tricky; cricketkeeper</Line>
   <Line>archivaresse, plaquette lichtdruk;</Line>
   <Line>de politie arresteerde de vrouw voor diefstal</Line>
   <Line>echter, de rechter sprak haar vrij</Line>
  </Level>
  <Level>
   <NewCharacters>.x</NewCharacters>
   <Line>x. x. .x.. x .xx .xx ..xx</Line>
   <Line>. .xx. .x.x . xx. x. x.x</Line>
   <Line>x .x.x x. x ..xx x. .x..</Line>
   <Line>.xx . .x.x . x .xx .x.x</Line>
   <Line>x. x. x x.x. x. x. .xx</Line>
   <Line>max privacy. expressief. polyester</Line>
   <Line>extracties... mix orthodox, i.p.v.</Line>
   <Line>expressiviteit. toxicologie; expliqueer</Line>
   <Line>exportproduct. exploitatielast; s.o.s.</Line>
   <Line>complexere, exterieurs, maximalist v.o.c.</Line>
   <Line>taxfreeshop. v.b. quark, quasi expres</Line>
   <Line>polymeer... circumflex. ampex; taxi</Line>
   <Line>mixtuur, qua, flox, exporteert, polygaam</Line>
   <Line>excuses. exotische v.n. xyz; quivive</Line>
   <Line>toxicums lexicologie; quickstep.</Line>
   <Line>het grootste deel zit erop; twee secties over.</Line>
   <Line>twee maal twee is vier</Line>
   <Line>wortel vier is twee</Line>
  </Level>
  <Level>
   <NewCharacters>/z</NewCharacters>
   <Line>z z/ z //z /// /zzz z/z</Line>
   <Line>z/z /z //z //z z/ //z z</Line>
   <Line>//z z/ zz z zz/ / /zzz z//</Line>
   <Line>z/z/ //z zzzzz //// z/ /z</Line>
   <Line>/z /z z/z z/z z / z/z /z</Line>
   <Line>yahtze z.o.z./s.o.s. taxi/zwalkte zucht yoga</Line>
   <Line>zekerheidshalve/gezieltoogd, uitzat/lasijzers</Line>
   <Line>wraakzuchtige rijexamen/eczema /tmp corpskeuze.</Line>
   <Line>fluweelzwartste/zijrivier/jazzrock/gepauzeerd.</Line>
   <Line>verzilverd opzettelijke, exemplaar. yeti</Line>
   <Line>zwaveltje xyz fotozaak zouteloze/zuurtjes</Line>
   <Line>oomzeggertje; letterzifterij/doodzweeg.</Line>
   <Line>rijzelde, hockey zigzagsgewijs zicht reflex</Line>
   <Line>zoele, zacht/afzeepte yammen zwerfzieke.</Line>
   <Line>relaxen, overzee/omgezwaaide. yup</Line>
   <Line>arbeid adelt, maar de adel arbeidt niet.</Line>
   <Line>dat staat op het getouw.</Line>
   <Line>goed gereedschap is het halve werk.</Line>
  </Level>
  <Level>
   <NewCharacters>nb</NewCharacters>
   <Line>bbn bbbn b n nn bnb nn nn</Line>
   <Line>bbb nbbn b bnn nn n nbbn</Line>
   <Line>nbb nnbb n bbbn bnn bbb</Line>
   <Line>b bb n bnb n b nn nbbn</Line>
   <Line>nb nnbb n b b b nbn bbbn</Line>
   <Line>byzantijns, cayennepeper, cycloon.</Line>
   <Line>bij, neurieden beiden; dynamiet</Line>
   <Line>goudbeurzen entrees hoogspanningskabel</Line>
   <Line>landmaat neuswijst hiacynt.</Line>
   <Line>verbreedsels borduurwerken gestriemden</Line>
   <Line>bit/byte lefhebbers impotent n.b. cynicus</Line>
   <Line>wiskundig cyaankali johannesbloem/</Line>
   <Line>bedevaartganger, coryfee m.b.v. opwinden.</Line>
   <Line>beoorloogde b.v. voortgebrachte/chrysant</Line>
   <Line>angstaanjagend dynamo onbewerkte.</Line>
   <Line>met de n en de b is het alfabet compleet.</Line>
   <Line>en bij deze verklaar ik plechtig,</Line>
   <Line>nooit meer met twee vingers te typen.</Line>
  </Level>
  <Level>
   <NewCharacters>?ABCDEFGHIJKLMNOPQRSTUVWXYZ</NewCharacters>
   <Line>GAK BBC KLM? WW UFO AOW?</Line>
   <Line>HSL NL KUN? SOS? UFO NYFD</Line>
   <Line>WDTQ SGP AAA BE ATB?</Line>
   <Line>VWO? AA DE? FBI AIVD B.V.</Line>
   <Line>HVU RUG UFO GAK HGS VWO?</Line>
   <Line>USA? HAVO EN MKB IBG N.V.</Line>
   <Line>ESA SP LBO VMBO CDA</Line>
   <Line>EURO CCCP UFO VIP EU PvdA?</Line>
   <Line>NS VWO VVD NASA VP XEROX</Line>
   <Line>UvA T.a.v. Dhr. Mr.?</Line>
   <Line>Amsterdam, Utrecht en Den Haag</Line>
   <Line>Wie weet waar Willem Wever woont?</Line>
   <Line>Sinterklaas komt uit Spanje.</Line>
   <Line>In Holland loopt iedereen op klompen.</Line>
   <Line>In de volgende lessen staan cijfers centraal.</Line>
   <Line>Ook handig om deze blindelings te kunnen vinden.</Line>
   <Line>Het eerste glorievolle geheim,</Line>
   <Line>Jezus verrijst uit de dood.</Line>
  </Level>
  <Level>
   <NewCharacters>74</NewCharacters>
   <Line>47 77 77 777 74 7 74 774</Line>
   <Line>4747 7 477 44747 7 777 77</Line>
   <Line>44747 77747 74 4747 77 47</Line>
   <Line>4747 4747 7 77447 77 74 744</Line>
   <Line>77 44747 7 77 7 44747 7</Line>
   <Line>cNx7t y4 pq74 uv4 pzq 7.4 7w4 kj4sN</Line>
   <Line>pqv74; /sOh7 4wH aN4 zx4,d7Q 7y Ea4;</Line>
   <Line>4Oz hw7O,Ovh7 G7; sxuy7 .7 scN7t G7vr</Line>
   <Line>G7; cN7t pq74 7/4 pq74 wZ4 kjx4/N</Line>
   <Line>d7xQ h7un 4. 4 d7Q vG7,h7n; uycN7t</Line>
   <Line>4z vy4 4.7 G7 aN4; 4wrskt cZ7/ xNu4</Line>
   <Line>7w 7,4 4uH 4kt yx4; 4/7 pq74 zh7n; 7yf</Line>
   <Line>4hw 7sf cZ7; x7w yvU4 asN4. kj4N,</Line>
   <Line>4kxvt /h7snr; cN7t 4Or. cvN7t, yz4</Line>
   <Line>y4 7z, U4; 4hw x4vO; /rd7Qs cN7zt</Line>
   <Line>7x4, 4/7, .4, 7.4, 77.4, 44.7 47.74</Line>
  </Level>
  <Level>
   <NewCharacters>83</NewCharacters>
   <Line>883 3 38 8 888 8883 8 8838</Line>
   <Line>38 3 8838 8388 883 8 838</Line>
   <Line>3 8 8 383 8 8 83333 383</Line>
   <Line>838 38 838 888 8 383 383</Line>
   <Line>383 8388 8 888 38 8 8838</Line>
   <Line>8YG 8i. en3 ;l8Z c8Q YGb 87SM hyA,v3?</Line>
   <Line>3a sc4 8VmN P4Fr y3?c; eAn3b k73f 3Luj dx3</Line>
   <Line>;L8cZ,3Ad Ul8 h43 kIef obqv rF3; in hw8 gcJ</Line>
   <Line>tvw3 geq O 8gZ yb3 43acp urS 4L78 e3lj w8Jo?</Line>
   <Line>8Zk 8Tn TzsQ, 874/mX Ul8o dMn,tvWA3 8YiG</Line>
   <Line>43 ULR8 Veiq, pTj8 7ao8 ckN PFQ rb h;l 84Z?</Line>
   <Line>34h 3cq gvLj e87Z dkg; 3saeW ybi3 37.p4 A3Lj</Line>
   <Line>8TTz b8q asF7 tVR.w3 PTQ jc8 34,OSuw 8gT Tmz</Line>
   <Line>8.k Yiq; 4gv3 eWRS,8JU dx43 V7hQe 3bN Ikf dmaO</Line>
   <Line>8.r 3nch .Peou4 8k/aMX bo3,Refs; h3l dvjU 8Z?</Line>
   <Line>3.4 plus 4.4 is 7.8</Line>
   <Line>7 min 3 is 4</Line>
  </Level>
  <Level>
   <NewCharacters>92</NewCharacters>
   <Line>29 99 299 9 2922 9 2222</Line>
   <Line>2 2 92 292 92 299 2922</Line>
   <Line>9 99 22 22 99 2 22 22</Line>
   <Line>22 2999 222 9 2 299 9 2</Line>
   <Line>2229 92 22 22 2 2229 99 22</Line>
   <Line>a92 ;kc29 89xYt/ ;kx29,fts92 ;kP2v</Line>
   <Line>9x 89 32V 49KGH 2Iq? Lonz/8G9b .Kje2,3wD</Line>
   <Line>M9X. MigT9 ZF2h, LQY 97UE Ar9X. 94DVS/kH9</Line>
   <Line>Ma9/ i93 zdf,W947ue 2fn? 2Iqj. 2BolZ;2hwR</Line>
   <Line>S2r M9t? CBv,p2y hzx ;jKP9 loTs ZC2a, j49kG</Line>
   <Line>Ma9. M39/ LnV yZo 4Sg Wir9 97UE;H89 p2 2IQ</Line>
   <Line>89u vp2dt pb2 2Gq hmN;PD2V, 2Xc3j M9a. 97bS?</Line>
   <Line>2rs;M9/ bP27,yZU hEiJG AF9? WV 32Ct 89Y ;akp9</Line>
   <Line>x2 2cv dt,9w73? .4oQ hEJ BaF9 Mgul;94/H 3wR9 X2</Line>
   <Line>9KN 9gal;Z32w;ymN .9Cb 2Iqd fws4.9z Uhxc2 kAje2</Line>
   <Line>3 x 3 is 9, plus 38 maakt 47</Line>
   <Line>3.2kg plus 4.7kg is gelijk aan 7.9kg</Line>
  </Level>
  <Level>
   <NewCharacters>01</NewCharacters>
   <Line>1 001 111 001 101 0100</Line>
   <Line>01 001 01 0100 111 1 100</Line>
   <Line>101 11 00 0100 111 100 01</Line>
   <Line>00 10 11 111 11 0 01 1</Line>
   <Line>100 111 1 001 0 111 0 0</Line>
   <Line>a01 ;kc19 80xYt/ ;kx10,fts01 ;kP2v</Line>
   <Line>0x 80 31V 40KGH 1Iq? Lonz/8G0b .Kje2,3wD</Line>
   <Line>M0X. MigT9 ZF1h, LQY 07UE Ar0X. 04DVS/kH0</Line>
   <Line>Ma0/ i03 zdf,W047ue 2fn? 1Iqj. 1BolZ;1hwR</Line>
   <Line>S1r M9t? CBv,p1y hzx ;jKP0 loTs ZC1a, j49kG</Line>
   <Line>Ma0. M30/ LnV yZo 4Sg Wir0 97UE;H80 p1 1IQ</Line>
   <Line>80u vp2dt pb1 2Gq hmN;PD1V, 1Xc3j M9a. 07bS?</Line>
   <Line>1rs;M9/ bP17,yZU hEiJG AF0? WV 32Ct 80Y ;akp0</Line>
   <Line>x1 2cv dt,0w73? .4oQ h8J BaF0 Mgul;04/H 3wR9 X1</Line>
   <Line>0KN 0gal;Z31w;ymN .0Cb 1Iqd fws4.9z Uhxc2 kAje1</Line>
   <Line>Jantje kreeg van Maarje EUR 13.84,</Line>
   <Line>van Paul kreeg hij EUR 27.23,</Line>
   <Line>in totaal kreeg hij EUR 41.07.</Line>
  </Level>
  <Level>
   <NewCharacters>65</NewCharacters>
   <Line>66 5 6 65 565 66 66 6566</Line>
   <Line>655 566 566 665 66 6 6 565</Line>
   <Line>6565 6 5 5 5666 5666 566</Line>
   <Line>65 65 665 66 6 5 6655 56656</Line>
   <Line>65 6566 5666 5 5666 65</Line>
   <Line>665 ;kc59 86xYt/ ;kx56,fts65 ;kP2v</Line>
   <Line>0x 86 31V 546KGH 5Iq? Lonz/8G0b .Kje2,3wD</Line>
   <Line>Ma6/ i053 zdf,W647ue 2fn? 1Iqj. 5BolZ;5hwR</Line>
   <Line>S5r M9t? CBv,p1y hzx ;jKP6 loTs ZC5a, j49kG</Line>
   <Line>Ma0. M36/ L5nV yZo 45Sg Wir56 97UE;H80 p1 5IQ</Line>
   <Line>86u vp2dt pb5 2Gq hmN;PD5V, 5Xc3j M9a. 67bS?</Line>
   <Line>5rs;M9/ bP57,yZU hEiJG AF0? WV 32Ct 86Y ;akp0</Line>
   <Line>x1 2cv dt,6w73? .4oQ h8J BaF0 Mgul;64/H 3wR9 X5</Line>
   <Line>6KN 6gal;Z35w;ymN .6Cb 5Iqd fws4.9z Uhxc2 kAje1</Line>
   <Line>56.293 plus 23465.56 is 23521.853</Line>
   <Line>De wortel uit 56556 is 237.8150.</Line>
   <Line>Nu alleen nog de tekens boven de cijfers</Line>
  </Level>
 </Levels>
</KTouchLecture>
