<?xml version="1.0" encoding="UTF-8"?>
<KTouchLecture>
 <Title>Slovenian</Title>
 <Comment>written by Jurij Turnšek</Comment>
 <FontSuggestions>Monospace,10,-1,5,50,0,0,0,0,0</FontSuggestions>
 <Levels>
  <Level>
   <NewCharacters>ak</NewCharacters>
   <Line>a kak a a a kaka kak a kak k kak k kak k a</Line>
   <Line>a k k kaka k kaka kaka kaka a kaka kak kaka</Line>
   <Line>kaka a kaka k a k kak k k kak a kak a k a</Line>
   <Line>kak a kak kak a a kaka a k kaka kaka k a kak</Line>
   <Line>kaka kaka kak kaka kaka a a a kak k kak a</Line>
   <Line>k k k kaka kak a a k kak k k kak k kaka kak</Line>
   <Line>a a kak kaka a kak k a k k a kak a kak a k</Line>
   <Line>a kak kaka a a kaka a k kak k kak a kak kak</Line>
   <Line>kaka kaka kak k kak kaka a kaka kaka kak a</Line>
   <Line>a a k kak k kak kak kaka k kaka kaka k kaka</Line>
   <Line>a kaka k kaka a kaka k kaka kaka a k k a k</Line>
   <Line>a kaka kaka k kaka kaka kaka kak a k a kaka</Line>
   <Line>kaka a kaka a kaka a kaka a kaka kaka a k</Line>
   <Line>kaka kaka kak a a kak k k kak k kaka k a kak</Line>
   <Line>a k a k k kaka k a a a a a k a a k kak kaka</Line>
   <Line>a a kaka k kaka k kaka k kak kak kaka kaka</Line>
   <Line>k kaka k k a kak k k kaka kak k a kak kak</Line>
   <Line>a kak kaka kak k a kaka k kak kak kak k kaka</Line>
   <Line>k kaka kak k k k kak kaka k k k kak k kaka</Line>
   <Line>a k k kak k kaka kak a k kaka kaka kak k k</Line>
   <Line>k kak a kak kak kaka a kaka a kak kaka kak</Line>
   <Line>a a a k kaka k kak a a a a kaka a k kak a</Line>
   <Line>a a kak k kaka kak a kak kak a kak kak kaka</Line>
   <Line>k k kaka k kak a k kaka kaka kak kaka kaka</Line>
   <Line>kak kak a a k a a kak kak kak k k kak kaka</Line>
   <Line>kaka kaka k kak kak kak kaka kak a k kak k</Line>
   <Line>a kak kaka a k k kaka k kak a kak kaka kak</Line>
   <Line>k k a kak a kaka kak kaka a a kak kaka a k</Line>
   <Line>kaka kak a k kaka kak a kaka kaka kak kak</Line>
   <Line>k a kaka kaka kaka kak a k kak kaka k k k</Line>
  </Level>
  <Level>
   <NewCharacters>lj</NewCharacters>
   <Line>laja laka lajaj la lajal lakaj laja jaka laja</Line>
   <Line>laja lakaj lak lakaja lajala l lakaj lajal</Line>
   <Line>lakaj lak lajaj laka la laka lak laja lakaja</Line>
   <Line>lajaj lak laja la lajaj lakaj lakaj laja lajala</Line>
   <Line>jak lak jak lakaj laka lajaj lajal lakaj laka</Line>
   <Line>jaka lajala jaka lakaja laka laka lajaj jak</Line>
   <Line>lajaj laja jaka l jak lak jak lajaj laja lakaja</Line>
   <Line>jaka la laja laja jaka laka laka jak lak jak</Line>
   <Line>lajala lakaja lakaja jak lakaj laja jak jaka</Line>
   <Line>lakaja lakaja lajaj lajaj laja la lakaj laka</Line>
   <Line>jak la laja lajaj la lakaj lajala jaka lak</Line>
   <Line>jak la lakaj laka jak la jaka jak l lakaj</Line>
   <Line>l jaka l lajal jaka l lak lak laja laja l</Line>
   <Line>l lajaj la laja laja lak lak lak lajaj laja</Line>
   <Line>lajal lakaj lak la la laja laka laja laja</Line>
   <Line>laja jaka lajala jaka lakaja jak jaka lak</Line>
   <Line>jaka lajala lajal jaka lakaja lak laka laja</Line>
   <Line>lajal lajala laka lakaj laka lakaja jak jaka</Line>
   <Line>lak jaka lajal lajal l lakaja lakaja laja</Line>
   <Line>laja lakaj lakaj laja l jak lajal lajal la</Line>
   <Line>l l la lak laka jaka lakaj lajal l lajal la</Line>
   <Line>l lakaj lajal lak lak la lajaj lak l lajaj</Line>
   <Line>laka jaka jaka laja lakaj lajal laka laja</Line>
   <Line>la lakaj laja la lajala laka lakaj laja laja</Line>
   <Line>jak laja lakaja jaka jaka lakaj lakaja laka</Line>
   <Line>lakaja l laja lak la l lakaj lajal lajal lak</Line>
   <Line>laja l lajala lajaj la laka la jak lajal lajaj</Line>
   <Line>l lajala la laja jak l lakaj lajaj lakaj lakaj</Line>
   <Line>laja lakaj lajala lakaj l lakaja lajala lajala</Line>
   <Line>lajal laja la lajala laja lakaja laka lajal</Line>
  </Level>
  <Level>
   <NewCharacters>sč</NewCharacters>
   <Line>sčsaka slaka čkala saj sklal skakaj skakljala</Line>
   <Line>saka sla čka skaka s skakljala skakač skakaj</Line>
   <Line>čča skaj skala sak čkaj skala skakljala</Line>
   <Line>skal sla skaj čča saj slaka čka slaka sla</Line>
   <Line>skakaj skaja skakljal skakalka sklala čkala</Line>
   <Line>sklala skaja skakljal sak čs skakljal čs</Line>
   <Line>skaklja čkala skaja skakal skaja skakala</Line>
   <Line>sla čs slak skaja čsa skakačjča čkaj</Line>
   <Line>slak skakljaj čs skaka skakaj skakač sala</Line>
   <Line>slaka čča čkaj saka čjča skaj skala skakaččka čkala čča skakljaj čč čč skaja</Line>
   <Line>skala čča slak čč čkala čkala skakljal</Line>
   <Line>skakač sak čkal slak čja čj čsa skaka</Line>
   <Line>skaka skakljala skakljaj skakljaj skakala</Line>
   <Line>slaka skaj čja skakač skaklja skakljal skakaj</Line>
   <Line>skakala čs skakljala skakalka čkala čsa</Line>
   <Line>čkal skakalka čj čč skakal skakala čka</Line>
   <Line>skal skakljaj sklal čsa čka čs skakalka</Line>
   <Line>skal čs skakalka čjča čkala sla skakalka</Line>
   <Line>čka čjča skakal čs čka skakalka s čč</Line>
   <Line>skala skaj skaklja saka čkaj skala skaja</Line>
   <Line>skakalk skakalka salsa sklala čča skakalk</Line>
   <Line>sak skaja skakaččča slak slaka čs skal</Line>
   <Line>skakalk skakljala skakač sala skakačskaklja</Line>
   <Line>skakal slaka saka skakljaj čkaj skakalk skaklja</Line>
   <Line>skakalka skal skal skaj saj čč skakljal</Line>
   <Line>skakljala slak skakalččs skakalk salsa skaja</Line>
   <Line>čkaj skaj slak sala čja sklal čs skakačskal salsa salsa skakalka sla salsa čka čs</Line>
   <Line>čč čja čsa čkaj skakač čkal skakač</Line>
  </Level>
  <Level>
   <NewCharacters>df</NewCharacters>
   <Line>dajal dala dajalka dač dajal fasada fasada</Line>
   <Line>dajalk dač dal faks dajalk dala dalja fasada</Line>
   <Line>daj fasada faksa dajaj dajalk dajaj dala dačdajala dlaka dač dačfasada dajaj dajal dalj</Line>
   <Line>daj dajala dala dalj dal dal dač dajalka</Line>
   <Line>dajal dalj dač dač dajaj falska daj dajalk</Line>
   <Line>dajalk dlak fasad dlak dalj fasada dalja daj</Line>
   <Line>dalj fasada dal faks dlak dlak dlak dajaj</Line>
   <Line>dajal falska dačfasad daj dala faksa faksa</Line>
   <Line>dajaj dajala dajala dajal dalja fasada faks</Line>
   <Line>faksa faksa dajalk daj fasada dajaj dajalk</Line>
   <Line>dajalka dačdajaj dal dala dala dajalk dajalka</Line>
   <Line>da dač fasada daj dajala da dlaka dala faksa</Line>
   <Line>dal daj faks fasad dajalk dal dajalk dala</Line>
   <Line>dalja dalja dlaka faksa dalj faks faksa dlaka</Line>
   <Line>dajalka dajaj dajalk dala fasad dajala dala</Line>
   <Line>dajala dalja dlaka fasad dalja falska falska</Line>
   <Line>dal daj da dlaka dajaj dajalk dlak fasad daj</Line>
   <Line>dala dač dlak fasada fasad fasada dalj da</Line>
   <Line>fasada daj dajalk dal dalja dlak faksa dlaka</Line>
   <Line>faks da da falska dajalka falska daj daj dajalka</Line>
   <Line>fasad dajalk dajala dač dalj falska faksa</Line>
   <Line>fasad faksa dalj dal dajal dajala dal dala</Line>
   <Line>falska da faksa dlak dlak dačdačfasada dačdaj dajalk dačdačfalska dal da dlaka dajalka</Line>
   <Line>dajalk dajaj dalj dajaj faks dajalka faks</Line>
   <Line>dlak daj dajaj dajal dala da dalj dalj fasad</Line>
   <Line>dajalka da dlak dačfalska dajaj dal dajaj</Line>
   <Line>dajalk faks dlak dajalka dala daj dajalka</Line>
   <Line>daj dajalk dalj fasada dačdala daj dajaj</Line>
  </Level>
  <Level>
   <NewCharacters>ie</NewCharacters>
   <Line>ideale edafski ideje idilike idiliki iskala</Line>
   <Line>ideja ideale iskala ideja esej iskali idil</Line>
   <Line>edafske edafska idilike idile esej idila idile</Line>
   <Line>idili ideali iskali ideali eseja iskalki idila</Line>
   <Line>idili eseja ideali ideal idilike eseji eseje</Line>
   <Line>iskala ideji edafske iskalk iskalk idila edafske</Line>
   <Line>idilike iskalki edafski iskale edafska iskali</Line>
   <Line>iskal edafski iskalki edafski eseje ideali</Line>
   <Line>ideali idilike idilike ideale ideal ideja</Line>
   <Line>idilike iskale eseje idilik iskalka iskala</Line>
   <Line>idil ideal idila idilika edafska idilika iskala</Line>
   <Line>iskala iskaje ideala ideal ideali idej idila</Line>
   <Line>idila idej ideji iskali ideali iskalk idila</Line>
   <Line>eseje ideja ideale ideala idiliki idil iskalk</Line>
   <Line>ideala iskalke ideji ideali esej iskale ideji</Line>
   <Line>edafski eseja idilike idili iskalki ideje</Line>
   <Line>idilik ideali ideji edafski edafske iskal</Line>
   <Line>esej ideale iskaje idilike edafska iskalke</Line>
   <Line>idiliki eseje idili edafska eseji idil ideji</Line>
   <Line>eseje eseje iskaje idila edafski iskalka ideji</Line>
   <Line>ideja iskalk iskali ideja edafski ideja iskali</Line>
   <Line>esej idej ideale eseja esej idiliki iskalki</Line>
   <Line>edafski iskaje iskalke idilika iskalke idila</Line>
   <Line>idilik eseja ideala idilika iskale iskalk</Line>
   <Line>ideala iskalka iskala eseji ideja iskalk idej</Line>
   <Line>idilike edafska edafski idiliki ideala iskalke</Line>
   <Line>iskalka edafski iskal idej idilika iskal edafski</Line>
   <Line>ideala ideji iskale idili iskala ideal iskaje</Line>
   <Line>iskalke edafske eseje idile eseje ideje ideje</Line>
   <Line>iskali eseja edafski iskali idil iskalk ideali</Line>
  </Level>
  <Level>
   <NewCharacters>no</NewCharacters>
   <Line>nesklenjeni nečdno neokisan noslja nakisa</Line>
   <Line>neodločo nedosojen nenadejani oklenjeno odisejadi</Line>
   <Line>naklonin odsesan načlniki naslajaje odklanjajočnače osenčn olječ neonska olika nadejale</Line>
   <Line>oslični naklonsko nadse oksidna nakisa odklanjanje</Line>
   <Line>oksida nedeljnika nedeljničn nasedal naslonjeno</Line>
   <Line>načkane naslikala nenadejan neodločična</Line>
   <Line>odločni nasilnična ničn nadejalo naseljenko</Line>
   <Line>naslad njeno nenačlnična ničnje osončnja</Line>
   <Line>nadelale oklenjen noseč naslednji nedoslednična</Line>
   <Line>odskakljal oddelka osenčno naslajaj osini</Line>
   <Line>oljčiki nosač načnja olesenel načna neonkina</Line>
   <Line>naličana odnesi okoličnki okenči nedeljeni</Line>
   <Line>odejo nečkinjin naččajo oljili oskalek</Line>
   <Line>naslednika načnjajoč noska osonča neodločične</Line>
   <Line>nalijejo neolikank nanos oslinjeni ničli</Line>
   <Line>ojekleni nenadni ondi nadela neonkine okajen</Line>
   <Line>niča nasekala naslada onečdena neonka neidili�n</Line>
   <Line>nasičnje načne odskočle načkana osedlalo</Line>
   <Line>naslonijo okenča naslonilo okisalo odnosni</Line>
   <Line>naseljenkina odločla nasilnik nedojena nenaklonjeni</Line>
   <Line>najdlje oda onikajočodsekane oklenila nenadejana</Line>
   <Line>olikankine osonča nadejanj odselijo osoljeni</Line>
   <Line>načlnika oljni oddajani osa odseka nenačlničn</Line>
   <Line>nakali nasedajoč nanesli najdenin odselijo</Line>
   <Line>nissani ose naslonilo oljčiki nasekali naličale</Line>
   <Line>naličanje olikankini nasoljeno naslonjač</Line>
   <Line>oslinjene odločli oljčo nače najdenino</Line>
   <Line>naselila nekončna naslanjačodločlno nadanjska</Line>
   <Line>nenaseljena nedoločni neidiliči naslonjena</Line>
  </Level>
  <Level>
   <NewCharacters>rm</NewCharacters>
   <Line>mlačimi rokokojskem maksimirani račnskimi</Line>
   <Line>rodenske mečač rafal malijske medijem rokerskem</Line>
   <Line>misijo rdečnj rdečlaskami manekenkinima</Line>
   <Line>rodeč riodejaneirskim redil rafiji mamoljske</Line>
   <Line>reklamiranem mjanmarska milijonarja menjalkin</Line>
   <Line>markirajoč medičjskima mročmirjanskimi</Line>
   <Line>marmeladama mormonki menija rečnskem resama</Line>
   <Line>mičeno resničim misli realka radičm mlaskajoč</Line>
   <Line>milijardnem reformirajoč milečma mesečem</Line>
   <Line>radiji marinke mladinkinim reliefnimi mlaki</Line>
   <Line>malokorinjska milarnami modelni mlačnsko</Line>
   <Line>mladikami ranč mandolinam mesojed mlinarje</Line>
   <Line>mansardnima refrenskim mesarka močril mamk</Line>
   <Line>maksimalen mirenskem reinkarnirajočmi majskima</Line>
   <Line>rejska maločsa reklo molčnji rolkajočma</Line>
   <Line>milosrčim risarjema morali mesareč močjanskem</Line>
   <Line>miljena morilske mladij mekinjskima radirankami</Line>
   <Line>rejnika modom mornarko markiranem reklamami</Line>
   <Line>mleča rijočmeliranimi molčč milarna misijonarka</Line>
   <Line>menim manekene modemske mamilo merilkinima</Line>
   <Line>rimačo makedonskimi medanskimi melodramskima</Line>
   <Line>rosečmedijskima mladi radiofonske rimarkinem</Line>
   <Line>marinado marsikje medičrkine mornarski ročik</Line>
   <Line>momljaje risanje mamečm roja medaljerko manjkanjema</Line>
   <Line>mariniranji menijskim rolkar mlaskanje mirilo</Line>
   <Line>rokerskim med mleča romskimi rojski rolke</Line>
   <Line>moljene rima mokrečm momljanjema reden mikanj</Line>
   <Line>rolkarkinem rolkark mikenske molččičnem</Line>
   <Line>mrke račeselskem rafinirajočma mačone račnskem</Line>
   <Line>maserja mjanmarske meridianoma milj marmeladam</Line>
  </Level>
  <Level>
   <NewCharacters>vt</NewCharacters>
   <Line>vročjoč taoiste tridesetkratna vasovalčvimi</Line>
   <Line>tekmična vsrčva trinajstinami vskočm talarji</Line>
   <Line>vrstičikom volovima vijva trnkarim velikankinimi</Line>
   <Line>tirnem vsrkata valovile vrelno vlivajočmi</Line>
   <Line>vrvičstim telefoniral trosovko valoven tonalni</Line>
   <Line>tinjskem vtisnila tokave vokala tetoviranjem</Line>
   <Line>vatnima tekmovalnima teoreme vnetljivostim</Line>
   <Line>valovjema točj vodniki veterankinimi teistov</Line>
   <Line>tesnostjo velikoračnska veličstnost teorija</Line>
   <Line>vtka voličnsko vetrič vsiljenkine vodovarstven</Line>
   <Line>tokratnimi testoma vodičtriinsedemdesetero</Line>
   <Line>terjalke vedrijanske tlakoma točjkine vlekama</Line>
   <Line>taki vsiljenkinima termometre totalitarnostjo</Line>
   <Line>ventilirajočtrojččne valdorfski volarjev</Line>
   <Line>tajati triindevetdesetmeseča treskajočmi</Line>
   <Line>vodarja vodarnami videofon tleskajočm vretenske</Line>
   <Line>veveričake vsevednična triinosemdesetmestna</Line>
   <Line>traktorskim tovorjeni tendenčost trkate trkljaj</Line>
   <Line>vrvičstima tonikama večetnem tisočelnimi</Line>
   <Line>vodarnam tekočostjo vsekanima terminala violinistkinim</Line>
   <Line>vstavitvena vtikajoč trame tlesknete vsrkalo</Line>
   <Line>vlamljale vijoličem tvrdkama triindevetdesetdelnem</Line>
   <Line>točlčvimi veliki točt tleskam veleslalomistkinim</Line>
   <Line>trn trdnino vojvoda veseli vratolomnostjo</Line>
   <Line>trkljajte vrtino triinsedemdeseto tresljavi</Line>
   <Line>triinsedemdesetkilometrsko viničrkinim vlivnima</Line>
   <Line>telečjakom valite vijač tridnevne triindvajseternosti</Line>
   <Line>tlorisno travna valjenj tesneč testirančv</Line>
   <Line>tvida vdeli verovanjema triodstotnimi testirančvo</Line>
   <Line>tiral tesanj tajat vdajmo vaflje vročnske</Line>
  </Level>
  <Level>
   <NewCharacters>pu</NewCharacters>
   <Line>posredničnima preklapljajoč pasne pokarali</Line>
   <Line>protju usmerjena preiskovankama prekrokam</Line>
   <Line>predsinočja počte podajalnimi priprte upokojujeta</Line>
   <Line>pletle praslovanskemu poostrovanji petnajsterna</Line>
   <Line>podpirančva udejanjim pitna plutokratk poredničnim</Line>
   <Line>premočemu upepelil postojnskem patentirale</Line>
   <Line>potilnemu protipravnostim periodikami prestopkov</Line>
   <Line>prometnično poplesati poustvarila priključnem</Line>
   <Line>preluknjajte poljskim pajčlanastem peklenske</Line>
   <Line>prenavljalo pretovarjanja utečnosti poslikavajočmi</Line>
   <Line>postavka udenskem polomu priuč planinski</Line>
   <Line>pelji palčikov premlatita predeljeno prevedenim</Line>
   <Line>pritavata plapolali pritepenčvim polnjenima</Line>
   <Line>polfinalistkinem prekrvavljenostmi utelesilo</Line>
   <Line>pianom upijanjeni petdesetkratniki uvajalni</Line>
   <Line>prisodili prestolonaslednični poudariti petelinjenjem</Line>
   <Line>pireji plodovitemu utekočnjenemu prepisu</Line>
   <Line>ustavljat plovečmi podarjena prekrvavljenima</Line>
   <Line>privatnostim porumenelostma preskusita posvojiteljeva</Line>
   <Line>uvajali potujčnostjo usklajevala padavinskem</Line>
   <Line>prilastil plačvaje petodstotnima presadite</Line>
   <Line>pomorijo prijetnost uniformami prikrijete</Line>
   <Line>posvečvalčvima platinaste puljska pasivnostmi</Line>
   <Line>ustoličjočmu pretlačm parodiranju plačnkami</Line>
   <Line>pripona utrtemu plečta pomenskosti utore</Line>
   <Line>preiskovati petinosemdesetnadstropnem polprofesionalnemu</Line>
   <Line>prepeličami prijavljenčvima prikolovratili</Line>
   <Line>petinosemdeseternim prijateljeval pekliti</Line>
   <Line>pouličo uničvalo privlačvanjem poveljujejo</Line>
   <Line>prostornim psalmistovem ukrojijo posute podprvakom</Line>
  </Level>
  <Level>
   <NewCharacters>zg</NewCharacters>
   <Line>zvončljate zapravljajoč gaza zakrivim zidani</Line>
   <Line>grizljanju zatezale zmajalo gomoljnat zagospodarjenima</Line>
   <Line>godemarskima zaletavanjema zalijta geometriziranemu</Line>
   <Line>zelenima zemljankine zadevale giljotiniranem</Line>
   <Line>znalkinemu zamorčovima začla geometrizirajočmi</Line>
   <Line>zgodovinarkini grlne zadovoljitvami zadelale</Line>
   <Line>graviraj gostoti golenma goskam geodeta zavijalna</Line>
   <Line>zamejevalo zaupljiva zastavljenega zastarevajočzlatilo zapazit gledljivi zaustavljivemu zataljene</Line>
   <Line>zaslepljenima zvečnima zdrgniti grizonovimi</Line>
   <Line>zlodejke zveden zazankaj geometriče zaročnčv</Line>
   <Line>gorati zmije zazimljenima gospodovat zverjadjo</Line>
   <Line>zgrinjam zastavama gneteta zgarajta zamomljat</Line>
   <Line>grome zasegajta zapakirajte gojevska zgodni</Line>
   <Line>zamorimo zaslonite zazvenčva gardnimi zaprosilom</Line>
   <Line>galaksij geometrinjinimi zapečnosti grafikovega</Line>
   <Line>generalpolkovnike zvitorepkine zalivana zarezanega</Line>
   <Line>zaročti zjed zasanjajva gostilničrskem gametofita</Line>
   <Line>glasnostjo zapenjanju gozdarstvom gomilnega</Line>
   <Line>zavetrnem zvrta gostotam gojevskemu zaspančvega</Line>
   <Line>generalporočičnega zmernostmi zoperstavljenim</Line>
   <Line>zaječva zapenjajočmu zgornjepartinjskemu</Line>
   <Line>zoonozami zjezi gornjeustničn zavarovančvimi</Line>
   <Line>goliti zavlačval zamrznejo zvenet zaplata</Line>
   <Line>zakostenelostjo genetskima zmazanim galanterijskega</Line>
   <Line>zaostritvama zalikane zadovoljenja gručstimi</Line>
   <Line>zmotile gramoma galanteristkinem zgrizena</Line>
   <Line>gazelje zaiskrimo zapisni zmletka zvezdoslovčvem</Line>
   <Line>zvončljajte zapisničrkama zavidljiv geodetovima</Line>
   <Line>zloslutnem zaupna gladilkin zaposlujeva galunova</Line>
  </Level>
  <Level>
   <NewCharacters>šh</NewCharacters>
   <Line>ščetarjevimi šansonjerjema šesttedenskemu</Line>
   <Line>šoferkah šestindevetdesetdnevnima hrzajoča</Line>
   <Line>škodovanja štiriinsedemdesetih štiriinsedemdesetminutnega</Line>
   <Line>štiriindvajsetmesečnih havanka špaget štiriindevetdesetminutnemu</Line>
   <Line>šipon hlastnost šarlatanovo šepavčevima škrlatni</Line>
   <Line>štangarskopoljanskima hermelinastemu šestnajstdelnemu</Line>
   <Line>hleviške šepetamo šifriranim hipnotiziralo</Line>
   <Line>hmeljarjevima šestnajstnadstropne hemoragičnega</Line>
   <Line>hidroenergiji ščitenj hipokrizijo hamitov</Line>
   <Line>šestdesetdelnim hišniška hikori šoferkinega</Line>
   <Line>šefovega štiriinsedemdesetodstotni hranilnikoma</Line>
   <Line>šestinpetdesetinam ščurkova šifriraj šolniški</Line>
   <Line>štiriinsedemdesetkraten hmeljarjevi šrafirala</Line>
   <Line>štiriintridesetnadstropnimi štirikratnimi</Line>
   <Line>štiriperesno homogenizirajoče hamitkin šinejo</Line>
   <Line>hudejskim štiriindvajsetleten štiriindevetdesetdelna</Line>
   <Line>herkulskim štiriindvajsetodstotnimi štiriinšestdeseturni</Line>
   <Line>šivata šestkratnikih štiriindvajsetkrat hrušovsko</Line>
   <Line>hoduljam hlapčevimi hidre škarpnim honorarnega</Line>
   <Line>šalamensko šestnajstdelnemu širokopotezno</Line>
   <Line>šahist šmarškemu šahiral harmonikast šestinšestdesetini</Line>
   <Line>šeststoternem homeostazama humanistična štiriinšestdesettedenski</Line>
   <Line>štiriodstotne hupal hegeljanka štokavčevi</Line>
   <Line>švedskem hedonistovem šeststomesečni hlapilnost</Line>
   <Line>štefanskim hotelirkinemu šejkati ščetkarskega</Line>
   <Line>štokavčevo štiriinšestdesetemu šikolskih šestindevetdesetnadstropni</Line>
   <Line>herojstvoma šestinpetdesetčlanske šestdesetmestnim</Line>
   <Line>hišami histeričnim humanost hmeljnemu špekuliraš</Line>
   <Line>hlepimo hlinjen hotečih štiriinsedemdeseturnim</Line>
   <Line>špilje šotaste štirikapno štipendistkinem</Line>
  </Level>
  <Level>
   <NewCharacters>bc</NewCharacters>
   <Line>basovska cizama copatkama banovinah cunjastemu</Line>
   <Line>boksite baronetovima benzenov biserovinastega</Line>
   <Line>bledicah banditovemu bedakinje balzamirana</Line>
   <Line>brigadirstvu barokizirali capljanju blatnovrških</Line>
   <Line>bojevnikovi brzojavnima bogatinska bagdadskim</Line>
   <Line>brbljačevih blagajničarkinih britij bojevničinima</Line>
   <Line>cepali biljanskih bolzanskem balearskem bifeji</Line>
   <Line>bibliografinjini bibličnega cikavskega bednikovim</Line>
   <Line>bistroglavost bahaškimi brezupe brestom bolehanju</Line>
   <Line>banovskih bolzanskima buhtečem bordojska bakroreze</Line>
   <Line>bakrastih blazinil bigamistu brstečem buškasti</Line>
   <Line>binarnem capinovemu bednostim bogaboječnemu</Line>
   <Line>burkajta cepita bencin brezsnovnemu bojujočimi</Line>
   <Line>brejostjo bazirani chemniško cipresasta brlečima</Line>
   <Line>comske balinišče blagovolit begunovim brazdalnikov</Line>
   <Line>baltidkin cilindrskimi briljantnem beneficirale</Line>
   <Line>cunkovska bobnarkine brezgotovinskimi bobničen</Line>
   <Line>brusečimi begunjskemu balerinini bilijone</Line>
   <Line>cerkovnikovi cefedranim bezajoče centrifugirano</Line>
   <Line>barabonova brenčanje brdskemu cvetoberoma</Line>
   <Line>bosonogih bubonskih cibetovkinih brdavse belkastem</Line>
   <Line>cerkniških bikastega bedakinji beneficirano</Line>
   <Line>bradavičke barvasti bleskih brdanskega civilizirankinima</Line>
   <Line>barvitostma cezijeve barantačevim brezrazredne</Line>
   <Line>borišči bršljankah cikličnosti brezkrajnemu</Line>
   <Line>cirilskimi basovskega blatnobrezoviškimi brenkajoči</Line>
   <Line>begunčeve bergamskima budganjskega brisanje</Line>
   <Line>cedilke bančno brindisijsko celotnostim bičale</Line>
   <Line>bodočih cvetočimi bistroje belilih bedru brezskrben</Line>
   <Line>blazinilo boljševik bitumnu buharsko centralistično</Line>
  </Level>
  <Level>
   <NewCharacters>ž</NewCharacters>
   <Line>žrebčevi žigosali žarit živečem žogobrčeva</Line>
   <Line>žgečkljivimi žaloigram žafranastega žužkovega</Line>
   <Line>žarkejšim železničarkini žvabskim životarita</Line>
   <Line>žagastih žaltavima žuželkinega žličnika žrebčeva</Line>
   <Line>žaboustim železarniškima žgočega žgočimi žgana</Line>
   <Line>žice želvovinastimi žvečilo žarkovjih žalovanje</Line>
   <Line>žvrgoli županjinima žveplaste žebranje žagajočo</Line>
   <Line>žrebal žičničarjih žičničarko žvižganjem žilasta</Line>
   <Line>žlahtnejši žaljena želodoma žamet živopisna</Line>
   <Line>željnostma žličarjevo žetvam želimeljskim</Line>
   <Line>žvižgam žulili živcema žabčeve žlahtnejšem</Line>
   <Line>žvenketajočim žejnim žirovske žlebeči žrebčarnah</Line>
   <Line>žepasti železnima žigonski žel žrtvujočega</Line>
   <Line>žepovsko žlebičenji žirantkinih županovanjih</Line>
   <Line>žebljicam žvenketanj železa žlobudrala žarkostjo</Line>
   <Line>žrete žilicam žrtvuj žlebičim žarometov ženičkam</Line>
   <Line>žagajoč živahnim žanjemo žalovalčevi žvečene</Line>
   <Line>žveplast žličarjevemu žaloviška žvižgam željnemu</Line>
   <Line>žagarskimi žadovinski železnica ženskini žagaričine</Line>
   <Line>živilskega žejnski žubinskemu živalcam žganica</Line>
   <Line>železnati žebrajte žerke žažarskem železokrivkama</Line>
   <Line>župnijama ženščini žuniško žargonskima žalujoče</Line>
   <Line>živalskostjo žargonskem žandarskemu železničarkinih</Line>
   <Line>žonglerka žafranovega živinozdravnikovega</Line>
   <Line>žolčevodih žrebet žagico žalovalcev žerovinski</Line>
   <Line>žandarjih živela želeča žandarske žalskega</Line>
   <Line>žebljarjema žaginemu žvepleni žvižgavkina</Line>
   <Line>žabjega žvižgačevih žaltavost žemljica žvenkljajočemu</Line>
   <Line>žirovniško žužkoslovčevih živžavov žiškimi</Line>
   <Line>živorojene žeparstva žargonsko živinčet žagicam</Line>
  </Level>
  <Level>
   <NewCharacters>AKLJ</NewCharacters>
   <Line>Libenčanovima Kambrežanovem Kremberka Ladislavoma</Line>
   <Line>Lešničanko Klančarjev Kordič Kastiljkah Liechtensteinčev</Line>
   <Line>Liberžanovimi Janževce Koblarjema Kaunaščan</Line>
   <Line>Klenovčana Kuretenčankina Lombardovem Ješenca</Line>
   <Line>Kostanjevčanovem Karlovčevima Kompolčanih</Line>
   <Line>Ambrožiče Krnicah Klemšetu Avstralčeva Javornikovim</Line>
   <Line>Jerančičevega Arafatom Laborčevih Ladihove</Line>
   <Line>Jung Jagodčankami Lisjačank Katovičana Ljubičevima</Line>
   <Line>Krncem Antončičevega Avberkina Karlovcema</Line>
   <Line>Jevničankinih Jevškovemu Jesenškovem Krkavčanko</Line>
   <Line>Krečevem Jeralovemu Jagodčank Konjščankini</Line>
   <Line>Kongovki Antonovimi Kvasičanko Konstantinopelčankah</Line>
   <Line>Jarmovčanove Leidenčankina Jarovega Klemše</Line>
   <Line>Andromedo Liburnkinim Jugovič Lukanjčankinih</Line>
   <Line>Levarte Križmančičevima Kanižaričanke Kološema</Line>
   <Line>Kurentu Lanišanke Lutmanovem Katiče Jerčinčankinemu</Line>
   <Line>Kračalcu Lisjačanom Ližankami Kazančanoma</Line>
   <Line>Krošlinovim Kosmatin Lebanu Jamenčankinega</Line>
   <Line>Kumljančevima Jobstova Alenkinima Andričevima</Line>
   <Line>Avignončanovemu Krnca Juvančičevo Kovkovčanovo</Line>
   <Line>Koncilijama Leilerje Ličenčanova Koritničanki</Line>
   <Line>Kmeclova Kropivškovem Leningrajčanovega Kolenikovima</Line>
   <Line>Korvovima Kaunaščanko Južnoafričanke Jermoli</Line>
   <Line>Lapork Lancovljan Johani Arizonce Kalčiči</Line>
   <Line>Kopiničevim Leverkusenčanovim Adergaščanove</Line>
   <Line>Lazenčanovima Ložinčanko Kančevčankine Kolovratu</Line>
   <Line>Knafličema Kog Anitini Karlininem Lušečankinega</Line>
   <Line>Jerihe Janovim Jobi Kurinčič Kennethovem Kranjičino</Line>
   <Line>Lambergerjih Jeremijami Juanovem Kogojeve</Line>
   <Line>Letonjeve Juršinčankinem Jevščanovim Karlsruhejem</Line>
  </Level>
  <Level>
   <NewCharacters>SČDF</NewCharacters>
   <Line>Doljanovih Čebularjevih Sežančanova Dachaučanovimi</Line>
   <Line>Drežničankinega Stavropolčankine Slivljanko</Line>
   <Line>Dolčanovima Drganjčevo Skubičevemu Salmičem</Line>
   <Line>Stephensonovi Sadnikov Sandiegovčanovemu Dobjevaščankinega</Line>
   <Line>Santorinčan Formčankami Sebančevemu Suholežniku</Line>
   <Line>Čufarjev Drčanovih Starogorčev Češkoslovaškega</Line>
   <Line>Domžalčankinim Čepovana Sevastopol Čelešnikom</Line>
   <Line>Senadolcev Slančanoma Sovjačanovima Faletiče</Line>
   <Line>Slovenjgradčankina Simplonom Čehovinkami Dednodolčankinem</Line>
   <Line>Davida Darjanovim Studeničankami Simonin Strelačan</Line>
   <Line>Smeltov Fabjančičema Fabianovega Danijelini</Line>
   <Line>Sevillčank Stolničanova Dobravcema Senjurjema</Line>
   <Line>Sredenjčanih Soldatovega Debeljakoma Soro</Line>
   <Line>Slapljanki Studorkina Duškova Stojanovem Davošanka</Line>
   <Line>Skorišnjačanka Črnivčan Saksidov Saturnusovo</Line>
   <Line>Slavinjkama Savinčanoma Čilpašanov Selčanov</Line>
   <Line>Draženkam Strojevemu Skaručanove Skvarčema</Line>
   <Line>Stanoviščankinega Dobriševljankami Frolehčankinim</Line>
   <Line>Dušankinimi Dobrčani Čretnikovemu Savlovo</Line>
   <Line>Doropoljčanom Skoberneti Samotoričane Staroseljanovimi</Line>
   <Line>Črneškogorčankinim Dobrčankinima Dolgonjivčanovim</Line>
   <Line>Slokarjem Slovanu Stenmarkom Sobračankina</Line>
   <Line>Strjančankinimi Sodišinčankinimi Siniševe</Line>
   <Line>Svinjskem Sodišinčanu Slamnjačankinemu Dobravčeve</Line>
   <Line>Sredozemk Sepeta Samsonovem Džakartčanovemu</Line>
   <Line>Feničankam Dolžankinem Srednjevaščankama Dolgoračanki</Line>
   <Line>Dvorjanov Dekančanovo Starogorčankinih Fortič</Line>
   <Line>Dvorjančanka Starogorčanovim Sofijinemu Svetolucijcema</Line>
   <Line>Skvarčevima Džidčanovem Črnovaščankinega Doberdobčankinega</Line>
   <Line>Deisingerjevega Drenjkinemu Slome Dobami Dolgovaškogoričankinim</Line>
  </Level>
  <Level>
   <NewCharacters>IENO</NewCharacters>
   <Line>Natlačene Inkretov Oskarjeva Opatjeselcem</Line>
   <Line>Eliasih Impolovim Osovnikarjevega Indiankina</Line>
   <Line>Ekarjeve Očeslavčanovem Ivškova Orešičevih</Line>
   <Line>Olujičevim Izlakarji Osetijkah Oliverina Oplove</Line>
   <Line>Osredčanih Erevančanov Nikaragovkina Njiverčanova</Line>
   <Line>Očeslavčanovemu Ozeljankah Nebelčevi Izolčankini</Line>
   <Line>Nobelovo Okrogličankinima Nadleščankinima</Line>
   <Line>Islandcema Natalkini Oskoršanko Osoletove</Line>
   <Line>Novolazenčevih Interpolovimi Imenj Nimnemu</Line>
   <Line>Novokotarki Nedeljkovih Novogoričanovimi Evgenijevi</Line>
   <Line>Epikurjem Otovčankini Obrščane Obločanovi</Line>
   <Line>Obsoteljčank Iskrini Ivančanka Ivovima Iren</Line>
   <Line>Orožna Njiverčankami Osredkarkinem Erzeljcev</Line>
   <Line>Nikino Istrabenzovega Ivanjševčanovimi Izgorčankinima</Line>
   <Line>Intiharje Ivičevem Otaležčeve Orehovčankinim</Line>
   <Line>Novgorodom Obrnikarkama Omoti Obrežja Ošljankami</Line>
   <Line>Nagličevo Ivančanovimi Nedovičem Novgorodčane</Line>
   <Line>Edgarjevih Indiankah Nadlerjevim Oklahomce</Line>
   <Line>Ohnjecem Osimčanih Ovsenikovi Ojnikova Ivanjegrajcev</Line>
   <Line>Neapeljčankina Evklidov Ojstrčanovega Omanom</Line>
   <Line>Otočankah Obrnikarkin Ojdaničih Elijami Oplotničanke</Line>
   <Line>Osojničank Omarjevih Novincih Osolničanki</Line>
   <Line>Novosušičanovo Ostojičev Obrovnikov Ihanke</Line>
   <Line>Elesovo Elijo Oparove Eritrejcema Nemčavčankina</Line>
   <Line>Efežanke Novičeve Nepalkinih Nadleščanovega</Line>
   <Line>Izlačanova Osimčankami Nickova Ožbaltčani</Line>
   <Line>Ornika Noričankino Elsnerjeva Ivančanke Itačank</Line>
   <Line>Illinoisa Osmanih Naksošankinimi Imljančankinim</Line>
   <Line>Normandijčevih Esade Osrečkiju Niževčan Neslovencih</Line>
   <Line>Orličankini Ornužane Igorjevo Niževčanovo</Line>
  </Level>
  <Level>
   <NewCharacters>RMVT</NewCharacters>
   <Line>Mogadišankah Teherančevim Veleščankinem Vučakov</Line>
   <Line>Majeričevem Radančankinim Maksimilijanove</Line>
   <Line>Vrhah Tomislavovem Vratičem Vrbenčanki Rifničanovim</Line>
   <Line>Malečničanove Tonetovo Vodrančanovem Medvodčankama</Line>
   <Line>Transvaalčankinem Rajnkovljanih Rajšpovih</Line>
   <Line>Mohorku Velikokamenčanovih Radoslavci Vač</Line>
   <Line>Tomačevčevih Repič Roboma Mercatorjevem Vidošičana</Line>
   <Line>Tassoma Mantovčanov Marezižanu Tarentčankina</Line>
   <Line>Viševljane Rafolčanovo Tverčanovimi Valburžankini</Line>
   <Line>Majevimi Rižanki Vosperniku Milovanovičeve</Line>
   <Line>Tisovčanih Malezijčevimi Riglerjeve Magrebčanovemu</Line>
   <Line>Tanjini Melanijam Modrijani Martanovi Možjančanovimi</Line>
   <Line>Rostovom Matetovo Mohorjevimi Medinčankam</Line>
   <Line>Matička Remšetovem Taborčev Vitnovaščane Matenjčevo</Line>
   <Line>Tolmincih Radegundčani Trimlinčankina Voronežankinima</Line>
   <Line>Vnajnarčevi Marmont Vanih Rudeževa Malolaščanovega</Line>
   <Line>Malezijčeve Matejina Robinsonovemu Vrščev</Line>
   <Line>Makovčevi Tolčanah Toliče Topljankinem Tomišljanove</Line>
   <Line>Rochestrčanih Moravčanovi Magdeburgu Vrbovčanovo</Line>
   <Line>Rodoškove Varaždince Rakovkami Verbincem Milovanovič</Line>
   <Line>Veračankinih Rebercem Majnikovo Richterjevih</Line>
   <Line>Vrhenčanke Vitovimi Vakslje Vuzmetinčankinima</Line>
   <Line>Mojstrančanom Ravljank Timurlenkoma Vodenovčanovima</Line>
   <Line>Vanov Razborčanom Vrenkove Vešeničan Tartujčanke</Line>
   <Line>Tekalčevi Vukovskodolčanom Metavčankah Reaganovo</Line>
   <Line>Titovšek Venišanko Magajnove Verzelu Rinčetovograbčankina</Line>
   <Line>Modrov Volaveljčankinimi Volčjedražankama</Line>
   <Line>Tuta Verhovniki Toskanci Riedla Venigerjevem</Line>
   <Line>Rossiniji Malaji Tanjugov Malokorinjčankam</Line>
   <Line>Vinjanovemu Vukičevo Maležiča Volaji Viničanu</Line>
  </Level>
  <Level>
   <NewCharacters>PUZG</NewCharacters>
   <Line>Petrino Gambergerjema Plotovimi Zofijinih</Line>
   <Line>Passaučanovo Pahovnikih Zelšanovi Ulmu Grdadolniki</Line>
   <Line>Gomilčanih Gatincem Poljčankah Gozdečankam</Line>
   <Line>Paragvajčev Perovškovima Prešanki Zaklenčeve</Line>
   <Line>Zabričeve Pišečankin Plužno Grahovčanova Pinochetova</Line>
   <Line>Puharjevem Poznanovčankinimi Pamečanova Zadražanovega</Line>
   <Line>Gerečank Pahovljanu Piletičevimi Partizanskovrhovčeva</Line>
   <Line>Ponovičanovi Polomčanovi Puščavčana Gorenjakovemu</Line>
   <Line>Pivolčankini Zalobrežankah Gržiničevima Pustopoljk</Line>
   <Line>Puharjev Polžanov Pudobčeve Glišičeva Zoričih</Line>
   <Line>Gostečanov Parižljanovo Potočnikovimi Pesničanovi</Line>
   <Line>Grabarjevim Pjongjang Gruzincem Prebačevo</Line>
   <Line>Zmagoslavini Golobinkom Polenšanki Placerovčankinemu</Line>
   <Line>Pavliničevega Zabukovljana Pescarčanke Uršinimi</Line>
   <Line>Zavrčankah Golovrharkina Galilejčevih Gezi</Line>
   <Line>Zupančičevega Precetinčanka Zavinkom Podkloštrjankinemu</Line>
   <Line>Puciharjeva Paoloma Grandičevima Zapotočankinima</Line>
   <Line>Gmajne Pekelčankinimi Pijavičanovim Goreljčanka</Line>
   <Line>Zenkovščane Uncu Peterkovih Znojilškovo Zasipljanovega</Line>
   <Line>Gerlancema Presladolčanu Pijavčanovega Peklenikovi</Line>
   <Line>Poljčevi Podpreščanova Geigerje Protegi Gočankini</Line>
   <Line>Porabec Zdolčankin Pirševke Grinjankinih Prihovčevi</Line>
   <Line>Gmajnčankini Goričance Grosupeljčanov Zrkovčane</Line>
   <Line>Gočovčanki Grmoveljčanki Gavranov Potokarjevemu</Line>
   <Line>Piletiču Grešakove Premčevih Petrovčanka Puljčankine</Line>
   <Line>Plesu Podgornikove Globočičank Podčetrtčankinemu</Line>
   <Line>Plohlovih Udirjih Glihovimi Zapužanovemu Genovčanova</Line>
   <Line>Zalarjeve Pohorec Pečauerjevim Gagerne Principovemu</Line>
   <Line>Zaragožankinim Pradčankah Gorenci Premkovi</Line>
   <Line>Podpečankama Gavčankine Zapoge Prilepčankin</Line>
  </Level>
  <Level>
   <NewCharacters>HBC</NewCharacters>
   <Line>Hramšanoma Borčičema Bodončankine Brindisijčanovem</Line>
   <Line>Špendala Harijki Šekovo Bulčeva Heferletoma</Line>
   <Line>Bravničarjevemu Štraklova Celestinam Brdovčevi</Line>
   <Line>Bloudkovem Homčankinega Helenovima Cenčičevima</Line>
   <Line>Bregarkinega Buzetčanovega Božinima Hanžka</Line>
   <Line>Cerkljanih Hrovatov Brežnikom Caracaščankini</Line>
   <Line>Špitalkami Begičevim Buzetčankin Borovčanka</Line>
   <Line>Škriljana Brozovičevima Šentruperčankine Helsinčanka</Line>
   <Line>Belgijkinega Šterkovo Caravaggii Bogoljubovim</Line>
   <Line>Hudojamčanovemu Šelige Bukovščanovega Hrpeljkini</Line>
   <Line>Bačani Bervarjem Hajfčankinem Clevelandčankinimi</Line>
   <Line>Švarci Handanovičevega Škerlakoma Štrusovima</Line>
   <Line>Cubrčanoma Šetincev Canberrčanovo Špičničankami</Line>
   <Line>Bacone Bokračanka Štromajerjevima Ciprčankinih</Line>
   <Line>Bujanovima Šantlu Štalčevi Heliosovim Cetorankama</Line>
   <Line>Cousteaujev Šalkovaščanom Bonnčankinima Bratinom</Line>
   <Line>Habičema Branoslavčanoma Cerejčankama Bugojnkam</Line>
   <Line>Cirjankami Brestrničana Bodončank Cikavčane</Line>
   <Line>Boršičevem Barbaričevima Šenturščankinimi</Line>
   <Line>Bušečank Burovim Bavšice Šmarčanke Hrašam</Line>
   <Line>Šumcem Brezarjevo Balkankino Švaganovemu Braslovčankami</Line>
   <Line>Bravničar Havrankova Bitnjanove Honolulujčanih</Line>
   <Line>Braničarjevemu Hlevenčevim Šmarječani Beseničarjevim</Line>
   <Line>Brčankinim Šeščanovega Bovčankino Hudobivnikov</Line>
   <Line>Beniči Cverletovima Cvare Hudojamčanka Škerljevi</Line>
   <Line>Brozovem Hillov Bovšanova Bajuku Škerjančevega</Line>
   <Line>Šmartenčanovim Beringovi Charlesovih Hribovljanov</Line>
   <Line>Chaucerjevega Cimermani Christianovim Begičevima</Line>
   <Line>Hindujčevi Cvijičevih Beštrovih Šimničeve</Line>
   <Line>Bratož Šarfove Boršičeve Blagšiči Cortes Benčičema</Line>
  </Level>
  <Level>
   <NewCharacters>Ž</NewCharacters>
   <Line>Žirki Žusem Žitkovčankam Žargija Žonti Želčani</Line>
   <Line>Žurki Židana Žarkovem Ženovi Žolnirjev Žlaborankini</Line>
   <Line>Žulovce Žemvovo Žurkovodolčanki Žmukova Žibršankin</Line>
   <Line>Ženevi Žebničankinima Žabničanovi Žirovskarjema</Line>
   <Line>Žigončankinima Žajdelami Žimaričane Ženaveljčanovo</Line>
   <Line>Žitenčanov Žvaruljčanovimi Žunkovimi Žetalčanka</Line>
   <Line>Žgajnarjevemu Žalčankinima Žižkovčeve Želebejčanovih</Line>
   <Line>Žabčanova Žvarovima Župančičeva Žužkove Žetinca</Line>
   <Line>Žurajevemu Žabote Železanovih Žejnčankinim</Line>
   <Line>Žepovčanovim Žekarjema Žitenčanki Žitkoma</Line>
   <Line>Žnideršičev Žabotoma Žežljeva Žulič Žamenčanoma</Line>
   <Line>Žurbijih Žabjekovimi Žapužčevega Žunkovo Žabčan</Line>
   <Line>Županiče Žibertoma Žirovničarkinega Žebniku</Line>
   <Line>Žalčevemu Žalčankini Žirovničarjev Žiberta</Line>
   <Line>Žgeče Žbogarjevo Žirovničankah Žabničan Ženjačanovega</Line>
   <Line>Žejcema Županjenjivcu Žitkovčanovih Žirovkina</Line>
   <Line>Žadovinčev Žerjavovemu Žnidaršičevimi Žikarčanovi</Line>
   <Line>Žurkovodolčanovega Željnčankinih Župelevljankinih</Line>
   <Line>Žimaričanih Žlindrama Žvirčankinima Žbogarjevi</Line>
   <Line>Žičarkah Žamenčanovem Žabkar Žirovničankinem</Line>
   <Line>Žagarjevimi Žuničeve Žitenčankinim Žiganjcev</Line>
   <Line>Žejčevemu Žepovčankinega Žerovnikovih Ženjčanih</Line>
   <Line>Žepovčankinimi Žilavčevimi Žajdelovimi Ženjčanko</Line>
   <Line>Župančiču Žanami Župetinčanovo Željkovim Žepljankina</Line>
   <Line>Žicami Žalarjih Žalčankine Žigončanoma Želčankinega</Line>
   <Line>Žabljankinimi Žihlavčanova Žvokljem Žužemberčankam</Line>
   <Line>Žihlavčanovo Žigrskovrhovka Žunčevemu Žaberlovima</Line>
   <Line>Žibretova Žvanutov Žapužami Žurajevim Žerovcev</Line>
   <Line>Žano Žvaruljčanovem Željkove Žuničanovi Žmitkovemu</Line>
   <Line>Žlaboranovimi Žlendrovem Žnidaričeve Žemvovemu</Line>
  </Level>
 </Levels>
</KTouchLecture>