<KTouchLecture>
  <Title>Spanish (auto-generated)</Title>
  <Comment>KTouch training file generated Mon Mar 31 17:09:15 2003
Perl Script written by Steinar Theigmann &amp; Håvard Frøiland.
</Comment>
  <Levels>
    <Level>
      <NewCharacters>jf</NewCharacters>
      <Line>jj jj ff j ff ff fjfj j jjff jf jj</Line>
      <Line>jf j ff ff jf jj jj jj jj f ffj f</Line>
      <Line>ff jj j fj fjfj j jj ffj j fj jj</Line>
      <Line>jf ffj jf j ff f f f fjfj fjfj jff</Line>
      <Line>jf f jj ff j j f f j j f fj jj j</Line>
      <Line>fjfj ff j j jjff fjfj fjf f j ff ff</Line>
      <Line>f ff jff jf j jf j jj jf j fjfj</Line>
      <Line>fjf f ffj jf f jjff ff f j ff ff jj</Line>
      <Line>fjf ffj f f ff j f ff fjfj j j ffj</Line>
      <Line>ff fjf jjff f ffj fj fjfj f ff jj</Line>
      <Line>f f fjfj fjfj ff f ff j jf jj jff</Line>
      <Line>f jf jff jf f ffj f j fjfj f ff</Line>
      <Line>fj f jj jff jff jjff j fjfj ff fj</Line>
      <Line>ff fj jf j jj fjfj f ff fjf fjfj</Line>
      <Line>ff jj fjfj fjfj ff fjf jj jf j ff</Line>
      <Line>j f ff ff fjfj ffj fj ff ffj ff</Line>
      <Line>ff f f ffj jjff j jj ff fj fjfj f</Line>
      <Line>f jjff ff ff jj ff f f jjff ff jf</Line>
      <Line>ff fjf fj jf jj fjfj ff fjf jj fj</Line>
      <Line>ff ffj jj ff ff fj ff ff jf jjff</Line>
    </Level>
    <Level>
      <NewCharacters>kd</NewCharacters>
      <Line>dkfj dk kk k kfjj djfj k dk dk fk fk</Line>
      <Line>dff dd fk dk kd kf fk fd kd kffd djfj</Line>
      <Line>ddj kf jd dff djk fk kj jd kd k fk</Line>
      <Line>kfjj dff kkd kd fd kk jjkj kfjj dkfj</Line>
      <Line>djk kd fk jd fd dkfj jd dk kf kd kf</Line>
      <Line>k kj dk kf ddj fk fd djk kffd ddj</Line>
      <Line>kfjj dk dfj djfj fk djk kj kffd kj</Line>
      <Line>djk fk kkd fk dff kf kj jd kfjj fd</Line>
      <Line>dff kfjj dk fk fd dff kfjj dfj dk</Line>
      <Line>k kffd kj k kj jd kd kd k kj djd</Line>
      <Line>fk kf dk kj djk ddj jd kd djd kj</Line>
      <Line>dff kd jd djd k fk djd fk kf dk kd</Line>
      <Line>dfj kfjj dkfj dff fk djd kj dff jd</Line>
      <Line>jjkj fk fk jd fk djd jjkj jd fk kffd</Line>
      <Line>kfjj dff fk kffd dff kj dff kd kk jd</Line>
      <Line>kd dff kf djd k kj kkd djfj dkfj</Line>
      <Line>fk kd fk kd kd kd dff kkd fd fk fk</Line>
      <Line>fk kf kd k kj kkd fk kj kd dk kk</Line>
      <Line>djk dk dd k fk djk dfj dkfj dfj djfj</Line>
      <Line>kj fk dd jd fk kk kj kj dfj ddj dkfj</Line>
    </Level>
    <Level>
      <NewCharacters>ls</NewCharacters>
      <Line>sss dsd sksk ssj js js lffls sds sds</Line>
      <Line>dsd lds dsd lfs lfs ls ls fsdf sss</Line>
      <Line>ks ssj lkd sfk ssj jfsj lds lf lds</Line>
      <Line>sss sksk lfs sds ds flkl jfsj s ls</Line>
      <Line>sds kfl sd sds lf ffl lfs s kfl kkss</Line>
      <Line>ks s sds sfk lfs ffl jfsj ls lf lf</Line>
      <Line>jfsj ffs kfl dsd js ds dsd sf dsd fsdf</Line>
      <Line>sss lfs s sf jlfd js flkl jlfd kkss</Line>
      <Line>dsd kfl lkd fsdf lffls sds ls sksk</Line>
      <Line>sf lf ffdl sd ls lkd sffl ds lffls</Line>
      <Line>lfs sffl sksk js sss sffl ffl lf ssj</Line>
      <Line>dsd lf s flkl lds ds lfs flkl lkd</Line>
      <Line>ls ls ffdl jlfd kfl ls ls lkd sfk</Line>
      <Line>sfk ks lfs lffls lffls sffl lf sd</Line>
      <Line>sd lds flkl sss dsd lf dsd sd js</Line>
      <Line>jfsj lf fsdf sd lf ffs lds kfl sfk</Line>
      <Line>ks jfsj sf sksk flkl js sffl ks sss</Line>
      <Line>lkd lds sfk kkss sksk ssj dsd lf s</Line>
      <Line>sfk sksk lkd sds ks fsdf sksk sksk</Line>
      <Line>ffs lds kkss ssj lf s sf jfsj s ffl</Line>
    </Level>
    <Level>
      <NewCharacters>caá</NewCharacters>
      <Line>rasas lascadas rajadas fajas la sacad</Line>
      <Line>jaldadas falsa alfalfada rajad fa asad</Line>
      <Line>ala sallada allá ralla rasas llaca</Line>
      <Line>salas acalla flaca dad afascala caca</Line>
      <Line>acalladas jaca sajad calada rallada alfas</Line>
      <Line>afascala salda alfas alfa sal rascada jaladas</Line>
      <Line>cascad alfada flaca lada calas rafas</Line>
      <Line>ca alfalfad ajada salad casas rallad</Line>
      <Line>laja alfas casacas acallada kas rasada</Line>
      <Line>ajada falsas sacada jalada calas cascad</Line>
      <Line>jaldadas rasadas rasas sacad casas ralla</Line>
      <Line>salad cajas fajada alada ka jaldadas</Line>
      <Line>alfalfal jasad alfalfada fallas calcada</Line>
      <Line>saldas rala calda alfadas alás asa sajad</Line>
      <Line>ajadas rajadas jalada casas casca daca</Line>
      <Line>ca falla kas ajas das casada salda</Line>
      <Line>saca jaca jaldada calda caja fallada</Line>
      <Line>saja allás flacas cascada cada calcas</Line>
      <Line>ladas alfalfadas afascalada lascas rasa</Line>
      <Line>casas rafallas falcas rasadas fa lascada</Line>
    </Level>
    <Level>
      <NewCharacters>ntñ</NewCharacters>
      <Line>lactada candas lancán anclada taca llantas</Line>
      <Line>lactan fallan cáncana satanás andada</Line>
      <Line>tacad jactan sanad na san san cañadas</Line>
      <Line>lañada faltan taladas talad talladas</Line>
      <Line>atan tascad atacas allana jactad cananas</Line>
      <Line>nasal astan rañas natas nantadas afascalan</Line>
      <Line>atalaja talas asan tascad lanadas tacad</Line>
      <Line>asfaltad lactas lactadas lasta catada catalán</Line>
      <Line>talladas cañadas andana landas ancla catasalsas</Line>
      <Line>lana lastan calcan nansas tascada tajas</Line>
      <Line>tascada actas atan cascan tacad cansa</Line>
      <Line>sansa canallada cantata nada najas tascad</Line>
      <Line>tala acanalas tasada sana atalajan</Line>
      <Line>lañad latan sanas jactan tasada acanalan</Line>
      <Line>lañada cantata llanas lancán astan dañada</Line>
      <Line>atlas asnal dañada lancán acatad tasa</Line>
      <Line>lasaña rata saldan tajas acanallad atadas</Line>
      <Line>asfaltada tasa afanad datas taca tajadas</Line>
      <Line>atajad fajan jactadas canas fanal acanallad</Line>
      <Line>afana afatada tata tatas lanas tanda</Line>
    </Level>
    <Level>
      <NewCharacters>iví</NewCharacters>
      <Line>rancia fináis acidalia avasalláis sínfisis</Line>
      <Line>ranilla astías aditiva salvia física invicta</Line>
      <Line>litas radiatas avillanadas ínclita afinca</Line>
      <Line>vaciáis ínsitas vida iniciativa dividáis</Line>
      <Line>actitan viñas lancinadas infanticidas</Line>
      <Line>actinia canicas indias tilláis validas</Line>
      <Line>vindicad fijada lilailas indicia fin anís</Line>
      <Line>añila vivificas fantasías indician calificativa</Line>
      <Line>nía lijáis tillad infancia ría activas</Line>
      <Line>jitad ricia casilla rijáis laciniada</Line>
      <Line>cavas afilada afija fila latinista tillad</Line>
      <Line>fían finalidad liña alcancías física</Line>
      <Line>lactancias listad tilas falsilla lanilla</Line>
      <Line>acidalia invictas fastidiáis rastilla instalad</Line>
      <Line>fijan villana catalanistas distal lascivas</Line>
      <Line>añilan lías finca villana líticas raías</Line>
      <Line>dialítica salificada lijad astía anastasia</Line>
      <Line>actitadas antias fila latí lacinias anastasias</Line>
      <Line>satisfacía iniciativa finan innatas activan</Line>
      <Line>si financiáis ciscadas filiáis van</Line>
    </Level>
    <Level>
      <NewCharacters>meé</NewCharacters>
      <Line>desmanáis restallen venidas encielasen vestisteis</Line>
      <Line>desenfadas asemejaste encajases fijases riela</Line>
      <Line>relejéis aclamas remediáis retallas enmendases</Line>
      <Line>rectasteis seisavad rescaldase mecieseis</Line>
      <Line>efectiva desfajan faenasen mecidas centellees</Line>
      <Line>natalidades retejed admitiesen ralease sitiales</Line>
      <Line>desinsecté restallaste elefantes lentísima</Line>
      <Line>desencinte majadea sities encastáis atiese</Line>
      <Line>desviste relancen malentendíais afiance</Line>
      <Line>inclinaste dicentes sed descimentases candases</Line>
      <Line>centellease desenvendad lividecía candelilla</Line>
      <Line>entintaseis envesasteis descanséis encante</Line>
      <Line>acantalea jineteasen desmalla mista desasistes</Line>
      <Line>revisasteis redimiste siseas afie dejen desmadejáis</Line>
      <Line>rellanadas jamete desvendases recitase islandesa</Line>
      <Line>relaté reactivad enlicé desviejan testadas</Line>
      <Line>semanas incentivasteis resinasen estilices</Line>
      <Line>almacenad vitalmente escindiste filminas</Line>
      <Line>ijadeéis lineada déficit retine detallista</Line>
      <Line>caneaseis inflamasteis disecase sale destente</Line>
    </Level>
    <Level>
      <NewCharacters>hr</NewCharacters>
      <Line>alertará harnead tersase desmedir franciscana</Line>
      <Line>acarrareis salaras rastillé enleches demacrarme</Line>
      <Line>enclavijaría aferrares encastré aliara hermanaran</Line>
      <Line>resanaran cancelársela farras enmantaréis</Line>
      <Line>eliminarlas enfardelare enrejalaran nanceareis</Line>
      <Line>calleares cantarme caldeare desanimarme</Line>
      <Line>remediad infamar aserenarais saltaren reamará</Line>
      <Line>encancerarás avenenarás trasverían aventarán</Line>
      <Line>chancletearía tenérmelas remellaría carnearas</Line>
      <Line>descara avalarse entrame demacraras descarasteis</Line>
      <Line>mamaré ralenticéis reanimáis anticresis</Line>
      <Line>enflacareis terminara venidera carraña hachearía</Line>
      <Line>vareáis retractarme chalés desarrendasteis</Line>
      <Line>trillase rajarlas retallecer reeditarais</Line>
      <Line>desasentará rieladas tacharán calaverearán</Line>
      <Line>desentarimaras fresad herventara cercenaren chaflana</Line>
      <Line>desensartara desenjalmareis desafinaren fresarán</Line>
      <Line>reñisteis rastillarais atril recetaseis</Line>
      <Line>adherírtelas trajinareis reedificaseis lardearais</Line>
      <Line>secretearé incensarán mallar recejarais insertaríais</Line>
    </Level>
    <Level>
      <NewCharacters>goó</NewCharacters>
      <Line>dosificarles dividíroslos revote torraran estantaló</Line>
      <Line>maltratarlo marcándolos litógrafos chalanearemos</Line>
      <Line>regaceando entrilló arreglándonoslos concienciaremos</Line>
      <Line>endocrino desagradareis girando almidonáramos</Line>
      <Line>reingresareis gloriándotelo acelerarnos encoclaren</Line>
      <Line>novilleros relegaréis agonístico entalonarais</Line>
      <Line>cordeláremos domeñarla ojalareis disolviésemos</Line>
      <Line>entornarnos heterocercas descoto gacillas</Line>
      <Line>ofreceremos desarrollándomelo franco desinfectamos</Line>
      <Line>cavados diseccionaremos mojarlos desalojarás</Line>
      <Line>desterrándote desvaneciéndole regates chocheas</Line>
      <Line>concomiéndoos rojearan desentalingaríamos almacenaron</Line>
      <Line>religionarios descantáremos candásemos fijárosla</Line>
      <Line>consienta socavaste motera calificándolos</Line>
      <Line>meconios refociléis olvidareis escamoneáremos</Line>
      <Line>atolladen horneéis sofrenaras agredieres</Line>
      <Line>enojaremos gestionándotelas retoñarían disgregándome</Line>
      <Line>credenciero estomagaseis denegaron descodaré</Line>
      <Line>engrandaseis desgranas concilió ortogonalidades</Line>
      <Line>jarrearíamos rosigaras comentándote saltártelo</Line>
    </Level>
    <Level>
      <NewCharacters>bp</NewCharacters>
      <Line>escapaban abreviándonoslos ennoblecían neblinear</Line>
      <Line>descomplementármelo rebrincados pintea desesperaré</Line>
      <Line>empeñándome taloneabais estereotipármelas</Line>
      <Line>desempacháremos enherbolaríais erabas abastardaríais</Line>
      <Line>garbillan agregábamos desemborraches abocinaseis</Line>
      <Line>recambiártelas posicionándoselos sombré enveraba</Line>
      <Line>emballestad bastanteáremos desbocábamos apearme</Line>
      <Line>esborregáremos deshebillases preciadas engranerabas</Line>
      <Line>perpetrándole desembanastada propósitos bombeó</Line>
      <Line>balsearías abocetada capaste aparcadas desembargares</Line>
      <Line>aldabeará compositora parificaren encampanase</Line>
      <Line>anticipases palomeras sobrecercos primeo aprendiéndoselas</Line>
      <Line>estropeándonos óptica polidipsia ambiciábamos</Line>
      <Line>botijo paliabais ambleos calmaba acabadoras</Line>
      <Line>mimbrarás apaleados sobrealimentaren desempeñe</Line>
      <Line>aparenta acabildaras emperchado embestirá</Line>
      <Line>estampillándooslos menospreciaríamos apesten apelaban</Line>
      <Line>infestaban estenografiábamos embrisaba tablacho</Line>
      <Line>comparármelo afelpabais emparrabais apreséis</Line>
      <Line>achabacanara prolongad descabalgáramos alegaban</Line>
    </Level>
    <Level>
      <NewCharacters>quü</NewCharacters>
      <Line>abrumar reburujasteis guirlache acaudillaste</Line>
      <Line>piquetillas argumentarías ludiabais matutera</Line>
      <Line>pluviosas rubriquistas trucaseis subvendríamos</Line>
      <Line>promulgué esquelatado presupuestaras aburriéndome</Line>
      <Line>escullirías discurseáremos fluminense estructurarla</Line>
      <Line>acoquinaréis prefiguraciones estipulándote</Line>
      <Line>humecte atribularnos computables obsequiaré</Line>
      <Line>engurruñases ocupárnoslas guisasteis enfusan</Line>
      <Line>humedales esquiadora diluiste puntura redujésemos</Line>
      <Line>nocturna difumados aburrabais difumaran</Line>
      <Line>acumbráramos suscitarlo beatifiques deudo profusos</Line>
      <Line>acapullándote desnucabais bufoneasteis repuestas</Line>
      <Line>ungieras promiscuabais dificultáis equipolentes</Line>
      <Line>ahuecado torturadores desmaquillándolos</Line>
      <Line>engurruñan enchufábamos patullaba substanciara</Line>
      <Line>balbuceásemos hormiguillaréis minutarais transfiguraremos</Line>
      <Line>prostituí desentumeciéndose enrunaran vituallase</Line>
      <Line>acuarelísticas ilustrados huevarían clausurándolos</Line>
      <Line>reduplicara rebumbio jugadores disminuirme</Line>
      <Line>utreranos morciguillo sopunto imbursadas</Line>
    </Level>
    <Level>
      <NewCharacters>wnñ</NewCharacters>
      <Line>amaitinaran endulcéis naviera opinareis cantillos</Line>
      <Line>encordelaremos veintavo tendedor desencajando</Line>
      <Line>divinicéis embaucan piarcón atrabancáremos</Line>
      <Line>enfocándoles enraigonarais venerares ronca</Line>
      <Line>encarcavinaban descuadernaríais acerinas acabándonos</Line>
      <Line>nesguemos mascarán encureñes controvertían</Line>
      <Line>fecundártelos pinté sobrescribirían pitasen</Line>
      <Line>desmoronabas desatendí procesándonoslos desvendaran</Line>
      <Line>piparían cotejan preponderarás poíno fecundárnoslos</Line>
      <Line>frangolláis embracilasen arrimarían convertírnosles</Line>
      <Line>conferid desacompañamientos bandearías</Line>
      <Line>encrudeciéramos dintorno desasentara manarais</Line>
      <Line>desinficionáremos conglomerare encurtan agrandáramos</Line>
      <Line>ensilaban empentarían entrucharemos substanciar</Line>
      <Line>frenada escabullaran afloramiento plantillara</Line>
      <Line>desenmarañada conciliaste fine viltrotearan</Line>
      <Line>prediciéndoles atondaras repreguntaba desciñendo</Line>
      <Line>separarnos coronados reincorporaban veintavos</Line>
      <Line>confirmadores compulsaran antecogérosla aprendérselos</Line>
      <Line>acicalaran lamparan juntareis humean primoreando</Line>
    </Level>
    <Level>
      <NewCharacters>cx</NewCharacters>
      <Line>concentrarán concomitar circunsolando descarriado</Line>
      <Line>encanastaremos discutisteis percatándoos cantearíamos</Line>
      <Line>encloquemos recechasen excavan castañeteares</Line>
      <Line>acaparamientos especuláremos extractara recrujiera</Line>
      <Line>encapucharía calesero extasiándolo discutes</Line>
      <Line>chapurrad centauros contesté administración</Line>
      <Line>expandía demacra escariaríamos náutico</Line>
      <Line>cornetilla escriturarán copilases corveteando</Line>
      <Line>asociaren descomulgan clemátide predecírsele</Line>
      <Line>aprovecháramos autentificaras disceptaste mundificarán</Line>
      <Line>campanillearas santificadas lanchones friccionaba</Line>
      <Line>envacarán transcenderíais desfavoreciera</Line>
      <Line>diversificadas ennecia paraliticándote ceremoniáticas</Line>
      <Line>arabesco frecuentaseis coloreásemos claveteados</Line>
      <Line>coherentemente ideáticas humectaste crónicas</Line>
      <Line>caponáremos existidos acrisolabais culease</Line>
      <Line>acañoneara increpó traciano encajetillaras</Line>
      <Line>recomen encajonamiento encajetillan acorchara</Line>
      <Line>contraponiéndoos facultarte documentándotelas tronchéis</Line>
      <Line>intercederás picanearás certificadas concretándoselo</Line>
    </Level>
    <Level>
      <NewCharacters>yz</NewCharacters>
      <Line>trapazaría elegantizaría atizados desenzarzáramos</Line>
      <Line>destituyeseis cruz analizabas subyugarás despolitizaseis</Line>
      <Line>diluyó retribuyó pizarra encenizarían</Line>
      <Line>diluyáis carbonizarais obstruyéndoselas</Line>
      <Line>mahometizaríamos estabilizáramos bocezados releyéremos</Line>
      <Line>encauzarás espinzaren escolarizare desnormalizabais</Line>
      <Line>empalizado deslavazaréis angelizad zozobraron</Line>
      <Line>enerizábamos cloroformiza individualizándoles</Line>
      <Line>zancajeara mazoneasteis tazarás naturalizabas</Line>
      <Line>apologizaste almuerzan despeluzaste desmalezaríais</Line>
      <Line>fanatizáramos zurriagaría plumazo ataquizada</Line>
      <Line>centralizando destrozándolo normalizares aznacho</Line>
      <Line>apomazó descorazonara excluyéndome trazumarían</Line>
      <Line>fecundizaré deshumanizáramos endulzaran familiarizó</Line>
      <Line>deleznarías azogaras acromatizamos gargarizabais</Line>
      <Line>cristianizada fecundizara inmunizarán apoyármelo</Line>
      <Line>malvezaría realzan magnetizó despolarizabas</Line>
      <Line>recomenzadas ataquizado judaizases inutilizaron</Line>
      <Line>sobrealzo descorazonaréis ayustaré belez</Line>
      <Line>atalayuela disminuyereis hostilizaste internacionalizareis</Line>
    </Level>
    <Level>
      <NewCharacters>ABCDEFGHIJKLMNOPQRSTUVWXYZ</NewCharacters>
      <Line>MIPS Multibus Portugal Francisco Vizcaya</Line>
      <Line>Sergio Caribe Constantinopla Luisa Cid</Line>
      <Line>Oceanía Goctetos Tobías Jerónima Solaris</Line>
      <Line>Kbits Ramiro Ada VME Goctetos Juan Aries</Line>
      <Line>Tbyte Tbyte Creta Feroe Francisco Mbit</Line>
      <Line>Yolanda Orión Filadelfia Miguel Lladras</Line>
      <Line>Madrid Kbits Toctetos Alejandría Daimiel</Line>
      <Line>Mflop VME Mocteto Alicia Palencia Córdoba</Line>
      <Line>Mocteto Pablo Asia Andorra Aries Escorpio</Line>
      <Line>Ignacio Panamá Víctor Babel Galeno Paco</Line>
      <Line>CCITT Andrés Futurebus VME Eufrasia</Line>
      <Line>Silvia Isidras Brasil Isidros Antonia</Line>
      <Line>Paco Valdepeñas Eusebio Cibeles Bruselas</Line>
      <Line>Javier Eusebio Lladras Sonia Linux Vivar</Line>
      <Line>Emilio EBCDIC Lorenzo Compostela jergalS</Line>
      <Line>Alfredo Delia Tbytes CCITT Irene Filadelfia</Line>
      <Line>Esther Guillermo MIMD Filomena Jerónimo</Line>
      <Line>Santiago Unix Internet Pucela Ethernet</Line>
      <Line>Ismael Pablo Zaragoza Constantinopla</Line>
      <Line>PROM Mflops Centronics OSI Coulomb</Line>
    </Level>
  </Levels>
</KTouchLecture>
