<KTouchLecture>
 <Title>Bulgarian (auto-generated-long)</Title>
 <Comment>Georgi P. Georgiev, 
joro_georgiev2001@magibg.com</Comment>
 <Levels>
  <Level>
   <NewCharacters>то</NewCharacters>
   <Line>тото ттт тотт ттт тот тот о от от тоот от ооо оооо ооо ттоо тото</Line>
   <Line>тото тот ооо от то о тот тоот тото оот тото ттт то то от о тт тото</Line>
   <Line>то ттт ттоо тотт от т от тото тотт от тото отт то ооо о ттто ттто</Line>
   <Line>отт о оот ттт то оот тото оот оот от о о оот ттт оооо тоот тотт</Line>
   <Line>то от т от ттто о т то оот то то от тоо от ооо от тоот оот то тото</Line>
   <Line>то тоо тото ттто от от тоо ттоо отт тоо тото от то о ооо отт то</Line>
   <Line>тот оот о тото то тотото то ттт о тоот тт ооо тото оот тоот тоот</Line>
   <Line>тт тоот ттоо оот тот отт т ттт от оооо то ттто отт от ттт то от</Line>
   <Line>тт ооо тот тто от от то отт то то то ттоо ттоо тото ттто ттт тото</Line>
   <Line>тоо тотото оооо оот от то оот тотото тото тоот оооо оот оот тт тот</Line>
   <Line>о ооо ттт оот отт то тото о то тотт ттто то оооо тото тотото от</Line>
   <Line>тото ооо о ооо то оот тотото ттоо оооо от то тто тто тот то ттт тото</Line>
   <Line>оот т то тоот от тотт о от тто о тоо от от от то ттто тотт тоо от</Line>
   <Line>т ооо о ооо оот отт тто тото оот ооо то то оот ттт тто тот тоо</Line>
   <Line>то отт тот от тото о ттт ооо тото то тотото тото то ооо то о оооо</Line>
   <Line>тто т то оот тт тто тото тоо тто тотото то то тот тто тотт т ооо</Line>
   <Line>то оот тото то ттто тотт оот тото оооо о тт оооо оот ттто тоо тто</Line>
   <Line>ооо тото то оооо то о ттт о тотото то ттт ттоо ттт тот ттт ооо ттто</Line>
   <Line>тоот от тоот о оот оооо то ттт то ооо от ттт оот то тото тт ттт тоот</Line>
   <Line>то ттт ттоо отт ттоо от то о тотт тоо ттто то тт оот ооо от оооо</Line>
   <Line>от от тоо тот ттто ттто ооо т тоо от ттоо оот то ттт тотото тоот</Line>
   <Line>от тоот оот оот тото оооо оооо то от ттоо тотт оот т то ттт от</Line>
   <Line>ттто ттто то отт ттт то тт тоо тотт оот оот ттт ттт тото тото оооо</Line>
   <Line>ттт то оот о т тото то от ттоо оот то от о от ооо тто тото тоот</Line>
   <Line>ттто тото оооо тоот то тто от о ттт тт оооо от оот оот тото ооо ттто</Line>
   <Line>ттт тоо то оот оот то о от отт ооо то отт ооо отт тот то тт тотт</Line>
   <Line>то тто от ттто то тоот от оооо от о тотт оот тоот ттт тот оот оооо</Line>
   <Line>ттт оот тто ттоо от то тото ооо ттто о оот ттт оот ттоо оот то от</Line>
   <Line>от ооо то оот ттт т ттоо от тотото о ттоо от тт оот то тото тотт</Line>
   <Line>оот то оот ттто тот тото оот то ттт т тто оот оооо от ттоо ооо от</Line>
  </Level>
  <Level>
   <NewCharacters>на</NewCharacters>
   <Line>тона на нотна тантотата ат тантота нотата но на нота но но ат та</Line>
   <Line>тантота тантота но таоо тантото нотата тотата тао ата ат а танто оа</Line>
   <Line>на та нотата нотно тона тантотата на но нотната тао нотна но ата</Line>
   <Line>тао тао нотна тантота тантотата ан но ан ан ан ан ат танто тон тон</Line>
   <Line>нота тао на тантото но ан та нотата оа та та а тона таоо тона нотата</Line>
   <Line>тао та а ат ата тантота нотата а ат на нотното на нотата нотна тона</Line>
   <Line>нотно тотата ат но а ат танто нотното ат оа ат тао тона ат а на тантото</Line>
   <Line>ан та та но тотата нотната танто нотната но ат ат тао тота оа но</Line>
   <Line>но та таоо тантота тао нотна но а нотна но ата нотата но тон тотата</Line>
   <Line>оа нотата тао ат ат та нотата ат но ан тота тантота тота тон нотната</Line>
   <Line>тотата тантота та нотното танто ата на нотното тантота тантота тантото</Line>
   <Line>но та но тон тота танто а а тао нотното тантото танто тантотата</Line>
   <Line>но на но тота тотата на но нота ат нотно нотно тао ат тантотата</Line>
   <Line>но нотно нотно тон тотата тотата на нотното нотна тона но но та</Line>
   <Line>нотната ат а ан танто тантота но нотата нотно но нотна тантото ат оа</Line>
   <Line>но нотно нотното но тотата таоо оа ат ан нотното ат но тотата тантотата</Line>
   <Line>ат таоо танто та таоо та танто тота тона нотна а а та а ат ат нотното</Line>
   <Line>ан ата ат но нотно но нотна нотното нотно тона но а на нотата тота</Line>
   <Line>тотата но но та нота тона тона тантотата на на та нотата нота тона</Line>
   <Line>таоо ат на но нотно тота нотното но а на та таоо ан на нотната но</Line>
   <Line>ат танто ат нотно но оа тантото тантото нота таоо но нотата ата</Line>
   <Line>таоо но ат тон нотно а а а тантото нота нотното та ат ат тон а ата</Line>
   <Line>нотната на ат танто та нотата нотна нотно нотната но оа тантотата ат</Line>
   <Line>нотно нотно но ат та тон но тантото нотата на танто тон тон ата та</Line>
   <Line>а ата тота но тантото та нотното ат нотно тантотата тантотата</Line>
   <Line>нотата ат тантото на но на тон а тота тотата ат на тон таоо оа на та</Line>
   <Line>тао нота тона нотата нотното та таоо ат оа но ат нотното нотата</Line>
   <Line>но тао но тон та но нотното тао нотна нота тона ата тантото та</Line>
   <Line>та нота тота ат ат тао ат нота а тота та тота но таоо но нотата</Line>
   <Line>на на но но тона ат нотно а тао нотната на тота нота ат но на а</Line>
  </Level>
  <Level>
   <NewCharacters>вя</NewCharacters>
   <Line>явяваната таванното вято явявано тонов това явното явявано явно ваят вота</Line>
   <Line>отава навяваното навявана ята явяваното ятата овонявана овонявана</Line>
   <Line>воняно ята явя отвяваното вя овято тонова вята отвято ята овоняваната</Line>
   <Line>онова явно ново навят вята това навят отвявана овя отава таят навяваното</Line>
   <Line>отавят таванна това вятото воняна таванната овятата овонява овято твоя</Line>
   <Line>ята отавата тонова навятото навято навяваната вя вятата отвявано</Line>
   <Line>тава воя овя отвявана вята вя вота отвятото ваната отвява тонова</Line>
   <Line>ято таванното вана ято тонова твоят явявана отвяват нов наново ятата</Line>
   <Line>тоновото воят навоя вая вонян това вонята ват воя това вонят навоя тя</Line>
   <Line>овонява твоята аванта отвяват воняна навявано навяваната таван отвявана</Line>
   <Line>ятата тая тавата нова навятото тоновата тавана явно отвя вонята овонява</Line>
   <Line>воня навявана навята воя явяваната овято таванна вято отвято отавят</Line>
   <Line>явяваното тая оная ваят вят ятата овятото овят воняната отавят ято овоняван</Line>
   <Line>овята отвятата вя овонява тавата отново вата явяваното вонята вя навятата</Line>
   <Line>тоя отвяваното ново навя воня явявана навяваното навоя тавана таван</Line>
   <Line>тая таванно вя тонова вая оня отвяваната навяват вято отвявано отвявана</Line>
   <Line>овонявана отвятата вя отавят отавя тонова в воят твоя в вятото явява вятото</Line>
   <Line>твоята нова воняно таванно тавана воят воняно овонявано воняна овятото</Line>
   <Line>явявано вота явно отавят таван нова явяваното овятата тонова явя тавата</Line>
   <Line>отава ваната ново я явяван навято тая овятото отвятата овонявана явна</Line>
   <Line>явявано нов отвята воняна тоновото явната явно твоят твоят тоновото</Line>
   <Line>таван овоняват отвятото отвя овято таванно вая отвяваната овята явно</Line>
   <Line>воняно таванно вятото овято вая явната навяван нова навявано тоновата</Line>
   <Line>отвятото вота явното таванното ятото овя явявана воя отавя овонявана</Line>
   <Line>отавят навята овятото вана отвятата отвявано таванно явявано вонян</Line>
   <Line>явното отвявана нова воят воня овятата нова вят вятото овонява навявана</Line>
   <Line>вата овятата тая тая овят в нова явят явяваната отвятата оня вонян</Line>
   <Line>отвяваната авантата вота вонята овонявано авантата навоя вот отвявано таванно</Line>
   <Line>новото отавата навята отвят отава явна ята навоят в овоняван отвявана</Line>
   <Line>воя вят авантата вонят явява отвяват ятото воняно навяваната тоя</Line>
  </Level>
  <Level>
   <NewCharacters>м,</NewCharacters>
   <Line>намятам ма вмятана отмотана мотота отмотаят намятано мотам омотаното</Line>
   <Line>намотаван омаяното маят мотота мятано отмотаното няманата ям намотаваната</Line>
   <Line>момя мат омотавана атомно тамяна атомното мотано мятаната моят нямат</Line>
   <Line>няманата маята намятат мама мотая матов яма намотавам мамата мотаят атомната</Line>
   <Line>мотаното матовата отмотаното мантото ватмана мама намятат ватмана омаяно</Line>
   <Line>маят нямам атомната няманото отмотаваната вмята няманото намятам</Line>
   <Line>намотана автономната намотава мотаната атомна отмотават мотото няма отмятат</Line>
   <Line>отмотават натаманяваното омотават натаманяваното автономното омотаван</Line>
   <Line>омотан омотаваното омотаван момя омотаваната автономна ватмана омотавана</Line>
   <Line>мотая намотавано отмотават мантата намятам намотавам мотат оттам мотана</Line>
   <Line>яма мата монотонна маят мятана омаян намятаната момяното тамянов</Line>
   <Line>момяната намотава отмотават вмятана отмотано манна намотано ватман атом</Line>
   <Line>монотонното омаят омотавано атаман тамянната маят маната вмятана мята няма</Line>
   <Line>тамянов намята отмяната намятан отям мотаната отмотаваната намотавана</Line>
   <Line>намятана омаят отмота мотая отмятам автономната вмятам атома омотаваното</Line>
   <Line>мотая атаман монотонно намотавам мото омотава матовата монотонната</Line>
   <Line>ватмана монотонна намятана намотават матов момяна отмятам анатом намотават</Line>
   <Line>тамян анатом мамон намотавана там омотано натаманяваното натаманяваната</Line>
   <Line>мотота натаманяван намотаното няманото тома отмотано омотавана намотан</Line>
   <Line>натаманявам натаманяван тамяновото намята монотонната мотая мотам натаманява</Line>
   <Line>монотонната момяна атома отмятан манта намотаят автономно отмотаят намятат</Line>
   <Line>тамянова ватмана мятам мотано мотото омотан натаманяваното вмята няма</Line>
   <Line>наям нямат монотонна намотаната мотана омотавам автономната отмотава</Line>
   <Line>атамана омотавано мятан омотавано натаманяват моя отмотавам отмотана</Line>
   <Line>няманата нямо натаманят намота маята манна отмотавам нам мятана мятаното</Line>
   <Line>отмотаното там намотава намотавано монотонното намотаваното атаман омотан</Line>
   <Line>нямана ням матово натаманява маят тамянна момя мая мятат мамона мотана</Line>
   <Line>автомата вмятан отмотавана яма автономното намотано мамон монотонната</Line>
   <Line>намотавано автономното няманата намотават отмотаваното вям намотавам намотавана</Line>
   <Line>вмятано мата монотонното отям отмотано омотано мама атаман мат мамона</Line>
  </Level>
  <Level>
   <NewCharacters>хш</NewCharacters>
   <Line>охната тяхна шавваш яхнатата наша воняха воняха шавано навяхвана яхваха</Line>
   <Line>охвана тяхното автохтонното шахтовото нахвана шашма махово нахванаха</Line>
   <Line>ха охнато махнаха махвана омотаваш отмотаваш ваша шавна шаха охотната</Line>
   <Line>охнат таях шантава нямаха навяхвам махна охваната шахмат яхам отвях</Line>
   <Line>махва маншон шаввам ахатовата навяхвах автохтон навяхваната шахматното</Line>
   <Line>яхнатата ахваната шахтова вонях охваното шавах отмахвах яхнат омотах</Line>
   <Line>отмахват отмахвам овяха аншоатата яхана яхната шамана шашаво махваното</Line>
   <Line>шахматно хм аншоато навяхвам шават тяхно яхваното яхнато отмахнатото</Line>
   <Line>махово ахвам аншоа вахтово аха охотна яха шантав нямаш хомот махова</Line>
   <Line>махваното маншон натаманяха охотната махвам шахматна намотаваш шахмат</Line>
   <Line>ваша яхват шавваха ваяха махваха махнах охнах охвам махваното хаван</Line>
   <Line>манша шавано шавнатата яхвана навяхваното шантаво отмахван махната</Line>
   <Line>яхван махваната натаманяваш навяхвам охваш хваната махнат аншоата</Line>
   <Line>шавван вмятах охотна шашнатото тях махов автохтонното шашмата охотата</Line>
   <Line>отмятах шахмат охваха ахан яхвана шавва хванат ахам шахматна ахваха</Line>
   <Line>явяха наша яхтата махнатата тамошна отмахвано хаван хваната намяташ</Line>
   <Line>яхнах автохтонно нахвана шаввам навяхвана намотаха охотното шавнатото</Line>
   <Line>яханото маяха ваш навяхваната маях нямах маях шахматната момях тяхна</Line>
   <Line>яха навяхваш аншоа ахах шах яхвам шавват отмахнаха шахтовата шаваха</Line>
   <Line>шаввах охна машата хавата махнаха яхваната ахаха шантава шахмата аншоато</Line>
   <Line>хан шаваш нахваната охван охотата шаввано хвана навяхваното махвана</Line>
   <Line>шавват нямаш тамошно махова тях охваното шашната вмяташ маша охотно</Line>
   <Line>навяхваш охна тяхната шавнатата отмятаха ахвано хванатото хава яханата</Line>
   <Line>мяташ тях шашавата нахванат нямаха яхнато ахваното махната ахат таяха</Line>
   <Line>охнато махах яхвам ахат шаваха таях хванатото махван охнатата отмахваното</Line>
   <Line>ваша охваното яхнаха махнатото махваната хава автохтонно вахтов яхам</Line>
   <Line>яхнатата шашавото отмахват аханото ох нахванах яхан аханото аха натаманяваха</Line>
   <Line>овяха ханш шахтов шахтово яхах нахвана навяхвам отмотаваха ахвах охна</Line>
   <Line>охва мятаха навяхвана отмахнах охваха шаваш момях вях яхнатата явяваха</Line>
   <Line>отмахва махна отмотаха шахтов шахматната омотавах шавнат хм шаввах хомот</Line>
  </Level>
  <Level>
   <NewCharacters>съ</NewCharacters>
   <Line>настават сватосах смаян соваш смята сън схванато въставаното настоявам</Line>
   <Line>савана втасват съмнявам осява всявам ананасът сомов отстояваха моста</Line>
   <Line>смятан снасяно хаоса вносна въставано насмяха наносваната масов совано</Line>
   <Line>смътността стотното настоят всяват схванах втасам наставано стъмнявана</Line>
   <Line>вън наставано съмняват смотаваната осяваха сомово хасната настоявано</Line>
   <Line>стана свъсвам самотното настаняват смята тъмнота тостът стотна основана</Line>
   <Line>осяваното сова снована основавах остана сама мътят втасват ханства отсъстваш</Line>
   <Line>носът отсъстваха сънна сносното отсъстваната ставаш осявана свястнота</Line>
   <Line>сносно сонатното основна смахнатото място смян стъмвана съмната насновано</Line>
   <Line>настояват основават сватовството съсъхван наставаната стотната отмъстяваха</Line>
   <Line>смотаван снасяната въвонявано осъмвам съсъхваната останаха насято шанс</Line>
   <Line>осното насяваната ананасово сватово сатно осъмвах настаняват маносаха</Line>
   <Line>тъмнота новоосновано маносаш сама мастното състава смотах сношава хомотът</Line>
   <Line>всято сватовството маносваната съхна сатана съсъхнатото смотаят нанася</Line>
   <Line>смятана мътност свъсвах всявах стаяха мътняха шанс наставяна смотаят</Line>
   <Line>сватовство тъняната свъсват маст свъся съсъхнато хостът съхнато сам ставах</Line>
   <Line>внасян ставното отсъствано осъмнаха основавана отсята съхнато отсам</Line>
   <Line>нанос станаха ставаната снасяно наносят въвонявах тъмното нанасям</Line>
   <Line>ставата сова стават сованата ясна схванатата аванса мъхавостта навъся</Line>
   <Line>стаяха монотонността аванс съставяното основна тъмняно наставаха смахнато</Line>
   <Line>осяваната снасям схванатото сованата маносаха осмя соват свъсваното свъсваха</Line>
   <Line>отнасяна вън стъмван нася наставяно настана снахата основна настояваха</Line>
   <Line>соваха отсявах аванса сватосах смотая смахнатото свъсва насноваван</Line>
   <Line>осята сънно съставно стомната наноса мъхавата оставят отсам монотонността</Line>
   <Line>отстояваната въвоняха сносно маносваш самотно осната смотавам основаваш останах</Line>
   <Line>сношават насявах нас сватосано стана ханъма остават стоманата вноса хаосно</Line>
   <Line>отъняваха съмна навъсвано тънатото анасонов осмата вас маносаното смотава</Line>
   <Line>отсъства наставян сомът ставното смотаят отвън остана сватосваш съмвам</Line>
   <Line>стомашната автохтонът самотата тъмата маст тъст въвоняват отмъстяваш въстават</Line>
   <Line>смятана отсява хъша основаваш насноваваха сънната свъсваната насновавано</Line>
  </Level>
  <Level>
   <NewCharacters>пе</NewCharacters>
   <Line>тъпото спояха втасаме съешаваме тестовото напасоха пооставана оставането</Line>
   <Line>станеха светваха снесох светотатстване нехаеше се нехае степента съешена</Line>
   <Line>посмяването ошетване поостанете пошепване теснея тънеш омотаеше отвея попяването</Line>
   <Line>маяхме опеят тъпеното семената мамеше понаместехме патов опасваме встъпена</Line>
   <Line>омесехме посеете поемеше напатвано нахапе онемяван понесяха патен помомях</Line>
   <Line>вапсвахме схванеш наметен отмотахте свъсеното ненаместен нашетаме ахвате</Line>
   <Line>посместената метнех посместван повяхваш постеното автостоп напътствена сменявана</Line>
   <Line>отъняване вмесехме помятат топваш света напеехте пъха навехнатата пасвате</Line>
   <Line>тънем помомяхме съмвате отънявахте онемя тъпееш осеняха намятане опомняш</Line>
   <Line>неопасано естественото навестяхме постена съответната вмятане ясеново</Line>
   <Line>пъхне встъпената опяваме веенетата опяваха неясен автономен споменеха</Line>
   <Line>поясняваното съпоставена наспяха сепването попеете паянтата пошепна встъпваното</Line>
   <Line>поместят сепвахте мешат пъхтяната сменяно навъсете тъпеехме сметно патентното</Line>
   <Line>напомняха отавеното осветявахме помамван нашепваната отмахнете спотаят</Line>
   <Line>опетнявате посветяхте тъпеете сменявахме външен напъвах свесва смесехме</Line>
   <Line>пометеш стеснено опетняваха степваното степането спояваме намятате свесвах</Line>
   <Line>напоява осветеността отесняваха пошаввахте настъпената сменяването напееш</Line>
   <Line>непохватна смееха потъваната петняхме стъпвах съпътстван опънехме отменеше</Line>
   <Line>яхахте вехнех смесехте отпасано навесната напътваме поотместван въставане</Line>
   <Line>поостанехте натопявахте посвестят момеят попасване сместваше пошепнехте</Line>
   <Line>патента отместването постава опвана вметнато пошаван тестваха овесена</Line>
   <Line>посметем съставехме съешавам панамата шестостенно напатеше пасях степаш</Line>
   <Line>онемявах напатеното посея онемян постановяват спомням посяваната опнахте</Line>
   <Line>стоновете схапваха вехтееха попасяха неясна попееха съпътстваното вменената</Line>
   <Line>напатеното настъпен нахапаното пестяхме посмявахме яснеете нямаме вметнат</Line>
   <Line>неоново емнете посвеняхте ставената помътняхме тепаме внесоха понапомнената</Line>
   <Line>шестването шепната наех съветваха съветвана спомнената напетото посявана</Line>
   <Line>понавестях посмесех посмее поясняваната шавнахте отпасан стенене напъхван</Line>
   <Line>омаеше помятана пошепнаха опвах сепнеш вехт нашетаме помътняването</Line>
   <Line>осветя намесването светяхме сепвахме сетят поташа попяваш опяваното</Line>
  </Level>
  <Level>
   <NewCharacters>ги</NewCharacters>
   <Line>съшиваха совнатите питомна попети снимат стоенията ишиасът висиш насипаните</Line>
   <Line>теманията стопяемостите наспиваха наминеш осмиваната свестявания понавитата</Line>
   <Line>неохотните пенявихте пигмент анонимен сивоти напомним смотания явените</Line>
   <Line>синапеното повисяното несвиваемостта осмостенният поевтиняното гъта няманите</Line>
   <Line>миниите оставанията стъпваните смигвана пъти имение отеснения несъвместимата</Line>
   <Line>стихнат мим мигван асистентите иманентното сияна емисия попит посегнехме</Line>
   <Line>шиен стаихте многотонно гамашите попия осияваната гигантите поотпихме</Line>
   <Line>натаманявани отместваният постения опишехте посместените гноеният тъняният</Line>
   <Line>напиха гътнеше посвиваните несистемен списваше гаснатия погни свиване</Line>
   <Line>многостенно съставеният свестиш напомпаните нагоеният инатене тенисния погвате</Line>
   <Line>погнаха опитам метнатият погасван вишневите сонетите есените сегашна</Line>
   <Line>сонетният неотгатнатия несгъстима епигонът намесени сметите поотминавания</Line>
   <Line>поопитат осмените ваши сияние впивах отговяван наемни нашиха агнеше гневени</Line>
   <Line>смяният смотаният гонеше синяният тъговити осиновяхте постягана попятият</Line>
   <Line>поотвиехме системните впие стопанисванията неясности петниха спагетите</Line>
   <Line>писаните опияняваха насмитаното съветваните многосъставен нагниваме тягостни</Line>
   <Line>поминаваните сепията многостепенните настини отметения опипваният попипането</Line>
   <Line>оптативния несгъстимият емнатия опипа отмитата ставени нагостявате спишеха</Line>
   <Line>автогенният патентованият понаситим несгъваемите хегемонният нависва омитаната</Line>
   <Line>стъмнявани наемания съответствието съпоставеният помотаните отвинтваното</Line>
   <Line>пътешествани топовните невестин поогъваше сипваха опипаш шишовете напътихте</Line>
   <Line>посвиваното пансионите понаместих отстинат намигане сатанинството напипваните</Line>
   <Line>имотен авансови несъпоставими съвместимостта сготвяна снимате поминавана</Line>
   <Line>погинато местоименно гътвахте настинем мешаният помътените посвиваната</Line>
   <Line>стъмнения патовите настави отметнатият свестиш смесеният витаеше ангините</Line>
   <Line>стаения настиванията помним насиняваше емвани оагнят настъпяния стопанисваше</Line>
   <Line>пестовни поминете отменения понамотания насинеехте опомниха свитости</Line>
   <Line>постихваният погасявана инатихме опитомяват спипането впъхваният стиснатости</Line>
   <Line>шашавите наготвяхте самоти погването неистинен наносвани вгъната помесените</Line>
   <Line>нависвате понавита сгъвано схапваните несъответствията отмъстявани ненависти</Line>
  </Level>
  <Level>
   <NewCharacters>жд</NewCharacters>
   <Line>ожънван ожаднеехме подставената вживях достопаметната оживеете ояден</Line>
   <Line>подножията поводиш седнехме подхождания досаждаш надписван подвижвана вдетиняването</Line>
   <Line>подвеждах оженвах доихте понадвесвана снижат осъдих оживяваха тонажите</Line>
   <Line>оженвах демодета доседяната подминавана надвиснехте подпомагани навежданията</Line>
   <Line>натъжа отсъдения подмесян всаждаха подмигнете входове подсъдните мижим</Line>
   <Line>намножаваме ядосано невижданият понамажат иден опадвана напада надмогни</Line>
   <Line>подновявах подновеното поопадван смъдена непосадена дотегнати досмешавахте</Line>
   <Line>шестдесети жегвани шестдесетгодишния понадвесва надишана снадената подмамяни</Line>
   <Line>димно осемдесетгодишен мъждивия допадания поотведеното досягаш надяждахте</Line>
   <Line>стадион подмесването походеха смъдването ягода навдигах подмесваха доходна</Line>
   <Line>досегнеше вядох ведомствената неживата подмамяната недамгосано домовитът</Line>
   <Line>вдишаше вдигне отежнявате видиотиха надянатата допития дивотата довтасана</Line>
   <Line>подгъвана погодя надписното жътва поповдиганият недоставяния навдигани</Line>
   <Line>домиете пешеходни надвнесен ведомствено напомаденото подменяваха оженвам</Line>
   <Line>ояжда видимият находеше надпиван отдаване тъждествена надминатите</Line>
   <Line>шестдневна стопановеди досетено погодяват отдаден димения надвесванията</Line>
   <Line>несамоходни надъхате походният посвидяваха подеманата едносъставните поспаданата</Line>
   <Line>женеше седемдневна смъдваните находеше наводнят отъждествената намножи</Line>
   <Line>нападнати осведомях въвеждат подведях подменях свидни надяване дъхави</Line>
   <Line>снижа джоджените ожидание допипа недоядена подмине подмажеш наддаването</Line>
   <Line>мъжовите женствени дотегнатият вдъхваме дига жегнеш невидяно поводено</Line>
   <Line>жадняхме подгонете подмигвате медоносни понаходехме споходиха надеше</Line>
   <Line>досятият недостигането отпадана отдъхне подвих авджиите говедо смъдяха</Line>
   <Line>мъждян ожънеш надвнесеш димих освежавате десетдневната невежествеността</Line>
   <Line>досягахме надавания надживяване подивяваше споходеше отводнен авантаджии</Line>
   <Line>ядни дината оснежаваш донасяното наежвам допивания жънат житие дънестия</Line>
   <Line>джинсовете надоихте недостижима неводната напомадеха жадняха поспаднатият</Line>
   <Line>подвиваното сгода осемдесета дояха отежнявано подмесехме повдигнехте господстваха</Line>
   <Line>домогнех неоженен отживявахме дамгосах омъжвани овдовяване походно господствания</Line>
   <Line>самоподписаният достоен мениджмънта отяданото отживявани осемгодишния отводнена</Line>
  </Level>
  <Level>
   <NewCharacters>фз</NewCharacters>
   <Line>заводихме известия иззвънявахме изгаснато изживяхме изгасяни занитвахте</Line>
   <Line>визон изпъхтяват звъннахте пиетизмът зазвъняния позамазвам заведено</Line>
   <Line>озаптяваният изоставане иззвъним звънтяния засветихме изтопеше низше меншевизма</Line>
   <Line>извиеха заметне засега изменяме изтипосвате назовахте задавяната пазеше</Line>
   <Line>зехтина подзижданите отзовете изстояхме записа запявах изгасявания загаснатите</Line>
   <Line>изместения задяван изписванията задвижваната познатостта феномен замиването</Line>
   <Line>осезавахме заменяемия съвземах мензата позаспивам снизяхте венозната запъхтените</Line>
   <Line>затънтеха позагазихме затънтят позапиташ замязахме доизпитата поизмитането</Line>
   <Line>дефетизмът гъмзите отзе изваем изметем снизим изпънеше тафти извиво изпозашивани</Line>
   <Line>затъмняваната възсъздавахме извисяваме подвозихте заявяваме заведях пояздихме</Line>
   <Line>възсяданата зазяпате мазнати яздят изстенаните запитва заговеят възведена</Line>
   <Line>познатостите самоизяждаш доизядяха заменимост видоизмених запенян позамазване</Line>
   <Line>земеписни заситихме замогнатото засенени запоихме изнемогнато спазим запознаха</Line>
   <Line>смаза изгонването засветях поизоставих застоеше папизми изявената</Line>
   <Line>изземане позаведях записи изстинете извозвани възседнеха запозная загниеш</Line>
   <Line>неназованото омазненият звънтя завявах заизвиванията дивизионната извинете</Line>
   <Line>изгиваме замахването повозени изпозашивате изоставяш неизвестност доизяжданата</Line>
   <Line>запишех земноводни спазван засениш позавяхванията изстояхте възвишиха</Line>
   <Line>изместима оназгодишното надвзето синапизъма земята задминат посъвземаното</Line>
   <Line>запитахме поизпихте затъжаваните засипаната занаят изгазения изстеняхте</Line>
   <Line>засноваваните спазма затихвам завоняваните захапано заносваш доизяснените</Line>
   <Line>позастояваното изстъпехме низост затъпявам задавените поизмесеното позагазихте</Line>
   <Line>завзетите запасано зажаднявания поопознахте изпитахте засвоят заженете</Line>
   <Line>замезвате иззвънете заснемеше озовавахме загасяваше видоизменихме завинтения</Line>
   <Line>яздиш изсипеше надвземеш изседи заизвитата задянахте въззеха застенатия</Line>
   <Line>засновавахме затъжавано подмазано задомен подзидаш овъзмездените запашем</Line>
   <Line>педантизма мазност мизата понизяваният намазваният затънените изпитните</Line>
   <Line>позавехнахте извято невъзпятата занижат изпошива неизяснимото нанизани зовах</Line>
   <Line>поизменям заситнехме изваждаха дафиновият изпадна повъздъхваме названият</Line>
   <Line>фит позагатваното изженено изпънатия създавах познаваемото завиди</Line>
  </Level>
  <Level>
   <NewCharacters>уб</NewCharacters>
   <Line>утежняна доба изсушено отпусната обиждането умесените упоиш увесват бяган</Line>
   <Line>сдушени муханата наумявани понадуе поумняването вдухнеше недопушените</Line>
   <Line>изсушавано неутешим обсегнехте угнивате джуджето успяхме неубедения вдовствуваните</Line>
   <Line>ужасено нашибваме ошугавяното угаснаха вбесяваме шутове удушим споменуваният</Line>
   <Line>обидени увежданията самоубиваното подобаваш обявения зашумена умствения</Line>
   <Line>уясняването тупваната шупване набутвам безподобна позабогатявания подбутваният</Line>
   <Line>пухестото изхабите понабиването досушавам удостои обожествявах избухтявахте</Line>
   <Line>безнадеждните сби обсъдените побеседванията поопушеното фундаментна забумтяваният</Line>
   <Line>жизнеспособен душните особите небезизвестната всеобемният обособният затупваната</Line>
   <Line>пътешествувате обезмитите многобоя избие сусамови обадеха съумяхме утежнявана</Line>
   <Line>зажумя пустосаш споменуваше насапунисани усвоявания бегът напуши недееспособния</Line>
   <Line>неусетните обмениш възмутената поопушена изпсуване нашумяван заобяснявах</Line>
   <Line>изтупванията необхватната надумваният обиждания пушим удостоената застуденото</Line>
   <Line>ухапваме угоиш понамусех опустошено изпухтяха боднатата обеднян ухнехме</Line>
   <Line>уединяваш захабихме насапуненото угнетим избедняваше изстудявам хубавеех</Line>
   <Line>опустошена поизтупаните попушват бавих ентусиаста бадемов убит избития</Line>
   <Line>безопасни обтягат доугоявания минутата издебни ступаните обясняваше уязвявахме</Line>
   <Line>унесох убягате понадуша базисен изуването внушавахме надушения поизтупах</Line>
   <Line>успешност бедствувате поднебесният попътуваните упоменаванията понадушиха</Line>
   <Line>похабяваме задушаваният неутаен нашушваната бъднина пухтите обединяване</Line>
   <Line>недееспособност ухани успешно ухаен сънуваното наумяваното бездомен побягваното</Line>
   <Line>обнадеждавах обтягаха теменугата обезумяна намушват изшумяваха понадушеният</Line>
   <Line>божието тупваните обеманата ужасяваха боиш снабденото поиздумваният</Line>
   <Line>безсъмнените забутан упаднахте шибнаха убягнех опуснатият бунтувани момувахме</Line>
   <Line>необявено жабясвахме озобат избоботехте наумиха потупван бабуини напухваме</Line>
   <Line>бобено бизони утихването попушваш подушен напсуваните подшушнатите</Line>
   <Line>вбият бисът обхванахме набутваните изсушената буботеното побуявана</Line>
   <Line>бавноходна безобидна угасим необяснените сухота обзетите ухаха набождахте</Line>
   <Line>неснабдения унизяваха смутим бутонни военносъдебният мушен усамотяваните</Line>
   <Line>изумеше забумтяваме успеваемостите издушехме уважават вбесяваме смушения</Line>
  </Level>
  <Level>
   <NewCharacters>ьч</NewCharacters>
   <Line>маточен озадачавахме тоничните поотучехте топчестия позасечете самобичуваше</Line>
   <Line>умъчнените почетеното подсичахме поучавано честитяваме изучено позачудиш</Line>
   <Line>почесани напеченият естетични печатам оттечете джобче почват астматичният</Line>
   <Line>набучете синоптична всечени участвувана почувстванията шаячни нечифтосани</Line>
   <Line>неотзивчиви счетоводната означехте джебчиите гаменче затичане четни заточваното</Line>
   <Line>отсечехте титанично вечности самоизмъчената ожесточехте снегочистачите</Line>
   <Line>участва чивиите ожесточаваше печатимо хипнотични достатъчно дупчената</Line>
   <Line>мечтахте пъпчасано допечатваната изтъпанчвахте поучаваме опичахме домъчняваните</Line>
   <Line>подотчетността начеват изменничество дъсчени уточнява зачесване изсича идентичности</Line>
   <Line>подучваните опечех намъчиха непочувствуваното начевахте амонячния участите</Line>
   <Line>отчуждения чумосаната енигматични съчувствания обучавано зафучавах подчинение</Line>
   <Line>живачните осичано измъчването обеззвучавано интимниченията забучвани счуете</Line>
   <Line>изпъчването дочетеш егоистични читав диабетичните натечеха изтънчиш важничи</Line>
   <Line>неавтоматичното анабиотичните чутото мъчноподвижна увенчавана обточвана допечатваните</Line>
   <Line>обучаваха допечати изучихме безчетни сачмата набичвани зачестеше изпъчех</Line>
   <Line>помохамеданчват стичаните поотучваха сочената оттичано неавтентичен почудени</Line>
   <Line>отстъпничеството мечото чифтосваното мазачи седмаче анатомичният измучиш ченгетата</Line>
   <Line>доносничеха чиниени чудесния измъчена загадъчна засечехте самоизмъчим безмозъчното</Line>
   <Line>дотичваш чудете надничаните заучехте демоничен самобичувахме софистична</Line>
   <Line>понапичаше анемичният наточва чатнах измъчена вчетете изтичаш изменничества</Line>
   <Line>затичаната съучастничете безчинстват втечниха сачми назначихме височина</Line>
   <Line>обозначаваният почивен подочувахме доучих тематичният озвученото момче новоназначеният</Line>
   <Line>надпочвеният почетяхме почу пандемичната типична поизмъчвах начупяно охтичавата</Line>
   <Line>починем заченатите начитан сбабичасаната анимистичният момчетията обточех</Line>
   <Line>подпечатват точности химичните еднопоточно означени чим астматичните четините</Line>
   <Line>чистото стъпча погачи поизточената надничен зачуваните отточим данъчна</Line>
   <Line>междучасието едноседмичен понадупчехте починатите обучихте мечтата означиха</Line>
   <Line>гьон набиченото зачешехме почесва поотпочинехте понечения изменчивата</Line>
   <Line>незаучена тичанията мошеничестват зачевате зачестяваният забатачват антипатични</Line>
   <Line>изтъпанчвано отчуждения мъчнееха заченатата тачех намъчвам надупчваното потичвах</Line>
  </Level>
  <Level>
   <NewCharacters>цю</NewCharacters>
   <Line>изпоцапаната баджаците семенце нациста нацупя смешница понацепвам надценяха</Line>
   <Line>неоцветна дифтонгизации циганях човеците обезценено потенции безбожница</Line>
   <Line>дефицитен нацъфтяхте цепнехте заместниците сцепи мацваният дистанционната</Line>
   <Line>циганяхте извоюваше съюзихме отцеждане абсциса пътешественици цапотихте</Line>
   <Line>уютният цепнатините нацапах агитации многоценните цопнаха депутация</Line>
   <Line>боцвах инвестиционното адаптационния геноцидите дениците тутманици</Line>
   <Line>очевидеца цопвах замацаше водноцветни нацупено чомаци спец наставницата</Line>
   <Line>боцнех инцидентната неамбициозната оценявана бюфетчии дупчиците отстъпницата</Line>
   <Line>двоицата часовниците неоцветният светиците нацъфтяха субстанция ютеното</Line>
   <Line>зацепвана двуседмичници отцепничество многоценния писецът замацаното абисинците</Line>
   <Line>заемодавеца нацепих завоюваната нацепяни тевтонеца инсинуация циганените</Line>
   <Line>потапници цапнатото станция понацупвах цветни сподвижницата боцнаха ушенца</Line>
   <Line>циганосваме мацнеха изпоцапана вцепенете безинициативна шанцова изюдената</Line>
   <Line>изцапваха нацъфтява понацупеха цапванията надценен дебютанти немецо вцепеняваш</Line>
   <Line>цопаме цапат навигации спусъци папуняците душевадецо понацепва пестовниците</Line>
   <Line>цеховете пигментации мацнехте детенца чуждица богоубиецо годинаците доцеждаме</Line>
   <Line>нацупите извоюват деецът овцевъдците цианизацията понацепвате цепене</Line>
   <Line>дъбаци обецата зъботехници цепва месеци оцветяват станционно цепванията</Line>
   <Line>цепнете несценичния съюзете цопнатия юзът победоносец дооценявам бяганицата</Line>
   <Line>задушниците цицнатото изпоцапваше стагнация подценявана зацапвахме агитационният</Line>
   <Line>изюденото цапотиха оцветихме съюзяваме циментовите воюваният обезцветения</Line>
   <Line>тупаницата меценатите абзаца обезценяваната воюва дъсчиците оценявате мистицизъм</Line>
   <Line>ценността безценността циганени ахмаци специфичното замъците въдици паници</Line>
   <Line>замацахме неспецифичните многоценен бунтовница цупиха замацания гъсеници</Line>
   <Line>дисеминациите езиците нотацията многоцветно оцветите светци овце сцежданата</Line>
   <Line>цедената доцеждаш цъфтяния цезият боцне заместниците устоцветният юначе</Line>
   <Line>методици душицата есенции цицнати недооценяваше вегетационните самоинициативното</Line>
   <Line>извоюваното зацепеха дюшеци понацупят боцване циментното оценяваното ясновидците</Line>
   <Line>авансцените инициативно ницшеанствата потомци зацапате пивницата гювеча</Line>
   <Line>бенефициенти атестационна обезценените двоиците азиатци оцветените подценяване</Line>
  </Level>
  <Level>
   <NewCharacters>йъ</NewCharacters>
   <Line>потъмнените гъне запъхтявай изхайманеше мъжденият възбудимостта въззетият</Line>
   <Line>съединяваната пожънванията спъваните неомъжено духай съсед бедствай ганаецът</Line>
   <Line>запустей запътвана съсичаните чистофайниците неотстъпности йон йотувахте</Line>
   <Line>зъбеха дой възставан вдовствувай богоубиецът безсъмнения геноцидът</Line>
   <Line>дотъчи изхайтвах въден наджънвай затънтени позвъняван съчинение изпъхтяват</Line>
   <Line>сонетът нагнездяйте поменавайте възведем изхайтваната съмнявахме неотстъпния</Line>
   <Line>отчитай мътят фанатизъм несгъваемият отмивайте гътай незнайни съчетано</Line>
   <Line>тъпеехте вдъхновяваме невъзпитаното задуйте всеотдайностите изсъхваните</Line>
   <Line>попътувания напъждания възобновяхте звънне понабъбвахме съживяваха съответстваше</Line>
   <Line>опъваш стъмване стъпнахте идвайте звъннах тостът самодейци затънеехме</Line>
   <Line>съвестностите несъмнено тъговития несъвместими подгъвахме затъмнения съвест</Line>
   <Line>пъченията видиотявайте упадайте тутай напътих загъмжаваш съчетаят свиневъдци</Line>
   <Line>стягайте напътствуваха спотайването завъдиха тъмняхте съединихте невъведено</Line>
   <Line>съответни овцевъдът настъпвайте нехайството възмогване възсиня навой попушвайте</Line>
   <Line>постъпван запъхтявате издънвана гъбовидна понапъпеният неизпънатия въздигат</Line>
   <Line>натаманявайте съживите възставаше жътвата навъсвайте досвидявайте упадъчните</Line>
   <Line>надънваната във посгъстен изпъваните запечатвайте пейзажа пъдпъдъчо позатъжени</Line>
   <Line>свойството възобновяван отъждествихте отъждествяваната пъхнехме затъжавайте</Line>
   <Line>тътнехме съответстват въстанатите синчецът поотдъхвайте питейно бездейства</Line>
   <Line>подействаните съсипия отсъдехте отивайте фъстъчените дънестия навъжданото</Line>
   <Line>взаимодействам недостатъчно възходната сеячът поопушвайте гъгнива съюзих възмогнаха</Line>
   <Line>стягайте пъхтяно извъждайте възхитена мътняна военносъдебни зъбеното</Line>
   <Line>потъмненото усмихвайте встъпени изгъвахте съсипеше тътнете засъхнах свиневъдството</Line>
   <Line>пътеписите назъбваме навъди съответстванията потънах позатъжим дънените</Line>
   <Line>йотувания звънете остатъчен затъмнее одушвай недочуй обуй съчиняване въздъхната</Line>
   <Line>съешавай гестаповецът извий тъмносиньото навъсех пастетът съвместими</Line>
   <Line>наобядвай поизтънявам немъжествените осъдят заотстъпването съсипаха иззиждай</Line>
   <Line>съсичано изпънатите съчетаваме попийната сопаджийства анасонът дочупвайте</Line>
   <Line>упойват извайваме напъхваше свойствата свиневъдството съчинен възстановявам</Line>
   <Line>напътствуван възмездихме махвайте погубвай запъханите омайваме напъвахме</Line>
  </Level>
  <Level>
   <NewCharacters>абвгдежзийклмнопрдтуфхцчшщъьюя</NewCharacters>
   <Line>устрелвалия отбрулвате размотаваш вкочанящата ликуваното захарта преустрояваната</Line>
   <Line>участващи наджасвалото разюздвайки неудържаната проспектите окълцвал изпотяван</Line>
   <Line>котиралите пандемии поутолява препържех закуцвала нахълтвания навършеща</Line>
   <Line>бронзиранията интерпелираш тарана драматургическото корковите закрещялият</Line>
   <Line>наговореща боксуваща мотаеща монархът запираш вменяванията подпашелия жонгльорки</Line>
   <Line>възпитателните хаитския унася скаларно изнемогнатото обърсвала иронизиращото</Line>
   <Line>успети дисекциите славословения наставещият фосфорна запътихте понахранещото</Line>
   <Line>епидермалният банализират дисциплинирания стоборите демагнитизирала редено</Line>
   <Line>доизпипвахте поопарената присламчвайте бодванията изтопилия отбождане ямайско</Line>
   <Line>предателствувалият изхайманяващия успеха значат оглупеелите просмучат мокрички</Line>
   <Line>жигосани детониране отворел сопотската чествувалите братовчеди сближена</Line>
   <Line>извъртвалото проумяхме помирявам смесили вписал уседявайте безчинствувана</Line>
   <Line>изтръшкващите снабдялото изплесвайки приритващите бетонобъркачките усвояваща</Line>
   <Line>поотваря изсушейки сбираното ваеха благодатното мяркан недискретно поостригвалите</Line>
   <Line>прехвъркващите приправел отърчаване домъквали оглозгваща надирате соляща запрашвахте</Line>
   <Line>рехабилитират опридащ хуквай подплатили дълбаелият архимандрити бедило наемодателки</Line>
   <Line>формообразуваната инквизиционна устискащо разгорещяваният полягваният захабилата</Line>
   <Line>минералогическата впрягащо пооткрехващото пробутваща свираните намацвало изчисляемата</Line>
   <Line>обезвредяванията паразитирах заслоняващ вигващият книгообмените преситещ пораздрусваш</Line>
   <Line>завладялата монополизираното локан углъбилото окървавящ подхвърчахме запратеше</Line>
   <Line>диаграма поблагодарящият семенната разсъхналото намножаваното позапържехте</Line>
   <Line>поражданият разлудявахте стратезите довявайки подплъзвала приросил непечени</Line>
   <Line>измирисващи демодулиралия избикаляща неони мошеническо дисимилациите безумствалия</Line>
   <Line>облажа ограбвана красноармееца приучаващата несъчувствени изтрещяло</Line>
   <Line>оскърбящият боготворените лъщялия каци разискряната възкресяваните пресъздаването</Line>
   <Line>цап отгатнех позакръгля неопитомената свадливости додеят възтържествуващият</Line>
   <Line>съсъхнатата русифицирай телезрителите наплещеният разбунтувалият концентриращия</Line>
   <Line>поизбледнява дошли сплашни пламенеещи рекогносцирало поизметялото подгизваме</Line>
   <Line>изтрополяванията плесенясащите дръпвалия пльоснех отбиралата забълбукала разкряскваше</Line>
   <Line>маргиналният фабрикувате продухвателна бръкната предвестяваните счесваното</Line>
  </Level>
 </Levels>
</KTouchLecture>
