<KTouchLecture>
 <Title>Danish (auto-generated)</Title>
 <Comment>KTouch training file generated Sun Aug 25 22:07:37 2002
Perl Script written by Steinar Theigmann &amp; Håvard Frøiland.
</Comment>
 <Levels>
  <Level>
   <NewCharacters>jf</NewCharacters>
   <Line>ffff jj jjj jjjj</Line>
   <Line>f fjf fjjj jjjf</Line>
   <Line>ffjjf fjf j fjjj jj</Line>
   <Line>jff f ffff j fj</Line>
   <Line>jjjf fjj fjfjj fj</Line>
   <Line>j jf jjjf jf jfj</Line>
  </Level>
  <Level>
   <NewCharacters>kd</NewCharacters>
   <Line>kfkf kd dfj jk dk</Line>
   <Line>fk d kd dfj fjd</Line>
   <Line>jk dfj dfj d d</Line>
   <Line>k dk fk d jk kd</Line>
   <Line>df dfj jd dfj dfj</Line>
   <Line>jjk d dk kfkf fjd</Line>
  </Level>
  <Level>
   <NewCharacters>ls</NewCharacters>
   <Line>ksdd fld s s dkld</Line>
   <Line>jll fkl s fld ds</Line>
   <Line>fld l sjk kld kld</Line>
   <Line>sk ffkl fkl sk</Line>
   <Line>dl sf dkld ffs</Line>
   <Line>dkld kl dl sdl lsd</Line>
  </Level>
  <Level>
   <NewCharacters>øa</NewCharacters>
   <Line>rad sjals ja lala</Line>
   <Line>løds kaj falk flak</Line>
   <Line>fad flaks rød fladsøs</Line>
   <Line>ras skalk løds salsa</Line>
   <Line>løj klask da a fa</Line>
   <Line>køls asks dødsfalds</Line>
  </Level>
  <Level>
   <NewCharacters>nt</NewCharacters>
   <Line>saft afnød klat anskaf</Line>
   <Line>raskt taktfast naj</Line>
   <Line>fastansat slants stanks</Line>
   <Line>nat afnød østland</Line>
   <Line>tskf anstand løsladt</Line>
   <Line>fladt støjs afnød</Line>
  </Level>
  <Level>
   <NewCharacters>iv</NewCharacters>
   <Line>skandinavistisk afstiv tavst</Line>
   <Line>divans asiat kitinskal</Line>
   <Line>statists instinktiv anilin</Line>
   <Line>standtid kids finans</Line>
   <Line>vvs visa annalistisk</Line>
   <Line>klatvist vindfløj fatalists</Line>
  </Level>
  <Level>
   <NewCharacters>me</NewCharacters>
   <Line>øffes kilet vandstandene</Line>
   <Line>fjenden standenes svinde</Line>
   <Line>svalendes afskallendes</Line>
   <Line>søvejenes sammenfattendes</Line>
   <Line>mjavede afstødes øjnes</Line>
   <Line>stødtandens assistents mine</Line>
  </Level>
  <Level>
   <NewCharacters>hr</NewCharacters>
   <Line>akkilessenernes versenes madrasser</Line>
   <Line>radikaliseredes fritidshjemmenes</Line>
   <Line>afskrivere saltsøers retssalen</Line>
   <Line>diasrammer rimesse svinemiklers</Line>
   <Line>hankedes lejekaserners</Line>
   <Line>timevisers familiariseredes</Line>
  </Level>
  <Level>
   <NewCharacters>go</NewCharacters>
   <Line>agathe fritekstsøgning</Line>
   <Line>hagendes demonstrators</Line>
   <Line>motellerne maoisme indtegn</Line>
   <Line>trillingers vidneafhøringer</Line>
   <Line>teltholdernes helligdage sorteringsmaskinens</Line>
   <Line>sorteredes aftenandagt</Line>
  </Level>
  <Level>
   <NewCharacters>bp</NewCharacters>
   <Line>simplifikationerne fejlbedømmelsers</Line>
   <Line>genanvendelsesprojektets barberknivs</Line>
   <Line>tilspidsningerne belliser spergel</Line>
   <Line>promillekørsel strippokerne</Line>
   <Line>eskaperes børsnoteret</Line>
   <Line>bestrø patineredes</Line>
  </Level>
  <Level>
   <NewCharacters>qå</NewCharacters>
   <Line>bondegårdenes fjortenårigs</Line>
   <Line>spånløs indlåner fireåringen</Line>
   <Line>frådseren afhåringers</Line>
   <Line>pålideligstes delområderne</Line>
   <Line>årsopgørelses båsens såmaskines</Line>
   <Line>båndsprøjtningerne åredes vedgåelsen</Line>
  </Level>
  <Level>
   <NewCharacters>wn</NewCharacters>
   <Line>omredaktion rekordindehavere</Line>
   <Line>sladderhankes stenbedsplanters</Line>
   <Line>tapetseringerne åbnede hovmodendes</Line>
   <Line>forkøbsrettighederne konfektioneres</Line>
   <Line>apoteosens papirfabrikken</Line>
   <Line>opløbnes konfereringers</Line>
  </Level>
  <Level>
   <NewCharacters>cæ</NewCharacters>
   <Line>svækkelses tænkeboks ærmebladene</Line>
   <Line>anticiperedes civilisationsformers</Line>
   <Line>æggehvidestoffets desinficeringer</Line>
   <Line>jærtegn racet efterspændingerne</Line>
   <Line>centralisations kancellister</Line>
   <Line>spættes demarchen congoleser</Line>
  </Level>
  <Level>
   <NewCharacters>x</NewCharacters>
   <Line>radixers excelleredes</Line>
   <Line>lixens excesser dioxinbegrænsning</Line>
   <Line>sexologiskes saxofonists</Line>
   <Line>maxien oxider boxcalf</Line>
   <Line>dioxinets sexmistænkt</Line>
   <Line>mexico saxofonistens</Line>
  </Level>
  <Level>
   <NewCharacters>,.</NewCharacters>
   <Line>a.m.b.a. nov. nr. jan.</Line>
   <Line>mv. mht. apr. dvs.</Line>
   <Line>c. c. iht. nov.</Line>
   <Line>etc. kl. tv. a.m.b.a.</Line>
   <Line>bl.a. osv. d.v.s.</Line>
   <Line>c. nr. apr. afs.</Line>
  </Level>
  <Level>
   <NewCharacters>ABCDEFGHIJKLMNOPQRSTUVWYZÆØÅ</NewCharacters>
   <Line>Ea Hermanda Mejken</Line>
   <Line>Claramilla Mariettes Klas</Line>
   <Line>Femmøllers Joahs Sella</Line>
   <Line>Francas Jefs Irbits</Line>
   <Line>Bredahls Klaves Silvanias</Line>
   <Line>Amerika Aksinjas Jensmine</Line>
  </Level>
 </Levels>
</KTouchLecture>
