<KTouchLecture>
 <Title>Dvorak Español</Title>
 <Comment>Ignacio Fernández Galván, 2005
http://djelibeibi.unex.es/
</Comment>

 <Levels>
  <Level>
<NewCharacters>ur</NewCharacters>
<Line>uu rr rru uuuu rru uuuu rrrur rrrur uru uurrr ruu rrrr rru rr ruuuru</Line>
<Line>uuuu ruu uu rrrrr r rrrr uru u uu ruu rrrrr rr uurrr uu uurrr rrrr ruu r</Line>
<Line>u ruu ruu rur u u rru ruu uuuu rrrrr u r ruuuru rr uuuu rur rrrur uu uu</Line>
<Line>uurrr rru rrrr uu uu r rrrur uu rrrrr rrrur ruuuru ruu uurrr uurrr rr</Line>
<Line>ruu rr rrrur rur rur ruuuru uu rrrrr rrrrr urrrrr uu uu r rrrur uu ruu</Line>
<Line>urrrrr ruu uurrr uru ruuuru rr rrrur urrrrr uu uu rur rrrrr rrrur rrrr</Line>
<Line>ruu urrrrr uu ruu rru ruu ruu rrrur uu uu uu uuuu uu rr rr r ruu ruuuru</Line>
<Line>rrrr uuuu rrrrr rur rr ruuuru rr urrrrr uu rru rrrr uuuu uuuu r uu</Line>
<Line>urrrrr rr rrrur uu uru uu uuuu uru uu uu ruu uuuu u ruuuru uu rr r ruu</Line>
<Line>ruu uurrr uu uurrr uu rur rr rr u r ruuuru ruuuru uu uu rur u uru ruuuru</Line>
<Line>rr rr rur u ruuuru ruu ruu uu r urrrrr rrrur u rur uurrr r u rru uurrr</Line>
<Line>uu urrrrr uuuu rrrr uu ruu ruuuru r rrrrr ruu rru ruuuru uu ruu urrrrr</Line>
<Line>ruu rr uu rrrrr uu rru rr ruu ruu uu uu r uurrr uu rru uu uurrr ruuuru r</Line>
<Line>uurrr rrrr uru r ruuuru r r uuuu rrrur rru uuuu rrrur uu rur uru rru r</Line>
<Line>rru uurrr ruuuru rrrr ruu ruu uuuu uuuu rur rrrrr r urrrrr u uu rr rrrrr</Line>
<Line>ruu uurrr rrrrr rrrr r uu uu rrrur rur rru rr uu ruu rrrur ruu r urrrrr</Line>
<Line>uu rru rur rru rru uurrr rrrr ruu ruu rur ruu rrrrr uu ruu rrrr uu rrrr</Line>
<Line>uu ruu rrrrr urrrrr uuuu rrrur u u uru uu urrrrr rr ruu u rru r ruuuru</Line>
<Line>uurrr r rrrur ruu uurrr rur ruu uuuu ruu uurrr rrrr uru r ruuuru r r</Line>
  </Level>
  
  <Level>
<NewCharacters>et</NewCharacters>
<Line>ere utter rete rue tute tut te t rte tee e t terree rute rte utter rute</Line>
<Line>truer tute rut tut tete erre ureter tute terr rute retrete rte turret</Line>
<Line>rte t rut tutee tutee te erute e ureter true true teeter turre turret</Line>
<Line>ureter tu tee e rete tutee tee teeter tee tute terree utterer turre t</Line>
<Line>rue rte terr te e e tut true te err re true terree tete tr tutu tree ere</Line>
<Line>tut tute tute terr tete tete terree tutee utterer ere ere tr utterer t</Line>
<Line>rt retrete terete tutee utterer ureter true utterer utterer tree truer</Line>
<Line>ureter te utterer rte terr tutu true tete te ureter truer tete tutu tute</Line>
<Line>t terete e erute terree utterer tree e rte e true tu terete terete rete</Line>
<Line>terete tutu terree turre tete teeter tu tete terete ureter ere true tree</Line>
<Line>terete tete tutee erute tute rue tut tete ureter turre tete truer tree</Line>
<Line>true rute tutee teeter terete utter utterer utterer tree tr terete erute</Line>
<Line>ureter terr e te utterer tute rut true tee tete tutu true terree true</Line>
<Line>tutu terete terree e utterer re te rte tree erute terete te teeter terete</Line>
<Line>terree tete t tute teeter ere true tu re terree turre terr utter tee t</Line>
<Line>te tee rte erute teeter rute err retrete tutu erute truer utterer te tu</Line>
<Line>utterer erute erute rete tut tutee tu rue te tu rt teeter rte terete tree</Line>
<Line>teeter ere terr retrete ureter turre rute tr erre tutee tu te tutu truer</Line>
<Line>te terr teeter tr utterer erute utterer teeter rte retrete rut re truer</Line>
  </Level>
  
  <Level>
   <NewCharacters>on</NewCharacters>
<Line>retro tonne reenter toro nu retro torturen troneren rotuno rotten rennet</Line>
<Line>entrone turne nut orto entrone retenerte norteo entronen tron oreen tono</Line>
<Line>torturer retorne error neuter o oteen torture tenor torturen roturen</Line>
<Line>rote entreno entrone trueno reroute ruto outrun rottener teten tono tore</Line>
<Line>runner torturen torturen euro entreunte non entono tenue roten unten</Line>
<Line>trout terreen oren terreen eren entrono retente note runo returnee unto</Line>
<Line>torren rerun notro entorne unto torno tonne unto eon treo un rune out</Line>
<Line>torturen otter troneren tuneo trout rotuno tour rento orto tuturuto</Line>
<Line>tuteen tuteo reno unte tuno ruten tonne reto outrun enteren runo treo</Line>
<Line>retorno ten rotten tenner retento rout urn roten rento otro reenter</Line>
<Line>ronronee tort turronero ton toe toreo toruno roe tuturuto tronere oro</Line>
<Line>tenor roen entornen tetero enrono teto entro retoro reten entuerto</Line>
<Line>tuneen turronero roue tonto ro out entro trenteno roete entrene unto uno</Line>
<Line>enrune outrun roe euro entro tenner note nurturer note torree o torrente</Line>
<Line>neto rune oreo notro tronere troten ronroneo tronero torture retornen</Line>
<Line>otro tuneo no ton noto oree nortee entorno torneo outre retento truene</Line>
<Line>roturo ronronee reno noun ruto ruten nene runner tout roture enturo</Line>
<Line>turnen oren nono entente terno roturo treo terno retort tontee entro</Line>
<Line>entro torturen torrente turno toruno truenen not trot rentero entronere</Line>
<Line>uro tonne retornen tornen retenten toruno terno terne non retorne rotor</Line>
  </Level>
  
  <Level>
   <NewCharacters>as</NewCharacters>
<Line>enserar nans resonases reataran resonaras atraernos rustras narran retan</Line>
<Line>asurases ruanes rest terrones tratarse ostenta enrasaras sanas entornase</Line>
<Line>retorna serrases tarareare rateos reuntasen rosetones enartases sornaste</Line>
<Line>usase asurares rotas sastresa surtas rotases sorra sestearen ratonaras</Line>
<Line>tenors asaetees eses taste reatares sanear toaras tutease asaeteara</Line>
<Line>enteraros torneares saturare esa enartaste enrostras resanes rastras</Line>
<Line>atontaron asunto austro enrasan torturar raros entura tersare atontes</Line>
<Line>assents reararas ratas restarse ensenas tetas sonora raso sosera</Line>
<Line>aserrase us rattans arara trotters norteas susana retretas orate tunanta</Line>
<Line>rautas trotara atestaste osaran trasuntan esterares rases arrate</Line>
<Line>enastaren atareasen ronroneas esturaren tuteare ensotaron rosas retesan</Line>
<Line>ensenara eater rastreara totanera tetaren aunaren stone statures</Line>
<Line>ratoneros enasten rastra esturarte artesones sastras tensare reararan</Line>
<Line>teneros asustares arresten norteaste enarenara seranean erases ese</Line>
<Line>asustaron torraran arruasen rares taus terrease arrasaste nueras</Line>
<Line>enseraren etas usares setenaras rosease arruaron usuta artesana ruana</Line>
<Line>nantar sateen tetases atronere usurearan toseta asesorar retratas</Line>
<Line>retesara rentoso atasen arreasen atontasen atusar transo tetaras turrase</Line>
<Line>torneasen enteraste truenas usutas eater stare tonos narrasen resanara</Line>
<Line>ostenten aseen sonrosear atonto oases roseasen asestases sus asarse</Line>
<Line>retreta tanteasen atentes ansarones san setero seseaste asesasen tanteos</Line>
  </Level>
  
  <Level>
   <NewCharacters>id</NewCharacters>
<Line>strains inunden desdedido artsiest tirrias insudara tontadas atiesare</Line>
<Line>desires atinarais retentad riendas sodios santidad nations desudare</Line>
<Line>resididas rotunda radiaras aireas airo endosad estirarse reunida seiseno</Line>
<Line>retada edren detiene tensina enditaron atronadas arietes dissent</Line>
<Line>ideaseis derision innatas asaeteado deionised disentir seriaren osarios</Line>
<Line>dissuades triase antia desanuda adornante sordas insidia anudaran</Line>
<Line>tonarios detonada irisan rodeando drains ration reinsert did ninnies</Line>
<Line>derruir ditsier disonar enrodas airados ordained desanude arrodeara</Line>
<Line>anudes situara tatuadas rotundas inured tundieses dreariest aterrad</Line>
<Line>enredases anidares rinsed dietaron nudists destenta destoses atetado</Line>
<Line>aneroid destetare tedio derrite sodio dentases audios aireas atentada</Line>
<Line>desunan noise unisonada deseareis rodeara asida desanidar serenado</Line>
<Line>ordered detonad radio airarte dissonant desatad resisando enditas</Line>
<Line>tosidas asientos reedier disuade desuda odies tired entienden internada</Line>
<Line>asedaseis diuresis diestra sedientos desdente dados tirintio rondareis</Line>
<Line>readies siseados trinan sitarists enartadas tintineo rieseis etude</Line>
<Line>andado rustriste tiroteen asirias arteries istrian netted dinosaur</Line>
<Line>dentadas asientas sientas airearon sardina atiendes atadores desadeudo</Line>
<Line>rosado rattier astisteis dreaded insudes dornie inodoros torrad rueda</Line>
<Line>adensen enrodan dado rindieren nidrios entrenada dedo ordinated</Line>
<Line>sonrieres rentareis nardinas daunt staidness antoniana asistente</Line>
  </Level>
  
  <Level>
   <NewCharacters>áéíóú</NewCharacters>
<Line>resudé útero dudó ratearé sedearían endosé enriáis resentís tostaréis</Line>
<Line>santería aunándose distarías detenéis tiréis resisaré dorándote rosearán</Line>
<Line>intuía inundarán oseéis atraséis resistían desaterró ruinarías denotaré</Line>
<Line>reuntáis asustó raerán aserré sornáis atediaré transaría urdiréis</Line>
<Line>uniéndose desadeudó nansú susurró odiarías tonsuráis derritáis aserrará</Line>
<Line>tundí asedáis dentarías endiosará irritarán desasíais sornó asedaré</Line>
<Line>drenarían entendían testéis idearé testáis dirían editaré edité sonrías</Line>
<Line>saetía disonarás enarenaré donarían roerá tundearé torraré atusarías</Line>
<Line>rastrarán tensará sedería tantearás sonreído sentían tendría rustirás</Line>
<Line>adensáis antiaéreo asustáis desordenó sisearéis atontáis sesearía</Line>
<Line>trastorné atronarán erosioné erutaréis arría destetará irritarán restaré</Line>
<Line>dónde sonríes desdaréis aterreró adosará tundearán insudó satinarán</Line>
<Line>rustrió ruaréis titará otearía orinaría nordesteó raías situaría</Line>
<Line>tostarás teneduría dentarían deterioró asordáis astéis torráis oíros</Line>
<Line>airáis rotarían rustirás toaríais naneéis rutarías atáis enrunéis éter</Line>
<Line>erídano dría asteré enrasé retinaría nadaré anadearás anidéis rendís</Line>
<Line>desertáis orinarías atusarás enronarás notará enraséis desearían</Line>
<Line>tiraríais atenúe aserrarán retasarás denostó resonarán editarán</Line>
<Line>tarareéis desadornó arruinará oír terrearé soneteará arruinéis redundó</Line>
<Line>renadíos nantarás atinéis donándose atreudáis taséis oráis susurrón duró</Line>
<Line>arrasaría desadornó sitúa disté retundáis sesteéis derretía resentís</Line>
  </Level>
  
  <Level>
   <NewCharacters>pg</NewCharacters>
<Line>guardar rapara disgregó suponed apagó ripiarais ratigasen resitting pino</Line>
<Line>tragaran triptongó grossness prodiga aporra pisoteare pudiese irrogad</Line>
<Line>repeine degustará repagases peignoir pine apiane guttiest gouged negrura</Line>
<Line>pasturage pretest respigare trapeará presagié gitanearé piarán inauguro</Line>
<Line>aporrarán repaid parergon pudingas graneo grandiose ataruga rigieres</Line>
<Line>engruesan predigest gestean desgrana parapetar patera narigudo negreare</Line>
<Line>destripan puniesen prognes taponera despenad petting graneada torpedo</Line>
<Line>repugnes engrapé napper pungirá ranger pedrea torpedeo grates grunions</Line>
<Line>entarugad anegaren disiparé patearía disparate pongs reportage dirigirás</Line>
<Line>proteger espurrias sopuntó instigare raposeáis soporte tugged pegasos</Line>
<Line>anegando trepados pisonearé gateareis ignoras pipiaré perduran urgieren</Line>
<Line>pioneers asegure resigning apetitosa despana sosegaren tapir estigios</Line>
<Line>dignéis uprooting guiparía atrapases gansees superarás prosigo aguando</Line>
<Line>straiting pródiga striped pingó dragonea desoigo topare pipping repagan</Line>
<Line>depuro depuráis guerread sangran prenoté giants pointers grins generates</Line>
<Line>repague griega pisonead guiaréis sopase pernios popasen apagarnos apagad</Line>
<Line>suprioras pigeoning energiser pringada raposinas gatearen repagada pispa</Line>
<Line>tapers arrogues gestearía raptéis espigosos posee arpes adaptes dignarán</Line>
<Line>tripped papping despanare soapiest spiting protegió punirás posdatas</Line>
<Line>disgustar depones pondera atropó desgana grúa perdurar griterías ponían</Line>
  </Level>
  
  <Level>
   <NewCharacters>ñc</NewCharacters>
<Line>gañir guiñará restañéis atasco aniñarse niñada engañada precising</Line>
<Line>nacarada acacia desencapa acuartó asurcasen ciñe diseñar careened</Line>
<Line>caudatas ciaras iciest niceness desdeñes cariñar estaño porcino enocase</Line>
<Line>carcaño señoreáis suceder roñar prescindí roñen recusan tacañean</Line>
<Line>desroñare cuatreño acertáis tectónico cañedo cuñad cuisine addicting</Line>
<Line>caído preñara niña crepito coronador pergeñé estucases graced soñados</Line>
<Line>rancian consonada adueñadas estañan adueñaré picoting scoot desciño</Line>
<Line>diseñases cuñarás enseñaría picardía encañare catonicé ordeñáis descepad</Line>
<Line>especies carrascas acuñe space dañinos copiaría peña regañada creates</Line>
<Line>apacigua picaréis acuñarían tañían truncados cuándo añorare apancora</Line>
<Line>gruñiría ordeñan carenaría apiñaste encañonan ensueñas acatarra</Line>
<Line>esparcirá entuñaría trencen castigate añadiese escodad carpets destacan</Line>
<Line>enseñe escañasen cerciorar enact centena incusos entrañas doña cernían</Line>
<Line>desensaña cariarais estucases porteña ciñéndote dañe desceñid apuñaría</Line>
<Line>tacañeada roñarás tacañea uñada traducid reseñase adduce dañaras cucó</Line>
<Line>roñó recaude acaecidas truncado desdeñes tañerías guadañáis saca toce</Line>
<Line>apuñeas cañoneo ensañaros ordeñase apañados acosad garduños cañota</Line>
<Line>guiñaste enancaron costeña rapiñase enceparé secundad cande cocees</Line>
<Line>acertaría apiñe roñaseis engañara desdeñan acañonees acontecí cantiña</Line>
<Line>recreando doñas cocearais reacuñará perecerá encaucen desecaré seccione</Line>
<Line>descoca gruñas cañero caño desteñían escañeros encaño acapare</Line>
  </Level>
  
  <Level>
   <NewCharacters>h</NewCharacters>
<Line>hateáis reharía historio aches enhueréis chippie cachad hundieses uchú</Line>
<Line>hadarás acechasen encacho hincaran phi pushiness estreches hotness</Line>
<Line>hedonist acechos right trechean puncháis enhornaré rightness enhestas</Line>
<Line>ancheta ahincáis chichiest hoot ponche chips chupeta soother piache</Line>
<Line>tooth rightest hincháis graphic chocheara hundido deshonoro enhestó</Line>
<Line>espichada chateare heathers adhered doodahs cacho herrarás cashed</Line>
<Line>sancocha hospodar seashores enchiné hongos sanchetes hiriesen herretea</Line>
<Line>adherirá hedidos trashes sahornan cocheases destechas hocicudas chatees</Line>
<Line>penchants honradas hincaron hearers therapist adherir ahogarais hinchó</Line>
<Line>chapuces chocheada hr phone anchurosa sonoche horn antiphon hurtagua</Line>
<Line>cinchones sospechar tochura rehear hostigará agachare troopship snitch</Line>
<Line>chistase rehashing hearthrug ahorréis tethers cachua chariest estrechar</Line>
<Line>hincaré hooter honradote asechases nosh enhiestas thespians híspidos</Line>
<Line>honesto rechina rephrases hacheare earshot enchico coheredan hence</Line>
<Line>headaches cachetero pinchones achispéis hundís hincas ahogarais cachado</Line>
<Line>hiciera predichas reherrará ahondar underhand choteadas ahornaste</Line>
<Line>chocareis pathetic chupasen chitón enchinase shrouding chotearon</Line>
<Line>chanceada agarrocho pinchases anhidrita tochedad chastened ahorcados</Line>
<Line>chattiest encauchó entruche rachareis hunters hespirse ditched chateó</Line>
<Line>ducharan echar cocheáis chincha chateaste chirriáis coguchos heredera</Line>
<Line>ahorradas hopeare hied perch theirs chincharé achenes hearsing hopeado</Line>
  </Level>
  
  <Level>
   <NewCharacters>l</NewCharacters>
<Line>salseros alteéis copulara declaring orlarais halarás deliraren platinéis</Line>
<Line>resaltar desalarás encele halconear apiolaras clisé agotarla linóleo</Line>
<Line>acallé tecleases lucirles lépero gallead ludiasen desliada aplacías</Line>
<Line>colearais carlingas solapas deluded laurente alcance telurios criollo</Line>
<Line>recelada lleca calándose elección aplanáis saltareis alienadas acodalare</Line>
<Line>piolares leéroslas delineara litoral latín splines alegan ladradas</Line>
<Line>placareis lapicen ganchuela escarpelo placearás salteños serpollar</Line>
<Line>lolling sultans halaríais patrullas calcino apiñarles salgue apearlos</Line>
<Line>desellar ralos pulidoras llagando tildad pedal idílico gelds rielarás</Line>
<Line>silícico alineare tutelara colono lung tirulatos teólogos alindado</Line>
<Line>gloriases elogiarle galoparan crudillos iletrada clarearon ladrada</Line>
<Line>estallas suplió sploshing astilléis acanalaré resalido pulid aletargan</Line>
<Line>panoplias retallad soldaréis curial polcaren chaneléis religado lager</Line>
<Line>papeloneo chulos letuarios alistara legara enllocara upholding golpeó</Line>
<Line>rehelear usarlas enchilad asoldade real ararlas llande aclararía</Line>
<Line>inhalants hallarán salida sallador escalasen people postulará lacrarán</Line>
<Line>entrillar halos girártela pedirlos hospitals lencero aglutina palparen</Line>
<Line>despalde tillaré leparás alargué rielarán loather landlines paloteó</Line>
<Line>longar autillo elopes adelantas pasteleas aliagas clarores trapalona</Line>
<Line>eludían unsettled aludidos laceraran alienado launas acertarlo insocial</Line>
<Line>sundials platicare dollop deplorar alegó arrolla repolla enlacé galas</Line>
  </Level>
  
  <Level>
   <NewCharacters>yf</NewCharacters>
<Line>finarás facility fundarais fairytale fachendeé financié fairly enyugan</Line>
<Line>fincases reputedly royo prefina sanctity efundí coolly inertly fugaran</Line>
<Line>infartos steely infieren fusilando enfriarla oroya torridly escuyerá</Line>
<Line>fraterna linearly unhappy dashingly rayosos difícil confluyó oyereis</Line>
<Line>stuffed stuffiest retype trashy incluyes falderas layados soslayes</Line>
<Line>chiflando esférico pity etiology recluyó safely hydrangea hydrology</Line>
<Line>nasally pacifista leisurely refolding filé ferien hooraying afronta</Line>
<Line>daftly infusos yugular sedgy propylene odiously hayfield ghostly</Line>
<Line>fundasen yo farrier acefalías sufras fuels refer afelparen filched</Line>
<Line>recayendo escuyan essayed roundelay fecharas shiny reyunas careful</Line>
<Line>infundida raffled alfardé desafila felony poppy incluyáis rayad</Line>
<Line>ayustadas lengthily felted yaciste enrayéis refregué tangy perfilen</Line>
<Line>conflict ofendéis follaréis fulero farrearé afeados caulífera afluida</Line>
<Line>hoya yeah enfulláis afatas daffy graffiti fuerces asininely cifraseis</Line>
<Line>diluyo afielada oysters nicety racy flings retype diluyere atalayará</Line>
<Line>factoids free yeah espy futurity referían spyhole falsía agency guayad</Line>
<Line>ofertarla oyeseis ufanos desapoyan pilfers rechiflé ayude estufó</Line>
<Line>infunden sunny defiendan raya rayador alcalifa floreadas creyeses fluffy</Line>
<Line>configuro federarlo ayudarán catalysed faience crayolas creyerais</Line>
<Line>enfadasen afiarán topically difluir rigidity aforaseis enraye farragosa</Line>
<Line>enfrontes idiocy restudy horrify apoyarás yesera spaying frenaste</Line>
  </Level>
  
  <Level>
   <NewCharacters>xb</NewCharacters>
<Line>rebullan abanasen expendido suffixes subastáis glob axiales fixtures</Line>
<Line>iniciaban exaltaros gangueaba befaste exaltaste oxidasen látex escribís</Line>
<Line>relaxes exulted exculpate badallas albedrío extrañar exilie exorase</Line>
<Line>hebra xxxi exores bisexual cabreaba herbosa outfox extendida blissing</Line>
<Line>barreada aocaba expiates excediera extraigas abanaréis baratas abonadas</Line>
<Line>befit borboteó rociabais explicaba exegetic rorabais abanara surtaxes</Line>
<Line>caneaban extracts blindases rebuto expertise sixtieth benefice probabais</Line>
<Line>expidiera rebasaron prónuba excediera exponerse bastearás bellyache</Line>
<Line>expanden públicas recobró exculpad hexing exorarla exhibido explayaba</Line>
<Line>boxeados extrañé cabes anorexic expedían oxidaría encabrió inexactos</Line>
<Line>exudabais bañáis caben bents coxálgico cabalada aberraré asfixiado</Line>
<Line>sorbiese derribaré arietaba extruding bedelio execre respiraba flexuosos</Line>
<Line>bailarás oxidarles indexers expolió binaren laxó expresáis oxide oxcart</Line>
<Line>labelling cebarán exultar taxied sextario ababillan excitaría urbanises</Line>
<Line>anorexias bateaba resobréis exportas extension expugnaba desbaben</Line>
<Line>apareaban expendía bucearía silabar baldía oxigenan oxidarlas bordad</Line>
<Line>bedpans expects pretax atoxicase exposes expat expurgaré raboseada rabeé</Line>
<Line>belesa excretará rebuff pebble rectoraba cerrabas breché expié unfixed</Line>
<Line>xi cableaba bufonesca ballena indexen excusaban bey pyxes debauchee</Line>
<Line>robarais expropió burilaría habérsela abollaras dopabais brillare</Line>
<Line>laborable expolias lineaba exagerare excited laxara exfoliara aberres</Line>
  </Level>
  
  <Level>
   <NewCharacters>km</NewCharacters>
<Line>kappa pekingese kilning trompillé miamos relinked monkish camuflan</Line>
<Line>kopecks bikini inkblot chukkas dreamt rumbaréis ampararte apenarme</Line>
<Line>espetemos risking bulkiness drinkers oinked penknife impregnen primeaban</Line>
<Line>petcocks topknot tokens desusemos freakish kinetics frank alambrado</Line>
<Line>spake hearkens leakiness dikes premiaría amnios embribara mulilla</Line>
<Line>embriones sickroom backbit kinetics bakers inkier emanan conkers porkies</Line>
<Line>marchaman poseíamos esfumemos pummel playbook miañéis keelhauls armaseis</Line>
<Line>inhumaría tosemos comebacks koans escamaste remosto playbook relamamos</Line>
<Line>lithesome rampaging misspoken humare dimer rakishly animarás tarifemos</Line>
<Line>farmacias secamos dicótomo thicket sneakers backer cumpliste bulky</Line>
<Line>yarmulkes matings informada desarrumé empurrará keyholes alfombran</Line>
<Line>planks hormigueo selectman many mocks skylark keelhaul empocemos</Line>
<Line>remabais simples rámeos keystones grosbeak embeodad empergare skimmer</Line>
<Line>tokens chospemos meraban dankest haláramos skittle deskill inkblots</Line>
<Line>linkage modeláis sheikdom penásemos humblest spank rumas moulting</Line>
<Line>empleabas sucked pecks sucking remarked tacked mugidor darkies decoremos</Line>
<Line>interlink dickybird backdates hookiest humpback ransacks morrillas</Line>
<Line>humidor derramen suckles picker kangaroo blanking tricking mallar</Line>
<Line>kilotons nickle bookend snaky pickling escaméis macrocosm alimonará</Line>
<Line>sickened blastema fastbacks eximiros kick bumptious clunky clerking</Line>
<Line>montaseis broke maranalla bulk umbralado témporas adormitan molleemos</Line>
  </Level>
  
  <Level>
   <NewCharacters>jw</NewCharacters>
<Line>ajironar wattage wuss jaricaban jineteare fajeros outgrew waders wannest</Line>
<Line>joyosas outwears ahojaban alijabais swags repajos upwind jorobases</Line>
<Line>homenajeó unwell wriggly jarabeará waned tideways wren jarciáis amojonen</Line>
<Line>whitehead jaspees bewared hojaldró wheels wangler snowier drawcord luje</Line>
<Line>ajorrará endowment conjuntos mujalatas crewel gawkiest alejaron enojamos</Line>
<Line>rijas gorjeada slower undertow shrewing coworker mildew bojes atajes</Line>
<Line>parejura burrajean entapujen wackes narwhals whiskery bewaring elije</Line>
<Line>slowest lijéis amarraje urajeados encobijad jugabais hewed pajoleros</Line>
<Line>paws lambrija sinewy woke wispiest jamaste pujadoras retejes sonrojad</Line>
<Line>jasemos warships pewits jaldre sujetaban leastwise tweak bajuna swirling</Line>
<Line>blowgun scows desabejad unwitting aflojo jedaréis crawlers wronging</Line>
<Line>mewing coworker waddles barbwire rejigged unwounded jirpees swelled</Line>
<Line>jactarais unwitting answering wooding award jasado jinglaría redijeran</Line>
<Line>cowed jaw sinew tripwires sedujeron esponjará jauntier reawakens jacas</Line>
<Line>sobajare tajeros winnings allows jawbones jitarían desfijare ajorabas</Line>
<Line>downpipes meltdowns oreja wined brewpub anejo mawkishly catwalk mejorare</Line>
<Line>wrights weaklings swamis unwound ajorarían downrange ejectors arroja</Line>
<Line>abjection pathways ajustaros sonrojeen enojadas warred jalábamos aguije</Line>
<Line>worksheet rojas motejaban matojo wodge atrojarlo bawds sparrow jockeys</Line>
<Line>winery weaselly mojiganga wildness twaddles lujoso bellows steward</Line>
  </Level>
  
  <Level>
   <NewCharacters>qv</NewCharacters>
<Line>requiem obsequies baqueare choquéis veamos movérselo mesquites viciad</Line>
<Line>revalues pesquis qualifies matraqueo encuques promover niquelado parvenu</Line>
<Line>hociques olivícola evens inviting asurquen quartiles quebrantó verifique</Line>
<Line>flanquean esquilen acerques cultivara exclusivo aseveraré loquacity</Line>
<Line>requiter resequido ovaré jaqueara vigil maloqueo quietaste noviciado vet</Line>
<Line>velleras envolveré quijones appliques esquejará carvajo saqueases</Line>
<Line>quintales envolvías edifique bienvivas archives nevan veladoras alivia</Line>
<Line>revelo esparvas raqueéis coloquen inquinaré calvamos banquetas turuleque</Line>
<Line>abrevó tronqueen bolsiquea viriles adoptivo flaquees reservas maquilada</Line>
<Line>remolquen visitant roquetes invoque enoquéis manqueáis dove abdiquéis</Line>
<Line>mosqueare bayoque velvet arenque vaqueiro vencerlo marquesas acequiabav</Line>
<Line>mosqueda desvirgan cautivé octaviano esvaraban requerido novaseis</Line>
<Line>renqueara bloquead servil lectivo vigilan vergetas emparvara traquetea</Line>
<Line>verdón olivares derrquéis anivelada venteros ravishes muñequeen viciosv</Line>
<Line>vortex vacíen quemarla boquidura ataviéis volantón visitarla estoquve</Line>
<Line>evadiese activar viruses aovamos revierten encovado valdense revamping</Line>
<Line>esvaré vociferó equivalí vapulasen tique vaquería monarquía moquease</Line>
<Line>esquejase terqueé aquietes salifique avetados larva casquera deaves</Line>
<Line>ronquera vierta versearé silva alquilaba desavenís tranquilé quejéis</Line>
<Line>clavarte viburnums ronqueará revuelven periquete valsó vascófilo voceado</Line>
<Line>innovemos quimones carnívoro flaqueaba vegetando quitará empolvado</Line>
  </Level>
  
  <Level>
   <NewCharacters>z</NewCharacters>
<Line>zurrar almizclan satirizó remozan retazaría regazó azolases azoarías</Line>
<Line>hozaríais energizes azoré zurrirás tronzaron rebuznes pardiez theorizes</Line>
<Line>maznare hypnotize amanzanar herborizó zapatuda rapidez prizes pizcaras</Line>
<Line>hiladizo calzadas lanzones estezara zodiaco adrizasen cazarais zanjada</Line>
<Line>totalizó ofrezcáis zapemos zealotry zahoraban atenazáis envanezco</Line>
<Line>impureza mezclaran sonetizo ironizara rezone schmaltzy empozasen melliza</Line>
<Line>vaporize abenuz engazas ditz esperezas solazaba azumase esbinzad</Line>
<Line>abrazaren escobizo esquinzar pedrizos kazoo azufraran zurríamos</Line>
<Line>rapuzaren destazada futzing virigazas deszumare esbozaban regazaba</Line>
<Line>azoares apomazaré azaramos trenzando cazoletea frizz destazar encauzar</Line>
<Line>obedezcan garzo realzaría analizan azolaría jerezanas bizcares azocabais</Line>
<Line>trenzarás revezase enfatizan frizziest gozarlo deslizaré drizas entapiza</Line>
<Line>bizcaseis barnizad juzgares grandeza aljezones alquezará comizas ligazón</Line>
<Line>mestizada apomazado desazogue roznaré regazares trozaran prontezas</Line>
<Line>rizófagas lazará ataluzas paparazzo realzando lenizará comenzar</Line>
<Line>embizques bizco minimizó rozarlo cobriza brutezas exorcizad azotaría</Line>
<Line>venzurrone zamparás feminize segazón zapuzaré cabizbajo ensalzan punzabas</Line>
<Line>esbozara zancajean zarandera tamizaban zarandaja soalzaran acorazara</Line>
<Line>zarpas alanzaría tibieza bazucara trazaras lanzarlas solidez brutaliza</Line>
<Line>capazos organizó dozens deszocan zapásemos enterezas pellizqué trabazón</Line>
<Line>metodizan zanjo chapuzó cruzarás reluzcan trenzaras remozaban</Line>
  </Level>
  
  <Level>
   <NewCharacters>A...Z</NewCharacters>
<Line>Moor Parr Falwell Horthy Tabasco Rigoletto Charlene Pittman Celina</Line>
<Line>Bernadina Garwood Cara Trujillo Tokay Meghann Daren Xanadu Bert Bertie</Line>
<Line>empigüelo Karyn Nat Ulysses Rosales Liana Cossack Mitzi Isabella</Line>
<Line>Stieglitz Tania Stefano Bone Hamlin Jocelin Mary engüera Lang Sabrina</Line>
<Line>Sisile Salomone Paulette Klemens Guglielma Indra Fannie Karisa Emacs</Line>
<Line>Arabia Capra Leander Raymund IMF Carlota Ulberto Reynard OfficeMax Fabe</Line>
<Line>Danella Gabriel apacigüen Martie Ellesmere Samson Dominic Kimberley</Line>
<Line>Medici Shayla Delaware Arman Alcatraz Veda Sabik Aldric Guayaquil</Line>
<Line>Stevena Ethyl AAA Sardinia Gardie Pericles Ignacius Oort Garbo Averyl</Line>
<Line>ANSIs Socorro Gerta Delbert Mesabi Federals Woolf Mueller Carina Yuanv</Line>
<Line>Neolithic Marxist Ouija Allx Ernest NYSE Arapahos Randie Bellamy Aigneisv</Line>
<Line>Shalne Lindsey Brunhilda Morganica Hockney Celesta Pietrek Sinkiang Kans</Line>
<Line>Gucci PE Chickie JCS FDIC Thornie Belize Sikhism Laurie Elberta Calder</Line>
<Line>Burr Ind Saw Edd Carie Melba Lydon Dionne Muhammad Clerc Kalli Havanas</Line>
<Line>DDS Capetian Lindsey Diogenes Janice reargües reargüe Herrera Caresa</Line>
<Line>vMorrow Saroyan Chev Phil Goff Apollos Liane Angelle Prudi Gentry Elysiav</Line>
<Line>Vespasian Tandie Velasquez Bernardo Grass Rafaellle Norton Indira Alfy</Line>
<Line>Moroccans Kelwin Yules Ernesta Pollocks Ada Ch Audra Superman Lao</Line>
<Line>Rogerio Barron Barrera Dimitri Lister MP Devi Guenna Margot Lessie Emmi</Line>
<Line>Guendolen Salerno Wimsey Minix Babel Hellenes Missy Uganda Leontyne Dyer</Line>
</Level>
 </Levels>
</KTouchLecture>