<RasytiLecture>
 <Title>Eesti</Title>
 <Comment>created by Manfred Schulenburg</Comment>
 <Levels>
 <Level>
 <!-- 1 -->
 <NewCharacters>dk</NewCharacters>
 <Line>kk ddd dk dkdd dkk kddk kk dkdd dkk kk ddd kdd kdd kdk dkd ddd</Line>
 <Line>k kddk ddd kddk dkd kddk k d kdd dkk d kdd dk ddd kddk k k kdk</Line>
 <Line>kddk dkk ddd kk dk kddk kddk k kdd kdd dk kdk d dd k d kdd dd ddd</Line>
 <Line>k ddd k kddk d d ddd k d ddd dd kk kdk kdd k k kk ddd dd kdk k</Line>
 <Line>kk k kddk kdd kdd k d kdk k dd dd dkk dd dkd k dk ddd kdd d ddd</Line>
 <Line>dkd kddk k k kdk dd kdk k d kdk kdd k dk d dk d kdd kddk dd dkk k</Line>
 <Line>dkd dkk d k d k dkd k ddd d kdk k kddk d dkk dd d k dk d kk dd kdd</Line>
 <Line>kdk dkd dkd d kdk kddk dd kk kdd k dkk dkk k kdk dd dd k dkd d kdd</Line>
 <Line>ddd dkk dd kdd dkd k kdd kddk dd dd dk dkk kk k dk dd kk kddk d</Line>
 <Line>dkk kdk k k dkd kddk k dd d kdd d kdd dk k k d kk dd d kdk dkd dd</Line>
 <Line>dd dk d k d kk d kddk dkk k kdd dkk d dk kdk d kddk kdd d dd dk</Line>
 <Line>kdd dkd dkd kddk k k ddd dd kdd kddk d kddk dk kddk dk k kdd d d</Line>
 <Line>ddd dd dk d kk kdk dd ddd kk dk d dkd k kk kk d dk ddd dkk dkk k</Line>
 <Line>dk d dkd kdd dkd kddk kdd kddk kddk dd ddd kk dkd d dd k dd dkd</Line>
 <Line>dkk k k d d d k k dd ddd k kdd d kddk kdd k kddk kdk kk k dk kddk</Line>
 <Line>kdd kdd d k dk k kddk kk dk kk dkk dk d kdk k kddk kdd d dkk dd</Line>
 <Line>k dk k kddk dk ddd k kddk kddk d d k dkd k ddd d k kddk k d dd</Line>
 <Line>dd kdd kddk k k dkk dd dkk k d dkk k kk kddk dk kdd kdd dk d dkk</Line>
 <Line>kdk dd dd dd dkd dk d dkd d kddk dkk kk kdd k d k d k k dd k kdd</Line>
 <Line>dk ddd kddk d k k dd dd ddd kk d kdk k kdd dkd dkd kdk dd ddd d</Line>
 <Line>kdd dd dkd ddd dd dd k d d dkk ddd ddd k dd dkk k k k k kdk kddk</Line>
 <Line>dkk d ddd kddk kk kddk d d kdk kdd dd d kddk k ddd dkd dd kddk kdk</Line>
 <Line>kdd ddd d d ddd dk k k d kdd kddk dkd kdd k kk d d dd dk dd dkd</Line>
 <Line>dkk kdd dk dd dk dk dd dd k kddk dk d k kddk kk ddd dk kdk dd kddk</Line>
 <Line>k dkk k d kk kdd d kdd dd kdd dd dk d kddk d dkd kk dk dk kdd</Line>
 <Line>kk d kk k dd kk dkd dd d dkd dd k dd dd dk dk dd ddd dkd d dkd</Line>
 <Line>ddd dkd dk ddd d d dk dkd kdd k dkd kdd kk dkk kdd k d ddd dk k</Line>
 <Line>dkk kdk dk k dd d k d k dkk kk dk dkd ddd dk kk kk dkk k kdd dkd</Line>
 <Line>d dkd dd ddd dk k kddk d kk ddd dkd dkk dkk k kddk kdd kddk k</Line>
 <Line>dkd dd k kk dkk kddk dkk k ddd dkd dd d dkd kk kdd kk d k dd kddk</Line>
 </Level>
 
 <Level>
 <!-- 2 -->
 <NewCharacters>jl</NewCharacters>
 <Line>jjl ljklj l lljl jk jl k ld kljk lj klk k jklkl ldlkkl klk lkl ld jk k</Line>
 <Line>lklj ljl kldlkk klk llj l ldlkkl lj klk ljklj klk k ldlkkl ljl llj lkl llj</Line>
 <Line>lkl klk k ldlkkl k jk klkjj jl k jklkl klk klk jl k l lkl jl k ld l lljd</Line>
 <Line>l klk k k llj llj ld klk klk lj jl ld jjl l lkl ldlkl klk ljklj l klk</Line>
 <Line>ljl k klk l ld klk llj llj klk lkl ldlkl l k jk jklkl jl jjlkl l klk</Line>
 <Line>lkl klk ljl jl lkjl ldlkjl jlkjk ld ljl lj lkjl jlk llj ldlkjl jlk jlk ljjlj</Line>
 <Line>jlk jlk l jjl k k ldlkjl l l lkl ld l jjl jlk lj jlk k jk dlkdl lj lj</Line>
 <Line>ljl k jjl ljl jlk k jljk k dl ljlj klk jl ljl jlk ljlj lj k ljldl jl ljl</Line>
 <Line>klk lkl dl k lj jlk jjl jljk lj l jljk jlk k ljlj lj dl lkl l k dl klk</Line>
 <Line>jljk jlk ldlkjl dl ldlkjl dl l lj jl k jjl k lkjl ljl lkjl k lkl l jl l</Line>
 <Line>jljk ldlkjl ljldl k l ljjlj ljl klk jlkjk l ljlj jk jlk jl jjlkl jl klk ljldl</Line>
 <Line>dl lkjl ljldl jk jk jl lj lkjl k jl jjlkl ljjlj jlkjk k lkjl ljjlj ljlj</Line>
 <Line>lj jl jl dl dl jl dl l lkl ljldl lj jldlkk ljldl dl jlk jjl jlk k k</Line>
 <Line>l ljlj ljjlj k jlk jlk lkl ldlkjl ljldl ljldl k jlkjk lkjl jk lkl ljjlj jjlkl</Line>
 <Line>jl dl jk lj lkjl lkl dl k l k ljjlj ljjlj dl ljldl ljl ljldl klk ljldl</Line>
 <Line>lj jk ljldl jlk lj l ljjlj l jlk l llj jlkjj jlk jlk jl jldlkj ljl jlk ljjlj</Line>
 <Line>jl jjlkl ldlkjl jlkjj ldlkjl klk dl ljlj k jlk ljlj jlk jk lj jl k k klk</Line>
 <Line>k ljlj dl k jjlkl l jlk jk l jlk k ljldl jlk ljl jjl jlk lkl dl ljldl</Line>
 <Line>jlk jlk klk ljjlj ljlj lj jlk dl ljldl dl lkl jlkjj k lkjl ldlkjl k jjlkl</Line>
 <Line>l ljlj k jlk ljjlj llj jlk ljl dl l llj k lj l ljjlj jlk lj lkl ljl</Line>
 <Line>klk jlk jlk llj lk ljlj k lkl ldlkl lldl k lk lk jlkl jk lldl lj llj</Line>
 <Line>lk lkl lk lldad jl llj l ldlkl jl jjl lj ljk lj lk lk llj lldad ljlj</Line>
 <Line>ldlkl lj jl jlkl lldad l ljl lkl ljlj lk llj lk ljlj jk lk llj l lkl</Line>
 <Line>l l jl l jlkl dad jl k lldad lj lkl lk lk k lkl ljl lk jjl jjl</Line>
 <Line>k dad dad jl lk lk lk jlkl lj l lk lk l lkjj lkjl jjl lkl ljlj lkjlk</Line>
 <Line>ljl k lk k jl dad lkl ljl k klk l ljl k jjl k jl llj llj lkl jjl</Line>
 <Line>lk lj l jl ljlj jk lk ljk l k jl lkl l lkl ldlkk jlkl jjl jjl</Line>
 <Line>lk jl lk jk llj l lkljk k jjl jk ljk dad l jl ljlj jl llj jk ldlkl</Line>
 <Line>ldlkk lk lk lldad lk llj jl dad jk llj ljk lj jlkl lk lj jl lj jl k</Line>
 <Line>lldad l lkl ada lk lk jk llada lk lkl ljk jk k jk ljl ljlj lk ada jl</Line>
 </Level>
 
 <Level>
 <!-- 3 -->
 <NewCharacters>s</NewCharacters>
 <Line>ljksdl ljkl l sljs ljks dlks ljsf kl lsdk ls ls ls lkj slk ks jl jjs</Line>
 <Line>l slj jl lkj lsdk fksdls dk lsdk lsdk lsddlk jjlsdk ljk ljksdls ljsdk lj</Line>
 <Line>kl lj lj lkj ljsdk lsdk ljsdk js ls kl jl jl lsdk ljsdkksdlsljs js kl</Line>
 <Line>lsdk ll lss ljdks sljsf lss ldks jl kl lsljslj kl ldksf kl lssljs ls js</Line>
 <Line>s ldks kk js kl js ls ljdks jl jjldks ldks jjldks ldksfksdldks ldksk slj</Line>
 <Line>slj lj ljdks lkjksdldksf ldkd skk lsljs lj ldkds ldkdsk lks lj lks ldkdsk</Line>
 <Line>slj kl sf ldkk lj ldkds lj slj ldkdsljs sljs ldkds ks ksljs</Line>
 <Line>ldkds lsljs sf lks lj ldkdsf lksljs ldkdsljs jjs ldkds slk kl ldkds ldkdsf</Line>
 <Line>s ldkds ldkdsk ksdjl ldkds lldkdsk js lsljs sljslj lks ljdkds jl</Line>
 <Line>ks ls ldkdskk ldk kl ks kl js kl ldkdsk kl ldk slk ldkd skk lkj slj lks</Line>
 <Line>ldkds lksljs ldkdsf ldkd kk lsljs ldkdsk slk ldkdss lkj lkjksdjjldkds</Line>
 <Line>ljksdkl slk jjs ldk ldkds lsljsf slj ldkd skk jl lj kl lj jlksdl ldkds</Line>
 <Line>lkj lkj ldk lkj kl lj lj ldkds lj lks ldkd skk klksdldkdsk lj lj ks kl</Line>
 <Line>ldkdsf jsljslk ljd kds ldkdss ldk dsk ldkds ld kd skk jjs lkj slk jl</Line>
 <Line>l lj jjs ls ldkdsk ldkds kl slj ldkdsf kl ldkdskk slk jjldkdsljsf ldkds kk</Line>
 <Line>ljdkds ldkdsljs ls ldk dskk ldkds kl jl kl lj ls kl ls kl sf lls ldkdskk kl</Line>
 <Line>sf lj ks lkj lj jjldkds ldsk ls jjlds ldskk ldskk ldsk sljsf slj lds</Line>
 <Line>js ldsf ljds ldsf lks ks lds jjldsljslj ljds ldsk ksdjsl jjlds ljsk sdks lds</Line>
 <Line>lds lkj ldss ldsk ls lj ldsk lss jl sf ljds kl sljs lds lsdfksdlks ls</Line>
 <Line>ls lsdsljlj lsdkk jllslk sf lks lkslj lsdk jl lksllsd kklkslj</Line>
 <Line>ks lks ks ljsd lsds lss lsdk klksdks lksljlk lj slj lsds ljksdjs jjss</Line>
 <Line>kl lkslj lj sljksd lsdf lsljf ls lsd sljf lsds lss jjlsdl slk lsdk</Line>
 <Line>s kl lsd lsd kl lsd lj jjss ls lsdf lsd jjss kl lsd jjlsd jjs sf lsd</Line>
 <Line>jjlsd ks lsd jsl slj jjlsd lj sf lkj klksdjjlsd kslj lsds ls lj slk</Line>
 <Line>lsdl slj lj ls js lkj ljsd ks lkj ks lsdk jjs lsd lsdl kl js lj</Line>
 <Line>s lslj sljf lsds jl ljsdl lkj ls jl ls lj slk lsdf jjlsdl ks lj</Line>
 <Line>ljsd lkj jslj js lsd slk lsd skk jl ksl lsdss lsds lkj lsds jjs lsds jjs s</Line>
 <Line>lsks dkl lsdsk lsdss ljksdl sdsf kl sf slj kl sf lkj lsljlk ls ls ls</Line>
 <Line>lj sf kl lsd kl lsd jjs lsds kl ljsd jjlsd lj js jl sf kl kl jl jl</Line>
 <Line>lsdf lsd lsds lsdslj lsd slk lksljlj lkj ljsd kl kslj lj kl lsdk lsd l</Line>
 </Level>
 
 <Level>
 <!-- 4 -->
 <NewCharacters>af</NewCharacters>
 <Line>dll dafs sldks fldk fafs faf fldk safs fldsk jdkaf fldk</Line>
 <Line>sds afl safd jdkafs af lafs fldks afld ld dsk fldk ldks</Line>
 <Line>dsk af jdkfa fds ld sfa sds kds kd ffa ffa faj fd k lfa</Line>
 <Line>jdk lds lfa sfal fa jdkfa fa fas sdk fads sfal lds fldk</Line>
 <Line>faffafd falksdjdk fafa ldk lds lfa ldkd ffas fadks fas</Line>
 <Line>fas fldk fal sf sfals jdks jdkfas dsfa dsk fas dj fal fals</Line>
 <Line>dkd sfal dlld sdlsds dlls sd dls sdldls ffas dsk fals dsks</Line>
 <Line>sds jdkfa ldks lds lfa dk lfa sldk ffal faffafds sldks</Line>
 <Line>ffa fa lfa fa fald fa sfa sfafas skd sfafa fldk skdsd jdks</Line>
 <Line>dsfa fas fa fldk dkd fadd lfa fadks k jdkfa ffal fds sfas</Line>
 <Line>fal fald faffafds faf ffals fldk ldk fldk fldks dsks fldk lds</Line>
 <Line>fldk lds ld dkd fldsks fad skds sfa dksd sfa ld skds sfal</Line>
 <Line>sds lfas dsfas fal sfa fal lfas kfa sfasd sldk dsfas lfas</Line>
 <Line>fal faffafd sdk faffafds ffals dsk fds fals dsks lds jdk</Line>
 <Line>dsks fals afdk afls afdks afs dsksksdk jdkaf lds fldk dsafs</Line>
 <Line>d fafl af k kaf affaffd afd fldks sdks afdsd laf safsds</Line>
 <Line>sd skds lafs jdkds af affaffds ldks skd afdk fldks ds skd</Line>
 <Line>afs jdkds afd fldk fafls afs faf safs ld afs dsk aflds safls</Line>
 <Line>afs skds safsds fafl dkd safsd fldk afls fldks lds safafsksdsafsds</Line>
 <Line>dks fldk sdks sds lds af fldks jdks dj dkd afdk fldks</Line>
 <Line>fldk dsk laf fldks afs kaf af jdkds afs dsks afd aflds jdks</Line>
 <Line>affaffd sd fldk safsd dks sds laf kl fd dsks af safl</Line>
 <Line>aflds fafl ldks afl fafls safafs afld skds afls afls jdkafs</Line>
 <Line>dsks safls lds laf lds dsk afdks kaf jdk fldk sdldls fldks</Line>
 <Line>fds sdks sdlsd jdkdsd dlfdlfd ldl dlls dlj ldls ldks fdls</Line>
 <Line>fdll fldks sdadl ldls dll dlldsl dlld k ldl skd ldks dsks</Line>
 <Line>ldk jdkdad fd dads ldl jdkds dadk lds sldk dl kd dsdls</Line>
 <Line>sdll dll k fldk dls sldk dl ldl ldl fdl dsk dll dadks sdls</Line>
 <Line>ldks lds fdlls ldlsd lds dkd ldk skds dlf dl jdk sldks</Line>
 <Line>sdadls dlls ldls sdadl fldksksddllksdld fdl sd ldls fldk ds</Line>
 </Level>
 
 <Level>
 <!-- 5 -->
 <NewCharacters>ie</NewCharacters>
 <Line>kdiekdll iei fldiks ldsie skdiie dils iedlk kidk iedlk kdisei didl</Line>
 <Line>kdiieei fdi dsei seideiie dei ideil seidll seidll dlei dils sidks seiedil dsi</Line>
 <Line>dieies dleie eiedls kdiidid idlks idil diidk kidks sidlks idk idki lil</Line>
 <Line>deedi skdi skdildls fdes des edl edlk sedlks skdes dik des ldfe</Line>
 <Line>i fdedls fde idsdl dfe kdies didl fldi kidkies sidlks idedl sidlks de</Line>
 <Line>skdes es dil sedik dke ke fldiie kdidl fldi fldiie sede fdes kdfedi</Line>
 <Line>sdik kdie edls edlks fdes dke edkes ediks dsi slde diiedkies fldeldils</Line>
 <Line>deedkies ki dsi sdilf dli dles dies ke fldes e deediie kidfkei kde dfes</Line>
 <Line>lde dsi sidkei fldeldils diie kdes sedils didl didl dies deedi kdikdiie</Line>
 <Line>edlk fle edsks kdikdiie lel skdildl kdidls sedlks ede dsldie edl fldeldils</Line>
 <Line>ediie fldik kdse fldeldil ediks idel sidkeis i sdils edlks idedl diidl</Line>
 <Line>deedkeis sldies didl kdiiee dies dke sediks edsks sldies fldiks flde</Line>
 <Line>dke e kldik fdedl sedlk de sdil sdildls fdse edls edke fdedls</Line>
 <Line>ldik deedkeis deei kdfedi fldeldils kei ki ediie edkei fdke fldik dies</Line>
 <Line>kdes sdildl sedll ldil kidkei fldiks de deedi fdes edlks kdekdll</Line>
 <Line>fdes dsldie lde ke sldes se skdildl edik sldies fdedl fde sedll sdik</Line>
 <Line>ldes kdieded dkeie edsks jke fdse il skdildl fdes sede des fdedl</Line>
 <Line>di skde dles di skdes die fdedls fdse e diiedkeis di fdi edkeis kdse</Line>
 <Line>kldiie dles kdses fldi fdedl kdiie idsdls kdfedi deei fdiie ldes kei</Line>
 <Line>lde sediks diiedkei kdi diiedkeis sldes kdidls lel idedl didl skdiie</Line>
 <Line>sedll fldeldil kidkseis dfe kdidl die fldes die ldfe sdles edes sidksei</Line>
 <Line>fdes deei edksei skdildls kidksei edkes sedils dse kdes di idel ldilfdlls</Line>
 <Line>fdke dils des e des il edi sedil kdfedi edkes kdi idedl dke des</Line>
 <Line>skdi ldfe dik sldies sede sdik sediks edll ldils fle sedils de</Line>
 <Line>ldik e fldeldils sdildl sedfl fdes ke fde fldik sdildl kei sedfl</Line>
 <Line>dils sdle skde skdies de e kdie ke di fldiks skdildls fldeldils</Line>
 <Line>edls sedil ede kldiks de dils diiedkseis dles es sidkseis dsi ediks</Line>
 <Line>fldeldils sedksei ldils skdildls skdes kdikdi die jke delds fldiks edke</Line>
 <Line>fldeldil kdses skdildls i skdiie edsk kdiiee sel diidl kldiie dfe kdes</Line>
 <Line>edkes flde dies fdses edik di sel e dils kdes fle deedksei dke kdikdiie</Line>
 </Level>
 
 <Level>
 <!-- 6 -->
 <NewCharacters>no</NewCharacters>
<Line>lolli need naljakas lendas sean kolis lenda enne isand okei kannad</Line>
<Line>sinna naela annaksid annad koodi joon osakond enese keskkoolis</Line>
<Line>nelja andis andke ookeani oodake lind lossi seoses kollane</Line>
<Line>ajaloo osas ajan oskad koolis kaaslane seni keskkooli iseenda eeldan</Line>
<Line>kolida issand liinil niisiis naisel annaks olles selline kanna seisan aken</Line>
<Line>leian loodan lasen sind oska ajasin naine sina lionel nali donna jook</Line>
<Line>kilo jooksid endine loed olin aina kinni kooli loen lend naised kana kokk</Line>
<Line>nina andsin anna kood osad saadan endal naiseks info kena</Line>
<Line>kenad jooksed ainsad kool selleni seina akna sain nendes oled saaksin</Line>
<Line>salajane kannan seniks lood sooja kolonel siin oledki andeks kindla</Line>
<Line>neile jookske jood neil naisi kandis oskan andsid jooki linn endale</Line>
<Line>neljas elasin linna lolliks kindlaks annan neis olen koos siiani ajaloos kole</Line>
<Line>lollid nendel oleks enda olla nendele elan siinkandis nende naise neid</Line>
<Line>oleksin eksisin oleksid saan jooksin jaoks endas kanda nalja</Line>
<Line>ideaalne naisele lasin koosolek olend jooksis linnas kindel olid</Line>
<Line>kindlad jookse neli anda annaksin sajandi sellisena sinine leidsin</Line>
 </Level>
 
 <Level>
 <!-- 7 -->
 <NewCharacters>rm</NewCharacters>
<Line>riideid omanik ameeriklased omada kiiremini emale kreeka</Line>
<Line>mismoodi andmeid naera silmas meeskonda kirjas rikkaks nimel</Line>
<Line>saaksime armas seesama samad inimese masin kolme kara kere</Line>
<Line>reede meeles keera maksad ilm saar kardan maal karda saamiseks</Line>
<Line>milline jooma kandma lendame olemine korral meeldi kama ennem</Line>
<Line>anname olime riidesse korras missiooni inimesele samal saama riik</Line>
<Line>nime esimesed riiki mamma miljoni ameerika kirja lord esimene ori</Line>
<Line>seisma inimesed korraldada maksan kraadi miljon millel kaardi deemon</Line>
<Line>samamoodi sara koerad asemel koer nimekirja eemal joome reamees</Line>
<Line>eraldi eri silme mille inimkonna ajame rannas silm lemmik koera</Line>
<Line>eriline rikas jardi roni kolmanda saarele omal minema riski mis elame</Line>
<Line>samas meel eemale riskida reedel sama siinsamas meeldid aafrika</Line>
<Line>admiral aadress andma miski maale korraks missioon kirik silma noore</Line>
<Line>firma majas loodame filme oleksime eelmise mina kirjanik aamen ema</Line>
<Line>noored keldris eelmisel jaama mine millesse meile frank randa seekord</Line>
<Line>raisk kraam daam elama nimekiri maad nimesid kari riides saime korra</Line>
<Line>loom maailma kolm meeldima imeline meid laseme kaamera minnes</Line>
<Line>leidsime jooksma keerasid nimi kolmas mere rase laskma rinnad</Line>
<Line>esimesena kordi meeldin raske roosa moodi mind korda silmade</Line>
<Line>meeldiks olema siiamaani mida milleski miss kirjad meeleldi kindral</Line>
<Line>milliseid minemas enamik reisi saare sarnased nimekirjas arm miljoneid</Line>
<Line>millal esimesel mainis silmi eemaldada dollari omi millises millele jama</Line>
 </Level>


 <Level>
 <!-- 8 -->
 <NewCharacters>vt</NewCharacters>
<Line>millestki valetas toome vaid vajavad aitasin teid vajasin ootavad</Line>
<Line>ettevaatlik valetaja vormis viiakse tean maksavad doktor armastas</Line>
<Line>verest teile vaikne armastad veri tina esimesest sitt varastada teateid</Line>
<Line>detektiiv aknast taevasse teistmoodi vaevalt kavatsen arvad saadavad</Line>
<Line>aastase soov viimaks olite vastavalt meilt maailmast mitte venda aita</Line>
<Line>sooviks kaotad erinevalt valeta temale metsas vaatamas aasta seast</Line>
<Line>teadlane inimest siit arvasin terves laste varas vali sooviksid meeldiv</Line>
<Line>teene iseennast kaitseks emast keelt valida vaatas kinnitada vajate kaotasid</Line>
<Line>vastasel viia veini valetada vein teema silmitsi katse sooviksin loota</Line>
<Line>leiti inimestel aastaid otsite taas teenida vaatan inimestest saatsin vastik</Line>
<Line>teades vilets kannata ootas vaene aitan trenni aastast meeste</Line>
<Line>kontrollin foto viivad meister senti nimetatakse tavalised valetama toon</Line>
<Line>kott ajast terved teele mootor armastasin vajan vale koti ootan varem</Line>
<Line>vanni kavatsed valis torm enamasti otsa teilt vaata teadis teaksin kontakti</Line>
<Line>kotis venna tavaline vastake viie enamat vanaks tarvis vaadake viisakas</Line>
 </Level>
 
 <Level>
 <!-- 9 -->
 <NewCharacters>pu</NewCharacters>
<Line>muna paat kust pall muust armastus kullake kasutama astus seotud pidid</Line>
<Line>tulemused pakkus unusta usuks kuulsid projekt piisavalt sinuta musta sust</Line>
<Line>valvur sult aidanud perekond peida usaldan perekonna saatnud poisse astuma</Line>
<Line>ammu tuleksid aus muretsema asjus pakun otsustanud eluks veendunud</Line>
<Line>tunned tapame palu tunnis jaapani tapad jalutama perekonda suunas suve</Line>
<Line>piiratud sundis ausus pommi palav tulite toidu suudate kodu viirus pikali tundsid</Line>
<Line>pilt kasutas paras kadusid paska mure saapad kompanii kurjus istume sekundit</Line>
<Line>kutsutud suutsin seadust peast peavad ausalt ajastus kasuta jumal uni juurde</Line>
<Line>kauem tuttavaks kaduda vaevu saadetud surmast saatus toru suurte arust</Line>
<Line>proovi piletid trepist paremale imelikult pikka tulnukate usu elud peita</Line>
<Line>saavutada sundida auto planeedi paluda tundi peate surnud kaup pede</Line>
<Line>palun oodanud muusikat mustad liikumist saadud kuulsite kannul muutma</Line>
<Line>paljusid lasknud kutsud proovisin sekundi kaunis vastanud elust loodud juurest</Line>
<Line>pesu proovinud minust jumalat munad siitkaudu suutis pulmad raamatus katsu</Line>
<Line>stopp preester elus kuidas nakatunud paistad pikk kaua unustanud uurija polnudki</Line>
<Line>minusse kiirus laip pealik naudi kujutad ujuda reetur tervitus osanud tapsin suurt</Line>
<Line>tulevikust lauale uuri plaanist katusel alustasid rikkusid madu teadus uskuma</Line>
<Line>kirjutatud enamus teadnud kiriku kuskilt poole euroopa tapja kuulsime kuri tulla</Line>
<Line>kasu poja pikad muu poolt tuntud petta sinus surm keppi natuke</Line>
<Line>printsess universumi murdsid ilu peol meenutada muretse kiirusta kuna kutsuma</Line>
<Line>sattusid minutit paljud keeruline peaks suudlus peitu toimunud lennukile</Line>

 </Level>
 
 <Level>
 <!-- 10 -->
 <NewCharacters>g</NewCharacters>
<Line>iialgi ennegi kunagi osariigi kellegi vangid tegite kellegagi jagada sittagi</Line>
<Line>kogu ikkagi joogi ega kerge aeg segi kiirustage naistega gei lugesin</Line>
<Line>kergem tegude mingid mingil meelega grupp jagu minagi kuninga astuge</Line>
<Line>selga nendega millega peatage selgitada segamini ringi olengi tulistage</Line>
<Line>tegutsema segadus pojaga poega igale poisiga energiat avage tegemas</Line>
<Line>selgeks kellelgi aimugi teistega polegi mingis andestage pruugi magad</Line>
<Line>geniaalne vanglasse valged kaugele paganama lepingu korraga targem tagumik</Line>
<Line>tegemist autoga alguses jalaga mugav kusagilt tegeled tegele tagumiku</Line>
<Line>iganes ingel algas magus peagi minge signaali nuga kuninganna mugavalt</Line>
<Line>paigale mingit kaugusel siga muretsege tugevad panga pilgu pange tegelenud</Line>
<Line>tegi augu olge tagasi tegime kuritegu mingeid energia tegid jalga olgu reegel</Line>
<Line>vennaga tegevust maagia paigal reegleid selgitan vinge riigi nurga kutsuge olemegi</Line>
<Line>sulgege saagi riigis litapoeg vangis pagana sega tegema pigem relvaga muidugi</Line>
<Line>vanematega eluga elagu magasin kuigi kingituse naisega isaga praegusel</Line>
<Line>magama sulgeda ajalugu kogemata segane jaga kingad jalgu liiguta pagan veelgi</Line>
<Line>ning igast meestega tegeleda otsige pidage lugeda programm reeglite igatsema</Line>
<Line>segada kaugelt igav liigume istuge lugenud oligi millegagi algul viga vangi lugusid</Line>
<Line>kaugemale teagi rong lastega tagant valgus kordagi vangla tiiger saage viige magan</Line>
<Line>emaga neeger ring endaga tegelane legend lapsega tegelikult vigastatud reeglid</Line>
<Line>igatsesin midagi lugu omadega kergelt ilmselgelt signaal kangelane igas liigutada</Line>

 </Level>
 
 
 <Level>
 <!-- 10 b -->
 <NewCharacters>y</NewCharacters>
	<Line>inlay overlay angrily ternary derogatory type skylark spray ruffy petrify deformity</Line>
	<Line>identity unseemly pettily payoff moldily jerky statutory synergy glottology jutty</Line>
	<Line>stratify pylorus gyrate elementary gargoyle royal perky musty yours visionary playing</Line>
	<Line>transitory sterilely yonder spinily laying voluntary grisly geyser snotty allegory</Line>
	<Line>dumpy slovenly overjoyed volatility glassy severally pity ally infinity drayage</Line>
	<Line>fumitory rarefy estuary salty gently pensionary snootily purely silty tautology</Line>
	<Line>osprey entirety uneasy lampyrus stultify rotary impurity very unalloyed sloppy guy</Line>
	<Line>sinology missionary gaudily stingray payout repay pigeonry mordantly usury gymnasium</Line>
	<Line>temerity needy greenfly solidly ferry underlying lady fully asylum typing symmetry</Line>
	<Line>madly yesterday formality loony animatedly valley silently definitely skydiving</Line>
	<Line>deify sappy augury realty elatedly silky dysentery sodomy midgetly doyen dye disparity</Line>
	<Line>stupidly porosity gingerly jelly deanery gravy repository strongly timidly yakking</Line>
	<Line>flay prototype legendary maggoty argosy already gypsy keypad mesentery loyal youngster</Line>
	<Line>regionally malignity fury urgently verify graveyard eyeglass torrefying rosary</Line>
	<Line>flurry satisfy dynamo parry alloy tyre jealousy nasally royalty majority</Line>
	<Line>forgery sly pillory tangly tarry plurality poundkey seniority salary</Line>
 </Level>
 
 <Level>
 <!-- 11 -->
 <NewCharacters>z (English)</NewCharacters>
 <Line>legalize anodizing regularize zoologist tantalize zip frizzle tetanized</Line>
<Line>zap razz amazement fertilize doze fuzziness monopolize graze zigzag</Line>
<Line>fizzling gelatinize amazon organizer lozenge notarize atomize finalize</Line>
<Line>motorize lazy ionize terrorize modernize deodorize glazier freeze polarize</Line>
<Line>grizzled trapeze maze realize vaporizer pretzel dazzler paralyze stylize</Line>
<Line>patronize amazed geezer zone gauze antagonize pulverized amaze</Line>
<Line>revitalize mesmerized oozy visualize fizz summarize zipper guzzler idealize</Line>
<Line>mezzanine zeal relativize magnetize nozzle suzerainty amazingly freezer</Line>
<Line>dizzy aggrandize frieze eternalize pasteurize fraternize energize ooziness</Line>
<Line>volatilize dramatize lizard vulgarize dozy jeopardize utilized laziness muzzle</Line>
<Line>digitizing sozzled galvanize denizen initialize zoology apostatize atomizing</Line>
<Line>marzipan puzzle spritz razor agonize reorganize influenza seizure maize</Line>
<Line>plagiarize sneeze raze itemize energized dazed mezzo formalize appetizer</Line>
<Line>dazzling ozone dozen utilize frenzy apologize sterilize amortize naturalize</Line>
<Line>vizier sizzle zestfully pulverize pelletizer enzyme frozen fuzzy jazzy razzmatazz</Line>
<Line>federalize optimizing zealous size pauperize stanza doziness optimize ooze</Line>
<Line>moralize realized magazine totalize normalize mestizo glazed seizing anatomize</Line>
<Line>azote fuzz gazelle fertilizer rendezvous guzzling dizzily antifreeze neutralize seize</Line>
<Line>trapezoid minimize trivialize azalea sizing zing vaporize energizing organize guzzle</Line>
<Line>sleaze puzzled jazz privatize amazing gauzy dozer drizzle ionization grazing</Line>
<Line>atomizer prize dizziness memorize legitimize zestful solemnize organizing</Line>
<Line>sleazy zero zoo dazzle appetizing oversized magnetized oversize tyrannize freezing</Line>
 </Level>
 
 
 <Level>
 <!-- 11 -->
 <NewCharacters>h</NewCharacters>
<Line>helistanud kohtusse hilja halva kohalik puhtaks haiget rahast koht juhtu</Line>
<Line>kohtasin kohti tahtis ehitada puhkust hakkan vahel paha lahke tuhat teha</Line>
<Line>helistama homseks hallo hea rohtu tehingu kohta hoidku kohtud</Line>
<Line>hoiatan kohutavalt halvasti helistan hakkame hoone ehtne tahe</Line>
<Line>hakkas puhka pahandusi hirm nojah plahvatus ohutu kuhugi lahkud haiglast</Line>
<Line>kohtumist mehhiko kohus kohata kohtuma koha puhtalt tehtud juhi pahane</Line>
<Line>kahekesi hoolikalt hakka kohtun lahkume heida juhin hoolitseda tohiks tahan</Line>
<Line>tahavad harjunud rahune juhtunud juhus hulluks kohanud liha mehega tahes</Line>
<Line>hulka tahtsite mehest asukohta hotellis hoidsid juhtuks puhkama hiilgav vahid</Line>
<Line>lihtsalt kuhu hinnaga hinna hoolid hullem jajah rahvas heli hoolin hoiame</Line>
<Line>kohtadele rahvale ohtlik vahetada raha hooli lihtne jaah kihla lahe pihta ohus</Line>
<Line>naha kohtusime pahanda juhtum kohtamas vihane uhked hoiad hakkavad</Line>
<Line>tahate heas vahest lahkuma vihaseks juhtus rahulik tehing krahv puhtad</Line>
<Line>kohtunik hommikut juht kehv lahti kohtu kahele helistas otsekohe hukka viha</Line>
<Line>vahva tahtsime pahaks tehke hoidma hoiatama kohast mehi kohvi hoiavad</Line>
<Line>hulgas hirmu hullu juhtida rahule lahendada huvides kahtlemata juhataja hiljuti</Line>
<Line>tahaksid noh hoolitse head huvi lahkuge hommikust lahkun uhke rahaga heaks</Line>
<Line>ehk kohtumine juhid vahepeal hakkasid kohtume pahad tulekahju rohkemat</Line>
<Line>meheks hoia kohad asukoha tuhandeid kahtlen hinga kohtuda vahe taha lahkuvad</Line>
<Line>hinge hetkeks suhet helista mehe lihtsam hoidnud vahi tahtnud haavatud puha</Line>
<Line>vihkad hoidsin haigla juhul vihma hispaania juhtuma hirmunud lahkunud</Line>

 </Level>
 
 <Level>
 <!-- 12 -->
 <NewCharacters>b</NewCharacters>
<Line>vihkab lubasid baari veab langeb tahab jobu abiga sobiks sobiv kardab</Line>
<Line>toimib teeb ootab vajab saadab muudab umbes tuba numbrit loobuda</Line>
<Line>basseini vabandust avaneb halbu liigub braavo kurb plahvatab tobe sisaldab</Line>
<Line>helistab abiellu algab bussi palub istub kumb edeneb hoolib imeb kannab</Line>
<Line>vabad peab vabalt seisab juhatab kavatseb abielus tohib laiba tegeleb hobuse</Line>
<Line>abiellus abielluda tekib kestab annab hoolitseb suudab pakub kuulab puudub</Line>
<Line>saba kutsub tapab vabandus sobib tabas halba maksab juhtub piisab lubasin</Line>
<Line>toimub kumbki saab kabinetti vabandage leidub saabus leiab vabanda peabki</Line>
<Line>armastab toob vabaks teab loeb jube valutab sobi oleneb lubage vabandama</Line>
<Line>abi sajab hobune probleemi juba kuulub abielluma muutub tekitab loobuma</Line>
<Line>tunneb tubli beebi vabandada numbrid lubatud vabandan otsib halb laseb</Line>
<Line>hakkab vastab baasi ilmub luba abiellun proovib probleemid klubis lubanud kulub</Line>
<Line>huvitab naabrid number boss kombes tuleb numbri kontrollib ajab kabinetis</Line>
<Line>meenutab kaitseb arvab kaotab vaba usub haiseb magab kobi paberid luban abil</Line>
<Line>tundub soovib aitab probleeme baaris kasvab abiellub robot tibi kauboi klubi</Line>
<Line>viib lubab jookseb meeldib omab suundub lubas probleem hirmutab vabaduse</Line>
 </Level>
 
 <Level>
 <!-- 12 -->
 <NewCharacters>c (English)</NewCharacters>
<Line>comparable impeccable curability humpbacked brace catacombs pocketbook</Line>
<Line>clipboard encumber scabies outbalance receivable bracelet cumbersome</Line>
<Line>bedclothes accessible cloudburst abscess cybernetic become bijective becalm</Line>
<Line>bellicose bioprocess blanch absence balances bicycle concubine cockscomb</Line>
<Line>abject bottleneck embryonic biceps ambience public clobber alembic</Line>
<Line>abdication buckle combatant crib debaucher thumbtack casebooks incumbency</Line>
<Line>obedience cupboard feedback cumbrous cannibal cub turbulence touchable</Line>
<Line>crossbar rollback crumb succumb censurable contraband chubbily bedeck</Line>
<Line>biological carbonic microbe scuba cable buckshot abjection bioethics</Line>
<Line>blackhead botching botch runback scrubbing abduction peaceable brocade</Line>
<Line>incubate butchery bronchitis blacker combined scabbed diabetic sibilance</Line>
<Line>buckaroo carbine celebrated greenback broomstick abundance herbicide</Line>
<Line>compliably abduct branching balcony subjection cube blackbird subscribe</Line>
<Line>abeyance clubfoot curb cubbyhole lumberjack birch benefactor cobbler</Line>
<Line>chamber schoolbook balancer brick ambuscade blockhead broadcast background</Line>
<Line>peaceably backbiter cranberry publicise bracken batch bisection backrest</Line>
<Line>uncombed ballistic transcribe bucolic buttock butcheries buckler beacon</Line>
<Line>benchmark bracelets bacteria abscission cobalt blackcock incredible unsociable</Line>
<Line>backflush bishopric bunch backdated blacksmith buck blocked paperback comb</Line>
<Line>comeback bleachers object barricade bronchus semblance bunched belch brooch</Line>
<Line>because carboy archbishop boycott bullfinch breech besmirch buccaneer prescribe</Line>
<Line>publican recyclable buttercup bifurcate beechnut irascible lubricant broccoli</Line>
<Line>bedcover unscramble broaching obfuscate bracket branch cerebellum contribute</Line>
 </Level>
 
  
 <Level>
	<!-- 14 -->
 <NewCharacters>q (English)</NewCharacters>
	<Line>acquit quaver liquefy parquet torque squelch squeeze qualify baroque enqueue lacquer</Line>
	<Line>equate equidae quark squirm squire acquire quat quartet chequer quote squash equator squirt</Line>
	<Line>quilt sesqui bequest squeak pique equal quash requiem quirk marquee oblique inquiry inquest</Line>
	<Line>equip quota liquor quorum liqueur equally quaint quicken opaque quay quarter cheque sequel</Line>
	<Line>quiver squint enquiry query qualm quiet quince quintet equine brusque equable squinty sequoia</Line>
	<Line>quartz mosque piquant quit equably quickly quip request conquer unique antique quern quintal</Line>
	<Line>quake quinine aquifer queen require quack equated square quirky quarry quality aquatic queue</Line>
	<Line>inquire bouquet quite squall quietly claque unequal quibble squally glauque quadrat enquire</Line>
	<Line>squared liquid squid squat quinsy quetzal banquet quest plaque equity sequin quitter quench quarrel</Line>
 </Level>
 
 <Level>
	<!-- 15 -->
 <NewCharacters>w (English)</NewCharacters>
	<Line>wood fowl wiring wine weed crew swaddle witch wart wanton eelworm sawdust wind eyebrow</Line>
	<Line>fawn warfare stowing wobbly wake weigh warped world swamp swallow inward walkway two maw dew</Line>
	<Line>whiff dewlap whistle pew wastage weekday fewer worn where working yawn wheat wallet await</Line>
	<Line>cowed awe throw whose dowry owlet bigwig unscrew owe redwing tow warm hallow mildewy wedel</Line>
	<Line>showily pathway mowing wear wigeon trawl towel swarf writer mugwort mower wrench ribwort</Line>
	<Line>warrior dwarf wed wharf slew tweak twinkle town wedging snowman cowshed willful width browser</Line>
	<Line>brawny gawkily wane tweed walnut whorl rowdy dawn jetway wading mew drowse swipe whether known</Line>
	<Line>scrawl wire dowdy awl waiver untwist wedlock swear swathe awed swivel will woollen wan know</Line>
	<Line>whimper wedge wolf wooly weakly own wander cowpat crowd wean vow narrow hollow uptown fawning</Line>
	<Line>beware swig whirl gateway wriggle wicked warp crowded washy bewitch wasted which windy</Line>
	<Line>fellow warlock morrow answer nephew claw widgeon avowal wick dowser </Line>
 </Level>
 
  <Level>
	<!-- 16 -->
 <NewCharacters>x (English)</NewCharacters>
	<Line>mix fix vertex syntax hexagon extra exalt excrete fixture exhibit toxin exact dixie</Line>
	<Line>styrax codex complex unfixed oxidize explode sphinx lexical influx axiom fixedly maximum</Line>
	<Line>excited latex sexing expense taxi galaxy apex exalted exit gearbox context pixie sixteen expunge</Line>
	<Line>extol texture fluxion flux mailbox axle anxiety larynx vortex exceed expanse anthrax relaxed expand</Line>
	<Line>toxic excel oxidise oxide icebox equinox maxim exhale afflux examine helix box explain extrude marxism</Line>
	<Line>relax boxing maximal convex expect hoax sexual perplex pixel annexed proxy exclude expose climax extent</Line>
	<Line>reflux outbox exist exclaim telex oxidate buxom exempt narthex perspex exude cox expel mixing sixthly</Line>
	<Line>cortex expert mixture moxie deluxe luxury exigent phoenix unexact text execute extort explore except</Line>
	<Line>pixy fax sexy annex soapbox exile exhaust expired coccyx coax axed axe excite matrix calyx pretext</Line>
	<Line>excerpt sexist lox exploit lax exposed bonxie toolbox tax coaxial fixator exam unfix flexure export</Line>
	<Line>flexion foxtail pharynx inbox next exotic mixer expend extract sexton expiry sandbox exactly fixing prefix</Line>
	<Line>oxygen cachexy sixth callbox kleenex exhort extinct jukebox paradox six expire thorax index pickaxe</Line>
	<Line>boxer suffix coexist extreme example muskox dextrin axilla foxy sextant excuse xerox sex duplex</Line>
	<Line>textile ibex affix sexism pixmap extend tuxedo exert exciter lynx taxable vixen mixed reflex fox bugfix phalanx</Line>
 </Level>


 
 <Level>
	<!-- 15 -->
 <NewCharacters>ä</NewCharacters>
<Line>aitäh esmaspäeval eesmärk fänn härra häire häält hävitama</Line>
<Line>häbi hämmastav häirib härrased hädaolukord hääl hävitab hävitatud</Line>
<Line>häda hädas hästi hääli häid härrad hävitada järgmiseks järgnege</Line>
<Line>jätkake jäime jätsin jätsid jälgi jälgida jääge jälitada jäi jääme jääks</Line>
<Line>järelikult jätkame jäin jäänud jätta jätad järgmisel järgne järsku järgmist</Line>
<Line>jäid jättis järel järgmise järgmised järve jätke jään jätan jääte jääd</Line>
<Line>jätka järjekordne jätame järjest jätkub järgmisena jääma jätnud jäetud</Line>
<Line>jääksid järele jäätist jääb jälginud jäta jääda jätab jätkata jää jätkuvalt</Line>
<Line>jätma järjekorras jäävad jätaks jälle järgmine jäljed järgi käsu kättemaksu</Line>
<Line>käskisid käskisin käe käivad käima käega käisid käime karjääri käitud kätte</Line>
<Line>käitub käsku käitu käinud kätega käsk käsin käed käest kätt käitumine käsi</Line>
<Line>kättemaks käes käid käib kätes käituda käisime kähku käigus käin käske</Line>
<Line>käik käi käis käte käisin käia käskis käiku läbi läheksid läheks lääne läheb</Line>
<Line>lähemal lähme läände laupäeval lähedal läki läheduses läksid läheme lähedased</Line>
<Line>lähe lähemalt lähedalt lähemale lähen läinud lähete lähedale läks läksin lähevad</Line>
<Line>läheneb läheksin lähed läksime mängima märk mälu mängus mänge mängid</Line>
<Line>mängin mängime mängib märganud mängivad mänginud mäletan mängida mängis</Line>

 </Level>
 
  <Level>
	<!-- 16 -->
 <NewCharacters>ö</NewCharacters>
<Line>töötame töötanud lööb töötasid töötad tööta ööseks röövitud</Line>
<Line>röövis töötan sööd töö löönud sööma rööviti söök söönud</Line>
<Line>töölt töötab töökoha öelge töötavad lööd öeldakse pööra öelnud</Line>
<Line>tööle söör öeldud tööst röövida lööma köögis mööda öeldes löö</Line>
<Line>röövisid sööma öösel töötas tööga löön söö ööd tööl möödunud öelda</Line>
<Line>öösiti söön ööl öeldi töötama koostööd söövad pöörane</Line>
<Line>töötasin löögi löök pöörata sööme möödas rööviti töötada</Line>
<Line>tööd komandör sööb öelnud möödas töölt söönud löök</Line>
<Line>pöörane töötame lööd tööga komandör köögis töötasid töötan söövad</Line>
<Line>töötas mööda sööme öösel sööd röövisid söön öelda tööta</Line>
<Line>tööd löö töötad öeldud töötavad öeldi töötanud tööle koostööd</Line>
<Line>löön ööseks tööl pöörata ööl ööd röövida öeldakse röövitud lööb</Line>
<Line>töötasin töötama töötab tööst öelge söök söör röövis söö öösiti</Line>
<Line>töö möödunud sööb lööma öeldes löögi pööra töökoha löönud töötada</Line>
 </Level>
 
  <Level>
	<!-- 17 -->
 <NewCharacters>ü</NewCharacters>
<Line>ründab ühenduse süüdistada ülejäänud hüvasti rühma küsimuse</Line>
<Line>argpüks püstol lükata ühest rünnata küll ühed tüdrukuga küll</Line>
<Line>tühiasi ütlesite küsisid püüavad ütelda üritas ülemus nüüdsest küsisin</Line>
<Line>süü üsna küljes üldsegi müüs üht üritasin süsteem tühjaks hüpata</Line>
<Line>müts süüdista püüa külg ühtki ütled hüva püsida ühel üritad sügav</Line>
<Line>ühtegi lülita külge süüa sünnipäeva küsimusi ütlete ülem külalisi küsige</Line>
<Line>tüdrukule üksused püsige püüdsin küsida tühja nüüd üleni üpris üksi</Line>
<Line>üleval tütar küllap ülesande ühendus sügavale nüüdseks ühendatud</Line>
<Line>tüdrukut üksnes ühine igaüks ülejäänu ühe püüame ülikooli üllatunud</Line>
<Line>küsin rünnakut ütlesin tüdruku hüppa tükk küsid üritavad ütlevad</Line>
<Line>ütleksin südames sünnib tüübi püüdke südame sündinud püüdnud kümne</Line>
<Line>külas küsib sügavalt üheksa ütlema küüti püsti üritab tüüp hüppas südamest</Line>
<Line>küsi rühm üksik ütleme küllalt püss püksi müüa tükki pühapäeval üha</Line>
<Line>üheks tüdrukud püüab ülesanne küsimusele tüdrukuid ühist südamesse</Line>
<Line>ülikoolis sündisin südant ühes tütre üksteise müüb ütlen ütlesid püüan lükka</Line>
<Line>üksinda üks küsimust prügi külma tüdrukute süütu ütles ütle üritasid küsinud</Line>
<Line>tükkideks tüdrukust püüdis lühike ühte üksteisele ütleb küsimused</Line>
<Line>ütleks ründasid üllatus tütrega ründavad kümme lüüa külla rünnak ütleksid</Line>
<Line>rünnaku püha ürita sünnipäev külaliste püüda püksid küsis ükskord tüli püsi</Line>
<Line>külm süda külaline sügaval küsima tüdruk üritan ühineda ühegi müristus üksus</Line>
<Line>süüdi tühi üritame lülitada küla tütart ühendust mütsi küsimus üle püüdsid</Line>
<Line>ümber ühele üritanud tüübid küljest ülesse ükski üldse tüüpi</Line>
<Line>kütust süsteemi üksteist sündis külalised püüad ründas üles müü</Line>

 </Level>
 
  <Level>
	<!-- 18 -->
 <NewCharacters>õ</NewCharacters>
<Line>mõjub sõidame võtme õhus võtit õigel õnnelik õnnetu sõbranna</Line>
<Line>mõtlete õnnitlen mõistust mõlemale võidame õppisid kõigiga õlle</Line>
<Line>kõigest võiks kõrgel sõpra võitja sõita võitleme kõnni lõppu kõndida</Line>
<Line>kõikidele õhtusööki kõla võit lõunasse tõsi võin mõtlesin õhtu mõrva</Line>
<Line>sõbra sõi mõistus õppida õiglane õppinud tõtt põrgusse võtame sõltub</Line>
<Line>tõuse sõja tõlkis tõsist lõid tõesti tõid lõksu jõuavad kõigile õpetan võrra</Line>
<Line>võita võtan õhtusöök kõike kõige mõõk põlema õnnestunud õpi jõuame</Line>
<Line>mõeldud mõni sõidad õed mõistab kõigepealt põrandale mõrv mõnel</Line>
<Line>mõõga põrandal võistlus võidan sõjas kõri kõik mõrvas rõõmu põgeneda</Line>
<Line>tõeliselt võimalused tõmban mõne võitleb põnev võtab mõtleme mõte</Line>
<Line>õnnelikuks nõnda jõua lõpus sõber sõid põrgus mõelge kõrvale sõitis tõuske</Line>
<Line>lõpetan sõjavägi võimelised õhk võlgnen kõigist võti lõuad võtnud lõikas</Line>
<Line>mõistuse võinud tõmbas lõhna mõnikord lõpp õiged kõvasti sõbraga võtsin</Line>
<Line>lõhn mõtlevad võime mõistate hõivatud kõrge õhtust lõpetas sõrmus võimeid</Line>
<Line>rõve tõi tõestada võimalik õega võtaksid lõppeb põhjuseks mõrvar võtad</Line>
<Line>õppisin kõrvad lõpetanud mõistad võivad tõusta õpid põlvili sõnumi sõdur</Line>
<Line>põhjusel õnnestub põmm õudne võtaksin tõttu võõras lõppema lõpetab</Line>
<Line>rõõmuga lõunat kõikjal nõid kõrgeausus sõpru mõtleb sõnad õpetada</Line>
<Line>õnnistagu sõpradele sõrmuse lõpule tõelist põhjus sõitsin võimed võrreldes</Line>
<Line>võimalust võitsid kõigega õigus lõhki sõin kõlas mõelda võimalusi lõks nõbu</Line>
<Line>lõpuni tõsine põgenenud põhjust jõud põrgut mõtted tõepoolest põhjustas</Line>
<Line>lõpetasin võitnud nõrk põhjustab õiget kõigele tõuseb võitleja põgenes võtma</Line>
<Line>kõht jõuan õnne lõi õigeks õel mõnda sõidab rõõm mõtlesime lõpetama või</Line>
 </Level>
 

  <Level>
  	<!-- 19 -->
 <NewCharacters>,.</NewCharacters>
<Line>suu. maha, juhuslikult, muutus. mõtlen. keelt, uskumatu. muudab.</Line>
<Line>segamini, käskis. uuesti, läinud. ajal, otsustanud. kuskil, enamat.</Line>
<Line>vanaema. korrus. kukub, südame. kabinetis, lülita. sügav, ameerika. nautige.</Line>
<Line>hakkas. nali, mõrv. ülikoolis, keppi. jõudsime, vapustav. sattus, kõrvad. uhke.</Line>
<Line>mujal, laetud. muud, kapten. vestlus, tehke. autosid, ajad. lood, antud. tulnukad.</Line>
<Line>hoolin, eemal. geenius. pisut, loobuma. ostan, tohi. mõrvas, visata. üpris, raamat.</Line>
<Line>pilves. planeedilt, jook. kutsusin, valetasid. lõika. otsid. liige, punkti. linnapea.</Line>
<Line>kahtlusalune, mõtlesid. kaotasime, teadmata. muu, asjus. saladust, nägema.</Line>
<Line>aju. kehv. terviseks, sul. sõbrad, nädal. tõelist, seisad. muust, valima. üritas, hing.</Line>
<Line>vaatan. saadan, plaan. lasen, lend. vahi, elust. täht, ütlete. andma, haige. armastust.</Line>
<Line>väidab, jäljed. baasi, meeskonda. mehed, jamas. kaugelt, arva. tühi, sõnum. toidu.</Line>
<Line>kinnitatud, jooma. moel, minuta. lastud, elagu. olev, praegu. käigus, paar. ette.</Line>
<Line>nüüdsest, asjasse, võtme. riides, vein. vast, näitan. tõsist, nädalavahetusel, peremees.</Line>
<Line>kiri. püha, tegite. vahe, kirja. ehitada, jääte. tundud, anti. laupäeval, tahtma. jäätist.</Line>
<Line>ameeriklased, iial. pahandusi, käiku. eriti, maganud. tundi, reedel. puutu, kobi. prl.</Line>
<Line>ütleksin. võttis. viga. kaupa. seletada. nimesid. juhtida. lukku. öösiti. mille.</Line>
<Line>algust. kullake. võistlus, olla. rada, muutis. ainult, halva. neist. nii. täiuslik. vaikust.</Line>
<Line>moodus, halvad, tegime, läki. ilus, kohtusin. peabki, tere. kohut, võidab. sõrmust, veri.</Line>
<Line>telekas. rööviti, absoluutselt. tuled, seejärel. tundsin, palu. läbi, and. palju, võõras.</Line>
<Line>õnnistagu. seersant, töötad. vannun. tapma. linn, vanemaid. proovis, sõbra. esile.</Line>
 </Level>




 <Level>
 <!-- 20 -->
 <NewCharacters>1234567890=+-</NewCharacters>
	<Line>1+3=4 2-1=1 5+3=8 11-5=6 12-3=9</Line>
	<Line>2-1=1 5+3=8 12-3=9 13+1=14</Line>
	<Line>13+1=14 22-13=9 29+11=40 28+3=31</Line>
	<Line>22-13=9 29+11=40 11-5=6 1+3=4 28+3=31</Line>
 </Level>
 
 
 
 <Level>
 <!-- 21 -->
 <NewCharacters>suured tähed</NewCharacters>
<Line>Põldeotsa Karba Reigi Ivaste Aruküla Seretsüvä Salumetsa Haabsilla Võmmorski</Line>
<Line>Külmaallika Joandu Litu Tõhelgi Auksi Kiviora Ageri Rassi Kõrtsialuse Hino Võidula</Line>
<Line>Koimula Toolamaa Leikude Pilpaküla Sulu Veibri Kiirassaare Lepassaare Lütä</Line>
<Line>Rabavere Kündja Määvli Uhe Neitla Süvalepa Mahu Uulu Jõgisoo Roosi Majaka</Line>
<Line>Udria Mälivere Riiassaare Reheselja Suurna Härmakosu Haimre Sudaste Hotõmäe</Line>
<Line>Kiratsi Laagna Iravere Aruvalla Vadiküla Kuiavere Mägiste Võntküla Rame Purtse</Line>
<Line>Prandi Kaubi Antsu Ohtu Lehtmetsa Tagametsa Vahetüki Laisi Kodijärve Papisilla</Line>
<Line>Värssu Aidu Loodi Riidaja Palupere Saare Vetepere Kannu Laagri Lõhavere</Line>
<Line>Voorepalu Rabasaare Kadaka Jaamaküla Undi Pikati Paenasti Iisaku Jõhvi</Line>
<Line>Trolla Möldri Keeni Sambu Võhu Hagudi Pedja Sagariste Metsapoole Paenase</Line>
<Line>Valkla Kuri Metsanurme Karksi Ammuta Kauda Sooru Iia Nugeri Ilumäe</Line>
<Line>Aruvälja Harkujärve Kursi Rabivere Tagavere Viruküla Lalsi Sahargu Raugu</Line>
<Line>Hurmi Vanaveski Tepelvälja Kantsi Konsu Vantri Sipe Vägari Vatsküla Rahuste</Line>
<Line>Väätsa Uusna Mustajõe Munalaskme Miila Rangu Laiusevälja Kogrõ Karuba</Line>
<Line>Odiste Järvajõe Kännuküla Kiviloo Jauni Kangrussaare Ihamaru Remniku</Line>
<Line>Emmu Mõisaaseme Rahumäe Haljava Mannare Vahenurme Saate Leetva</Line>
<Line>Malvaste Kärla Hämkoti Pillapalu Länga Jälevere Tudre Lüübnitsa Järtsaare</Line>
<Line>Õhu Kuksina Puhtaleiva Vaali Tuulemäe Võõpste Tõutsi Haljala Mügra Soolu</Line>
<Line>Kliima Paju Jabara Kukevere Mägise Lavi Tsiistre Rõusa Vedra Kaeva Varja</Line>
<Line>Käravete Haili Kuivajõe Vennati Ervita Päelda Tarakvere Õepa Kiva Saku Ilvese</Line>
<Line>Kärasi Tõre Leevi Eiste Voorbahi Kurnuvere Hilleste Meriküla Lööra Kuninga</Line>
<Line>Kokuta Kangrusselja Kõrvetaguse Tõnija Haapsu Läbara Savikoti Vissi Villevere</Line>
<Line>Rätsepa Pedassaare Toolse Aovere Sürgavere Abaja Põhjaka Piiumetsa Eerikvere</Line>
<Line>Kambja Kaagvere Ermakova Pähkla Kikivere Palandõ Eesnurga Jõepera Roostoja</Line>
<Line>Kärneri Leimani Kikka Kudjape Ruudiküla Reinu Metslõugu Koidma Unametsa</Line>
<Line>Kallaste Karujärve Palometsa Pärivere Kahutsi Uniküla Diby Hannuste Undva</Line>
<Line>Ülgase Konuvere Ristemäe Kolkja Vaiatu Rimmi Sõtke Vaaksaarõ Naruski Aegviidu</Line>
 </Level>

 
 <Level>
 <!-- 22 -->
 <NewCharacters>terved laused</NewCharacters>
<Line>Rööptahukas on prisma, mille põhjad on rööpkülikud.</Line>
<Line>Rööptahuka kõik tahud on rööpkülikud, mis on kongruentsed oma vastastahkudega.</Line>
<Line>Üks vee molekul koosneb kahest vesiniku ja ühest hapniku aatomist.</Line>
<Line>Vesi on normaaltingimustel vedel seetõttu, et vee polaarsed molekulid moodustavad omavahel vesiniksidemeid.</Line>
<Line>Vesi on üks levinumaid ja parimaid lahusteid, selles lahustuvad hästi väga paljud gaasilised, vedelad ja tahked ained.</Line>
<Line>Vee tihedus sõltub nii temperatuurist kui ka lahustunud ainete kontsentratsioonist.</Line>
<Line>Kõik keemilised reaktsioonid, mis toimuvad elusas organismis, toimuvad veekeskkonnas.</Line>
<Line>Läänemeri ehk Limneameri (ka Balti meri) on Atlandi ookeani sisemeri, mis piirab Eestit põhjast ja läänest.</Line>
<Line>Läänemerd ühendavad Põhjamerega madalad ja kitsad Taani väinad.</Line>
<Line>Karu ehk pruunkaru (Ursus arctos) on karulaste sugukonda karu perekonda kuuluv loomaliik.</Line>
<Line>Pruunkaru on suurim Eestis elav kiskjaline ja suurim Euroopa mandriosas elav kiskjaline.</Line>
<Line>Pruunkaru oli algselt levinud suures osas Põhja-Ameerikast, Euraasiast ja Põhja-Aafrikast.</Line>
<Line>Liustikud katavad tänapäeval ligikaudu 10% maismaast.</Line>
<Line>Liustikke, nende liikumist, levikut, füüsikalisi omadusi jms uuriv teadusharu on glatsioloogia. </Line>
<Line>Ronk ehk kaaren (Corvus corax) on linnuliik vareslaste sugukonnast varese perekonnast.</Line>
<Line>Juudi pärimuse järgi õpetas ronk Aadamale, kuidas oma poega Aabelit matta.</Line>
<Line>Korjakid, tšuktšid ja itelmeenid austasid rongakujulist jumalust Kuthi.</Line>
<Line>Valgusreostuseks nimetatakse nähtust, mille korral tehisvalgus satub sinna, kuhu sel pole ette nähtud sattuda.</Line>
<Line>Valgusreostust tekitavad hoonete välis- ja sisevalgustus, tänavavalgustus kui ka valgustatud välireklaamid ja valgusreklaamid.</Line>
 </Level>
 
 
 
 </Levels>
</RasytiLecture>
