<KTouchLecture>
 <Title>Finnish (auto-generated)</Title>
 <Comment>KTouch training file generated March 22, 2006 by Ulla Lewman.
</Comment>
 <Levels>
  <Level>
   <NewCharacters>jf</NewCharacters>
   <Line>ff jjj jf jfj j jff fjjf ff jfj j jff ff jjj fjj fjj fjf jfj jjj</Line>
   <Line>f fjjf jjj fjjf jfj fjjf f j fjj jff j fjj jf jjj fjjf f f fjf</Line>
   <Line>fjjf jff jjj ff jf fjjf fjjf f fjj fjj jf fjf j jj f j fjj jj jjj</Line>
   <Line>f jjj f fjjf j j jjj f j jjj jj ff fjf fjj f f ff jjj jj fjf f</Line>
   <Line>ff f fjjf fjj fjj f j fjf f jj jj jff jj jfj f jf jjj fjj j jjj</Line>
   <Line>jfj fjjf f f fjf jj ff f j fjf fjj f jf j jf j fjj fjjf jj jff f</Line>
   <Line>jff jff j f j f jff f jjj j fjf f fjjf j jff jj j f jf j ff jj fjj</Line>
   <Line>ff jfj jfj j ff fjjf jj ff fjj f jff jff f fjf jj jj f jfj j fjj</Line>
   <Line>jjj jff jj fjj jfj f fjj fjjf jj jj jf jff ff f jf jj ff fjjf j</Line>
   <Line>jff fjf f f jfj fjjf f jj j fjj j fjj jf f f j ff jj j fjf jfj jj</Line>
   <Line>jj jf j f j ff j fjjf jff f fjj jff j jf fjf j fjjf fjj j jj jf</Line>
   <Line>fjj jfj jfj fjjf f f jjj jj fjj fjjf j fjjf jf fjjf jf f fjj j j</Line>
   <Line>jjj jj jf j ff fjf jj jjj ff jf j jjj f ff ff j jf jjj jff jff f</Line>
   <Line>jf j jfj fjj jfj fjjf fjj fjjf fjjf jj jjj ff jfj j jj f jj jfj</Line>
   <Line>jff f f j j j f f jj jjj f fjj j fjjf fjj f fjjf fjf ff f jf fjjf</Line>
   <Line>fjj fjj j f jf f fjjf ff jf ff jff jf j fjf f fjjf fjj j jff jj</Line>
   <Line>f jf f fjjf jf jjj f fjjf fjjf j j f jfj f jjj j f fjjf f j jj</Line>
   <Line>jj fjj fjjf f f jff jj jff f j jff f ff fjjf jf fjj fjj jf j jff</Line>
   <Line>fjf jj jj jj jfj jf j jfj j fjjf jff ff fjj f j f j f f jj f fjj</Line>
   <Line>jf jjj fjjf j f f jj jj jjj ff j fjf f fjj jfj jfj fjf jj jjj j</Line>
   <Line>fjj jj jfj jjj jj jj f j j jff jjj jjj f jj jff f f f f fjf fjjf</Line>
   <Line>jff j jjj fjjf ff fjjf j j fjf fjj jj j fjjf f jjj jfj jj fjjf fjf</Line>
   <Line>fjj jjj j j jjj jf f f j fjj fjjf jfj fjj f ff j j jj jf jj jfj</Line>
   <Line>jff fjj jf jj jf jf jj jj f fjjf jf j f fjjf ff jjj jf fjf jj fjjf</Line>
   <Line>f jff f j ff fjj j fjj jj fjj jj jf j fjjf j jfj ff jf jf fjj</Line>
   <Line>ff j ff f jj ff jfj jj j jfj jj f jj jj jf jf jj jjj jfj j jfj</Line>
   <Line>jjj jfj jf jjj j j jf jfj fjj f jfj fjj ff jff fjj f j jjj jf f</Line>
   <Line>jff fjf jf f jj j f j f jff ff jf jfj jjj jf ff ff jff f fjj jfj</Line>
   <Line>j jfj jj jjj jf f fjjf j ff jjj jfj jff jff f fjjf fjj fjjf f</Line>
   <Line>jfj jj f ff jff fjjf jff f jjj jfj jj j jfj ff fjj ff j f jj fjjf</Line>
  </Level>
  <Level>
   <NewCharacters>kd</NewCharacters>
   <Line>jjd fdfj rd djd jk jd k dd fjk fd fk k jfkd dkkf fk dkd dd jk k</Line>
   <Line>dfj djd fkkk fk dff d dkkf fd fk fdfj fk k dkkf djd dff dkd dff</Line>
   <Line>dkd kdk k dkkf k jk fkkk jd k jfkd fk fk jd k d dkd jd k dd rd dffd</Line>
   <Line>d fk k k dff dff dd fk fk fd jd dd jjd rd dkd dkf kdk fdfj d kdk</Line>
   <Line>djd k fk rd dd fk dff dff kdk dkd dkf d k jk jfkd jd jfkd d kdk</Line>
   <Line>dkd kdk djd jd dkf dkkf fkkk dd djd fd dkf fk dff dkkf fk fk fdfj</Line>
   <Line>fk fk rd jjd k k dkkf d rd dkd dd rd jjd fk fd fk k jk rd fd fd</Line>
   <Line>djd k jjd djd fk k fjk k dd dfj kdk jd djd fk dfj fd k dffd jd djd</Line>
   <Line>kdk dkd dd k fd fk jjd fjk fd rd fjk fk k dfj fd dd dkd d k dd kdk</Line>
   <Line>fjk fk dkkf dd dkkf dd rd fd jd k jjd k dkf djd dkf k dkd d jd d</Line>
   <Line>fjk dkkf dffd k d fdfj djd kdk fkkk d dfj jk fk jd jfkd jd kdk dffd</Line>
   <Line>dd dkf dffd jk jk jd fd dkf k jd jfkd fdfj fkkk k dkf fdfj dfj</Line>
   <Line>fd jd jd dd dd jd dd rd dkd dffd fd fkkk dffd dd fk jjd fk k k</Line>
   <Line>d dfj fdfj k fk fk dkd dkkf dffd dffd k fkkk dkf jk dkd fdfj jfkd</Line>
   <Line>jd dd jk fd dkf dkd dd k d k fdfj fdfj dd dffd djd dffd kdk dffd</Line>
   <Line>fd jk dffd fk fd rd fdfj d fk d dff fkkk fk fk jd fkkk djd fk fdfj</Line>
   <Line>jd jfkd dkkf fkkk dkkf kdk dd dfj k fk dfj fk jk fd jd k k kdk</Line>
   <Line>k dfj dd k jfkd d fk jk rd fk k dffd fk djd jjd fk dkd dd dffd</Line>
   <Line>fk fk kdk fdfj dfj fd fk dd dffd dd dkd fkkk k dkf dkkf k jfkd</Line>
   <Line>d dfj k fk fdfj dff fk djd dd d dff k fd rd fdfj fk fd dkd djd</Line>
   <Line>kdk fk fk dfj fk fdfj k dkf dkkf dffd k fk fk jfkd jk dffd fd dff</Line>
   <Line>fk dkf fk dffd jd dfj d dkkf jd jjd fd fjk fd fk fk dff dffd fdfj</Line>
   <Line>dkkf fd jd jfkd dffd d djd dkd fdfj fk dff fk fdfj jk fk dfj d dkf</Line>
   <Line>rd rd jd rd jfkd dd jd k dffd fd dkd fk fk k dkd djd fk jjd jjd</Line>
   <Line>k dd dd jd fk fk fk jfkd fd d fk fk d fkkk dkkf jjd dkf fdfj fkkk</Line>
   <Line>djd k fk k jd dd dkd djd k kdk rd djd k jjd k jd dfj dfj dkf jjd</Line>
   <Line>fk fd rd jd fdfj jk fk fjk rd k jd dkf rd dkd fkkk jfkd jjd jjd</Line>
   <Line>fk jd fk jk dfj d fkkk k jjd jk fjk dd rd jd fdfj jd dfj jk dkkf</Line>
   <Line>fkkk fk fk dffd fk dfj jd dd jk dfj fjk fd jfkd fk fd jd fd jd k</Line>
   <Line>dffd rd dkd dd fk fk jk dffd fk dkd fjk jk k jk djd fdfj fk dd jd</Line>
  </Level>
  <Level>
   <NewCharacters>ls</NewCharacters>
   <Line>fl s l ldk l s slj s dks sf kl ll ls l ls dss lkj slk ks jl jjss</Line>
   <Line>l slj jl lkj l ldf s ld ll l ll ldk jjdl dlkk fl rs dss fld fl</Line>
   <Line>kl fl fl lkj fld ld fld js l dss kl jl jl ldk fld s ls s js kl</Line>
   <Line>ll ld dss fld l rs sf dss ll jl kl ls slj kl ldf kl dss rs ls js</Line>
   <Line>s dlkk js kl js ls fld jl jjdl ll jjdl ll rs ldf rs ld ldk slj</Line>
   <Line>slj fl fld lkj rs ldf dlkk dss rs fl ld ldk kl dks fl sf dks ldk</Line>
   <Line>slj kl sf dlkk fl s kl l ll fl slj ll s s s dds s sf fld ks ks s</Line>
   <Line>ll dss s sf dks fl ldf dks rs ld s jjss ll l slk kl dks sf ll ldf</Line>
   <Line>s ll dlkk rs jl l ll ls l ldk ldk js dss rs s slj l dks fld jl</Line>
   <Line>ks dss dlkk ls kl ks kl js kl ldk kl ls l slk dlkk lkj slj dks</Line>
   <Line>ld dks rs ldf dlkk ls s rs jjdl slk ldk slk dds lkj lkj s jjdl</Line>
   <Line>fl l s kl slk jjss ls ll dss sf slj dlkk jl fl kl fl jl rs ls ll</Line>
   <Line>lkj lkj ls lkj kl fl fl ll fl dks l dlkk kl s ldk fl fl ks l kl</Line>
   <Line>ldf js slk fld dds l ldk ll dlkk jjss l lkj slk jl fl ldf ll fl</Line>
   <Line>l fl jjss ls ldk ll dks kl slj ldf kl dlkk slk jjdl sf dlkk dlkk</Line>
   <Line>fld ld s ls dlkk ld kl jl kl fl ls kl ls kl l sf l ls ldf dlkk kl</Line>
   <Line>sf fl ks lkj fl jjdl ldk ls jjdl dlkk dlkk ldk rs sf slj ld s l</Line>
   <Line>js ldf fld ldf dks ks ll jjdl slj fld dlkk s js l jjdl s s ks ld</Line>
   <Line>ll lkj dds ldk ls fl ldk dss jl sf fld kl rs rs ll ldf s dks ls</Line>
   <Line>ls dds slj dlkk jl l slk sf dks dks rs ldk jl dks l dlkk l ks rs</Line>
   <Line>ks dks ks fld dds dss ldk kl s ks dks slk fl slj dds fl s js jjss</Line>
   <Line>kl dks s fl rs s rs ldf ls sf ls ll rs sf dds dss jjdl l slk ldk</Line>
   <Line>rs kl ld ll kl ll fl jjss ls ldf ll jjss kl ll jjdl jjss sf ld</Line>
   <Line>jjdl ks ld js l slj jjdl fl sf lkj kl rs jjdl ks s dds dss fl slk</Line>
   <Line>ll l l slj fl dss js lkj fld ks lkj ks ldk jjss ll ld l kl js fl</Line>
   <Line>rs ls s s sf dds jl fld l lkj ls jl dss fl slk ldf jjdl l ks fl</Line>
   <Line>fld lkj js s js ld slk dlkk jl ks l dds ld lkj ll jjss ld jjss s</Line>
   <Line>dss s kl ldk dds fl s ldf kl sf slj kl sf lkj dss slk dss ls ls</Line>
   <Line>fl sf kl ll kl ld jjss dds kl fld jjdl fl js jl sf kl kl jl jl</Line>
   <Line>ldf ll dds dds s ll slk dks slj lkj fld kl ks rs fl kl ldk ld l</Line>
  </Level>
  <Level>
   <NewCharacters>ca</NewCharacters>
   <Line>a a a c c c aa aa cc cc aca aaca caac ccaa acac aaaa cccc aaaa cccc aaaa</Line>
   <Line>a c a c a c aa cc aa cc cc aa ja jjaa fafa ffaa ffcc ccfa afca cafa jafa caja </Line>
   <Line>kafa kafa dafa dada ddaa ddcc d c a f j ccaa caac acca ddcc ccdd kaada</Line>
   <Line>lala alal alla aall sasa asas acas casa lsca cafa caac aaac aaac ccca caac</Line>
   <Line>call ascals slacks fas fads fad lack sads flask jackals flack kasata kaada</Line>
   <Line>sass all salsa jackals cad lads flaks scald ca la asks flack lacks lalla alla</Line>
   <Line>ask ad jackal fas las sad sass skas ck ca fad fad adj fas kc dadda cadda</Line>
   <Line>jacks class lad scald cads jackal ad cads sack alas scald lacs flak lassa cc</Line>
   <Line>alfalfa calls jacks ala dc lacks class lad clack a fads alacks ads jaffa kaffa</Line>
   <Line>ads flask adds scalds c jacks jackals ascal cask ads aj add adds jakaa</Line>
   <Line>akka scald calla salsas alls sac cads salads fads cask adds casks faffa alfa</Line>
   <Line>asacs jackal lacks class clad ack dad slack fall alfalfas slacks laska dad</Line>
   <Line>fad cal lad cal calla ad sad salads ska salad flack skas ca jacks laaka lakka sasal ads ad flak aka ala ac clad alacks ck jackal fall fas scads</Line>
   <Line>call calla alfalfas calf falls flak lack flak flaks casks flak lass saada jakaa</Line>
   <Line>sala class alla akka affa adda a askas scad acks ac scad lac skas scald</Line>
   <Line>sacs lads ascals call scad call clads kcal salsa slack ascals dads</Line>
   <Line>call c alfalfa sack alfalfas falls ask fas salsa asks class jack</Line>
   <Line>asks alls alack calls alacks ads casks cs kc jackal lacs flak ascals</Line>
   <Line>a fall ad ck kcal alfalfa ad a flaks sacks alas ca lad salsas</Line>
   <Line>sac skas clads jacks assa aaaa alfalfas lacks ska alack flaks as ska</Line>
   <Line>cads jacks ala flack falls cads fad scads lac ads ask callas scalds</Line>
   <Line>ads skas salsas fall aka salsa flack alls flacks las salads cs salsas</Line>
   <Line>acks flack sacks sass lacs cal flacks jacks ajaa sakka alack flacks</Line>
   <Line>flack ask dad flacks ads kcal cal jack assa cads asks ala callas jacks</Line>
  </Level>
  <Level>
   <NewCharacters>ei uusia 1</NewCharacters>
   <Line>jaffa kaada fafa laaka lakka saada ca ja aa jj kk ss ll sala salaa lalla kalla</Line>
   <Line>jalla falla cafca salsa jfjf jkjk fkfk dkdk kdkd kfkf djdj kjkj jl lj sf fs j f k l</Line>
   <Line>salsaa kasa kafka safka ff jj kk dd ll ss cc aa j f k d l s c a jaffa kaffa sala</Line>
   <Line>jj ff kk dd ll ss cc aa j f k d l s c a jf jjff kd kkdd ls llss ca ccaa casa kasa</Line>
   <Line>falla afa adda cjcj jcjc fccf cckk ddcc ccdd cdcd akka dada lask kask aaaa</Line>
   <Line>jaffa kaada fafa laaka lakka saada ca ja aa jj kk ss ll sala salaa lalla kalla</Line>
   <Line>jalla falla cafca salsa alas kala dada ja asla dakk lalla caac acca alla akka</Line>
   <Line>salsaa kasa kafka safka ff jj kk dd ll ss cc aa j f k d l s c a jaffa kaffa sala</Line>
   <Line>jaffa kaada fafa laaka lakka saada ca ja aa jj kk ss ll sala salaa lalla kalla</Line>
   <Line>jalla falla cafca salsa jaffa kaffa faffa als kasaa kaada saada lalal laa laa</Line>
   <Line>salsaa kasa kafka safka ff jj kk dd ll ss cc aa j f k d l s c a jaffa kaffa sala</Line>
   <Line>jaffa kaada fafa laaka lakka saada ca ja aa jj kk ss ll sala salaa lalla kalla</Line>
   <Line>jalla falla cafca salsa jfjf jkjk fkfk dkdk kdkd kfkf djdj kjkj jl lj sf fs j f k l</Line>
   <Line>salsaa kasa kafka safka ff jj kk dd ll ss cc aa j f k d l s c a jaffa kaffa sala</Line>
   <Line>jj ff kk dd ll ss cc aa j f k d l s c a jf jjff kd kkdd ls llss ca ccaa casa kasa</Line>
   <Line>falla afa adda cjcj jcjc fccf cckk ddcc ccdd cdcd akka dada lask kask aaaa</Line>
   <Line>jaffa kaada fafa laaka lakka saada ca ja aa jj kk ss ll sala salaa lalla kalla</Line>
   <Line>jalla falla cafca salsa alas kala dada ja asla dakk lalla caac acca alla akka</Line>
   <Line>salsaa kasa kafka safka ff jj kk dd ll ss cc aa j f k d l s c a jaffa kaffa sala</Line>
   <Line>jaffa kaada fafa laaka lakka saada ca ja aa jj kk ss ll sala salaa lalla kalla</Line>
   <Line>jalla falla cafca salsa jaffa kaffa faffa als kasaa kaada saada lalal laa laa</Line>
   <Line>salsaa kasa kafka safka ff jj kk dd ll ss cc aa j f k d l s c a jaffa kaffa sala</Line>
  </Level>
  <Level>
   <NewCharacters>nt</NewCharacters>
   <Line>tt t t tttt tt nn nn nt tn nntt ttnn ntnt tttn tnnn nntt tnnt nnnn tttt tntn </Line>
   <Line>n n n t t t tt tt nn nn nntt nntt ntnt nttt nnnt tntn tt tt tt nn nn nn tntn</Line>
   <Line>tasa tall tn flanks ananas sataa ands talc knack n cancans talk kantaa</Line>
   <Line>canst fan asst stats at natl antaa stall alta ands snacks stand assn</Line>
   <Line>ants alt tads cantata talcs natl attack knacks stalks tack taata ltd</Line>
   <Line>tattan scan scandals fats tatsa tad talk stalks scats ankka aats daft</Line>
   <Line>tn fatals fat nasal aft santas antal flan knacks natal at acts at</Line>
   <Line>scats ts and stank act ct flans canal flan flans sata fats caftan</Line>
   <Line>sank cant tads talcs fats act tacts tanks assn slat ansat flatlands</Line>
   <Line>attacks kn as sn sandal alts antaa kattaa flats nack cat afts santa</Line>
   <Line>laatta assn snack flatlands ansat cats stands asa assa ants cancans</Line>
   <Line>talc flt tasks cancans ltd sandal canals stalks tat aslant tad flatlands</Line>
   <Line>tans flank cast flatland tanks naatta snacks n sands talcs natal annal</Line>
   <Line>attacks slants kana kansa ants act stanks tasks slants flanks flat</Line>
   <Line>act clank fatal stalk laatta sand sandals fast tads tact fatals lanta</Line>
   <Line>dank attacks attn caftan flatlands ctn kn tans tack fact flank kantaa</Line>
   <Line>cats sandal stall land knack flanks at attan fats talcs catcall</Line>
   <Line>fats aslant lat ct slats st scandal tank slants fatal fat stall sank</Line>
   <Line>lats cantata acct tasks jct fast nd scandal fats stat lastata fatta</Line>
   <Line>annan kattaa alta ankka scats ant fatals fast tantta fan tacks cast</Line>
   <Line>clans alts casts flan fatal cans nasals caftan attn fans lats lastata</Line>
   <Line>stanks ansa can kansat slats canals ltd kaada natal kana scans</Line>
   <Line>stall flatland knacks aft canal tantta flats antaa daft salts tats snack</Line>
   <Line>fats attn tack scandals knack tacts stands asst cats natl landfalls</Line>
   <Line>fact ands ats nd tan stand caftan tacts can natal act satsata</Line>
   <Line>scan daft ankka slants stat sank stanks tall lands flt stands saat</Line>
   <Line>lanka flatlands sandal staff fats kt fat flank sandal staff kaataa</Line>
   <Line>kantaa salt skat scants t t santa ct an flanks skandal flatlands</Line>
   <Line>tads stand tat clanks at ands ansat alts ts snacks assn tanks</Line>
   <Line>flatlands stack lands scandals scats cancan santa jct atlas</Line>
  </Level>
  <Level>
   <NewCharacters>iv</NewCharacters>
   <Line>i i i v v v iv iv vi vi iivv vvii viii iiiv vivi ivvi viiv iiii iiii vvvv vvvv ivvv viii</Line>
   <Line>i i i v v v ivi ivi viv vivi iviv vvii ivvv iivv iiiv vivi iviv ivvi iivv iiii vvvv</Line>
   <Line>saita saidat laiva cicada kissa viat knits stilt ails kills flail tail</Line>
   <Line>canvass vatsa kiln tina askis tic silti liilat assails avials ninja lila</Line>
   <Line>inka viisi faddists aktiivit kliffa clinicians dint saidat diivailla</Line>
   <Line>distinct titaani kissa radians incl saidat classical classic i</Line>
   <Line>tintata vasta fasaanit divaani ranka vastata nick siisti ills stints</Line>
   <Line>salliva titaani kickstand fatalist classic tick clink flick slink attic</Line>
   <Line>kinnas avata antaa finalisti sillat clink distaff did kicks tactics</Line>
   <Line>aina fall lifts jail did isit raadit raisins ansaita tiltti tiistai cavils</Line>
   <Line>killi tavallista fill finaali fatalistit distaff fills civilians visiitti</Line>
   <Line>cit finalists statistic fantails skit intact faints vis ails viscid</Line>
   <Line>distaffs kilts riff fains link sci ink diff sisals inland ii laidan ali</Line>
   <Line>nails slit island install klinikan siviili sitaatti stiff aivan vans</Line>
   <Line>filial canvass invalid flit aktiivi assistant installs raisins tactics</Line>
   <Line>skiffs ti kickstand still skinflint alkali antava dials dills invalids</Line>
   <Line>ivata klikata cacti raja lista saada isi kita skins assail vandaali</Line>
   <Line>instant kinnas klassista classicists infants fill assist villa didst</Line>
   <Line>knits ti stadias fiats saint ails kassa kissa sciatics ill fiats disdains</Line>
   <Line>lain assist avid davit fantails ii landfills vial it ink jinns skids</Line>
   <Line>avain aasi aivan astia lasti  kicks dillis tilli taivaan sataa antics kaivaa</Line>
   <Line>alava kaivata alla vaaka tasata maista kaista lasta lastata kiivas</Line>
   <Line>anti vain avain ivata natina lainata aina kina kiva ivat niin laina</Line>
   <Line>lasi silakka silava lava laiva laivalla laistaa vailla ilta cin cina finaali</Line>
   <Line>lantti katti centti laina laita laivan laivat liina niin niini sain saan</Line>
   <Line>kita kaita maita maata maat naatta niin kaiva kaivata ivata kaivata</Line>
   <Line>lasi laasti laava aava naava anti lantti vaadin vailla villa alla aivan</Line>
  </Level>
  <Level>
   <NewCharacters>me</NewCharacters>
   <Line>vitsi eilen massiivinen villaiset leikki divaani akateeminen kateellinen</Line>
   <Line>festivaali viesti sateliitti fani asteet fiini kaneli ale ladata vaskinen </Line>
   <Line>jade made desi sieni seitti viini leimasin seniili limetti medikalisaatio</Line>
   <Line>emali sataa messi missi esiliina taikina maa maailma satama melamiini</Line>
   <Line>desimaali vintti matematiikka neiti kameli kaneli aneli saneli meni mies</Line>
   <Line>taika laiva metallit maili mesi seleeni satellitti linssi ametisti</Line>
   <Line>seesteinen eilen este sitten definsioida sekaisin linimentti kaste latte</Line>
   <Line>eminenssi mestata entinen sekava milli lanta letit estetiikka dialektinen iske</Line>
   <Line>silli messi selli made kade villa aneli se fennica satelliitit eilen leili</Line>
   <Line>desi miina kiivas aisa lienee tankki desimaali aste viisi idea vastata maamaili</Line>
   <Line>niin aaveet desimitta ainiaan te jaffa liemet mielet satelliitti asema satu</Line>
   <Line>dementia aste seesteinen lakeija me aivastaa se kasetti aistia laakea asia</Line>
   <Line>teak asiakas lasiastia destinaatio enkeli sekalainen eli kavalkadi avata alias</Line>
   <Line>liemi manna aski ennen sama sana talli kieli mieli natina fasadi eines astia</Line>
   <Line>lantti kaivata neidit data eleet fitnesslaji seteli divaani sateinen esiliina</Line>
   <Line>calmette liikene este massiivinen innovaatio alias adjektiivi miesten niemet</Line>
   <Line>afasia mielle seniili seisake villaliina finnit este asema enne idea salaatti</Line>
   <Line>sametti akne alensi timantti este nakki makki seis lasi esine aivan anna leimata</Line>
   <Line>seimi maitti fiini tiedemies kaventaa ideat addiktiivinen ase vaivata nainen</Line>
   <Line>saviset sakset saidat laama dieetti kitata ies elitistinen askel nailon kina</Line>
   <Line>kivi se daalia fitnes amme saalis lime ajaa esteet festivaali kennel taikina</Line>
   <Line>data seitsen tie ne meilata desi esteet festina siveltimet enne lista teini</Line>
   <Line>ideat eli elimet elin finaali eilinen nasta mesi vaate meteli ravata sienet</Line>
   <Line>velka leili esine laita ies sideliina este kamina esine efekti laimea aste keila</Line>
   <Line>sametti ne semifinaali sementti kani viila vie me astemitta alas sinivalas tiet</Line>
   <Line>kaide esine laiva dialektinen sienet sini saate esteettinen aivan seis sentit</Line>
   <Line>filmi kameli skeitti teddi leski kate eteinen alentaa evindenssi maaninen nalle</Line>
   <Line>netti lasi laasti femma miina maine kisa fifa diiva kina siisti kiiski minne</Line>
   <Line>maine meni natina niin fiini ivata neiti kelsi kassi siviili sivellin etsin kaista</Line>
   <Line>ilkivalta seitti ivata laasti lantti kantti kanttiini kaste maistella maksaa maksa</Line>
   <Line>kide diiva me te ne se iva kiva kiivailla miete asiakas vaadin kaadin kiiski menin</Line>
  </Level>
  <Level>
   <NewCharacters>ei uusia 2</NewCharacters>
   <Line>jaffa kaada fafa laaka lakka saada avain aasi aivan astia lasti anna antaa</Line>
   <Line>vaiva sieti seiti lesti siika silakka salakka salainen salava maanalainen</Line>
   <Line>salsa jalla kalla lalla sala salaa lasta saita maista kaista kaadin vaadin</Line>
   <Line>aitaa raita kaita laita saita sananjalka alla matta mitta mesimarja alava</Line>
   <Line>nainen sama sana jana natina fifa kisa kissa kide kade diiva kina lasi</Line>
   <Line>laasti laita salva seisake miesasiakas amme ametisti aivan niin sali sama</Line>
   <Line>lantti katti laine maine centti siisti kiiski aisti esine mesi miina niska</Line>
   <Line>naskali netti fiini ivata kelsi kaali maali naali niin tina siviili sivellin</Line>
   <Line>ilkivalta valtava laiva laina liina sima siima vaiva aitta aita laita niska</Line>
   <Line>vitsi eilen massiivinen villaiset leikki divaani akateeminen kateellinen</Line>
   <Line>talli malli mallikas veivata vaivata maittava mekkala miekka miekkakala</Line>
   <Line>maittava maitse lattia salaatti melamiini mela mestata mies maalattia</Line>
   <Line>mainita massiivinen matala neitonen neiti niitti tanssi taivas televiesti</Line>
  </Level>
  <Level>
   <NewCharacters>hr</NewCharacters>
   <Line>h h hh hh h hhh r r rr rr rhhr hrrh hhrr hhrr rrhh hh rr hr hr rh rh hhrr</Line>
   <Line>metallit miehet hakeva retiisi rehti hevonen herra hera meret hiki haave</Line>
   <Line>firma itara marmeladi harmi hirtehinen eilinen rehellinen vaativa harmaa</Line>
   <Line>hirvi harmillinen harmaavarpunen rahi rahti raha retki kirja kirjava karja</Line>
   <Line>harja herjata hierarkia arkajalka harittaa harmittaa hiiva havaita haava</Line>
   <Line>kahva faarao farmari harava hara haara lahja laari vesi kaahata karsina</Line>
   <Line>emiiri rieha hantti merta hiiva harmittava harmahtava irvailla kirjava</Line>
   <Line>rahakasa harja hairahtaa lahja car litra metri mitta merimaili marjamaa</Line>
   <Line>hirvi hairahtaa rahi tahmea tahti hallita raikas rikas rakas ratsastaa aihe</Line>
   <Line>karjamaja majava viiri veri narina saari saaret rehti retiisi ratti vihta sari</Line>
   <Line>kaivata haitari hattara hatara rahakasa kasarmi karmi karmiva kamera</Line>
   <Line>kerma kirva karsastaa ratsastaa rahastaa rahastaja raha rehti rahti meri</Line>
   <Line>metalli tarha karhea erhe terve terveinen vene venhe vinha vanha virma</Line>
   <Line>varma harha herja harja harmaa kirja karja sarja taara haara kaada leiri</Line>
   <Line>ladata rahdata reimari raina raide riita itara harata vastaan rastas raikas</Line>
   <Line>herne hirnahtaa hairahdella hidas hidastaa tahdikas tehdas erilainen eri</Line>
   <Line>desilitra metrimitta mittari kreemi lammas hammas hammasharja riihi</Line>
   <Line>karisma kari kiire itara kitara sitar mahti sieni kirja kirje siesta sierain</Line>
   <Line>siisti kaari kitsas ritsa riita hiiva treeni trivia atria ateria ahteri siideri</Line>
   <Line>eriste risteilee ristiriita rahi rahti ritarilinna kide kirmata karmiva kaari</Line>
   <Line>ralli rilli laari laastari kaahari kiire kiirii kierre mielle marjastaa tarkastaa</Line>
   <Line>tarha eristin helistin kiristin arka jalka firma liiteri hiiri saari naali maili</Line>
   <Line>misteli riivin rihveli ristiriita risa kitarisa kasari kattila haili halata aari</Line>
   <Line>hehtaari hilse hatara hairahtaa leiri iiris eriste haistaa lehti lahti kaksi</Line>
   <Line>kisa kasa rasavilli viikari veijari reimari meri sarja harja karja marja rahi</Line>
   <Line>kirjaraati ratti rahtilava laiva reimari harittaa aristaa saari armeija lahti</Line>
   <Line>lehti leiri lirisee aristaa aristella eriste kirjava herjata kaavake saareke</Line>
  </Level>
  <Level>
   <NewCharacters>go</NewCharacters>
   <Line>oo gg oooo oooo gggg gggg gogo ogog ooog gggo oogg ggoo oggg ooog</Line>
   <Line>o g o g gggo ggoo ooog oogg oggg oggg oo gg oo gg go go og og ooog</Line>
   <Line>kongi king kangastaa gondoli onkia loimi liemi noki kangastaa koti</Line>
   <Line>ommella ongella ongelma hangata hangoitella tori toivo vaiti hoiva</Line>
   <Line>enkeli taivas honka lento soittaa soitto koitto kanalla hangata</Line>
   <Line>osoite osoittaa osata ongelmat onkalo kailottaa lanka solkenaan solki</Line>
   <Line>langoilla langettaa oiva osa asia osio looginen legioona leijona ja</Line>
   <Line>koi naali lento ahkio sininen oranssi sose keltainen tanka soikea hoikka</Line>
   <Line>hegemonia keto oiva hoiva mieto into ikoni ihminen normi sormi gogo</Line>
   <Line>hormi hormoni roima reima hirvi harva orava meirami gondoli kodin</Line>
   <Line>loisto liisteri farmari norja orja origami harjata raaste koira karaatti</Line>
   <Line>eri veri arvo osinko oranki gorilla gerilla harja harjoitella looginen logo</Line>
   <Line>loisto loinen merta meri mormooni hormooni harmooni rangaista rikos</Line>
   <Line>onkia tonkia honka hiiva hoiva soiva oiva roima reima langoitta lento</Line>
   <Line>harava osteri retiisi herra gondoli gondori kotka kiiski kioski kitara</Line>
   <Line>reitti tatti tieto toimisto osoite orgaani organisaatio ergonominen irto</Line>
   <Line>osasto osoittaa organisoida firma farmakologi onkologi osasto osoite</Line>
   <Line>kongi king kangastaa gondoli onkia loimi liemi noki kangastaa koti</Line>
   <Line>ommella ongella ongelma hangata hangoitella tori toivo vaiti hoiva</Line>
   <Line>enkeli taivas honka lento soittaa soitto koitto kanalla hangata</Line>
   <Line>osoite osoittaa osata ongelmat onkalo kailottaa lanka solkenaan solki</Line>
   <Line>langoilla langettaa oiva osa asia osio looginen legioona leijona ja</Line>
   <Line>koi naali lento ahkio sininen oranssi sose keltainen tanka soikea hoikka</Line>
   <Line>hegemonia keto oiva hoiva mieto into ikoni ihminen normi sormi gogo</Line>
   <Line>hormi hormoni roima reima hirvi harva orava meirami gondoli kodin</Line>
   <Line>loisto liisteri farmari norja orja origami harjata raaste koira karaatti</Line>
   <Line>eri veri arvo osinko oranki gorilla gerilla harja harjoitella looginen logo</Line>
   <Line>loisto loinen merta meri mormooni hormooni harmooni rangaista rikos</Line>
  </Level>
  <Level>
   <NewCharacters>bp</NewCharacters>
   <Line>b b b b p p p p bb pp pb bp bppp pbbb bbpp ppbb bbbp bbbp pbbb b b b b p p p p pp pp pp bb bb bb bob pop pappa pippa bibbi babba baba papa</Line>
   <Line>bio boi pio poi abba baab appa paap ebbe eppe eeep eeeb bbpp bbpp</Line>
   <Line>posti pois paisti pata poika appi apila oppilas pilari pila repale passi</Line>
   <Line>biologi baari barbaari berberi baskeri bataatti biopassi bistro albatrossi</Line>
   <Line>alabasteri boikotti ballistinen pomo pese bakteeri baletti baptismi</Line>
   <Line>baretti basaari bbc boordi parkkipaikka pitsiliina patsas poiminta poro</Line>
   <Line>pikantti pipana pirpana orpo ropo repo pimpeli pom potaska porkkana</Line>
   <Line>pensas perjantai maanantai tiistai keskiviikko torstai viikko koppi poka</Line>
   <Line>korppi kana palko pelko pensas pii paa pois popsi popsi porkkanaa </Line>
   <Line>happo gongi bongata meridiaani pistin kaide koppelo pormestari optio</Line>
   <Line>biologia bisarre biblia appi apila apteekki apea opettaja rosvo meirami</Line>
   <Line>patologi paarma pasma rasva riski roiske harvinainen harras taivas loiva</Line>
   <Line>sima rima riimi rimmata soma poro liirto hirvi harvinainen orvaskesi</Line>
   <Line>satama laiva alas lasti laari pari kari marina narina nappanahka</Line>
   <Line>nasta lasta kaste maista maksa posti perhe promootio baskeri bakteeri</Line>
   <Line>kaareva lokari pala palaa pallo siili siviili viili villa kari paita maitse</Line>
   <Line>meritse minne menet mies nainen poika lapsi perhe lapanen perna paras</Line>
   <Line>paisti gorilla gerilla germaani harava orava orgaani energia faarao</Line>
   <Line>opettaja oppilas rehtori lopettaa pormestari portti koppi korppi kaappi</Line>
   <Line>kipsi kiire merimaili merisiili litra metri millimetri viivotin harppi happi</Line>
   <Line>hepenet hiprakka promoottori pilli pilkka palkka rapa repale riisi reisi</Line>
  </Level>
  <Level>
   <NewCharacters>ei uusia 3</NewCharacters>
   <Line>jaffa fafa ca ja jakaa sala faarao kaftaani laiva aasi lapsi lopettaa aivan lasta pasta vasta kasta paperi berberi baskeri sivellin reitti peitto keitto</Line>
   <Line>katso lapanen gogo herra korppi kapalo sana kisa kissa risa rissa </Line>
   <Line>lasi lapsi mesi meri vesi pesi keski kaski maski matsi neiti veitsi kaadin</Line>
   <Line>keitto peitto pasta vasta vaaksa bataatti potaatti tomaatti persilja pari</Line>
   <Line>kari kerppo kaari vaari laari saari vatsa katse parillinen perillinen</Line>
   <Line>patsas gorilla gondooli kangas langat poisto esine pesto pasta pari</Line>
   <Line>maine meni niin se he ne me te pappa abba taivas aasi avain aivan anna</Line>
   <Line>amme seis silakka silava laiva loppiainen loma ruma siika onki kongi</Line>
   <Line>ongelma probleemi promille partio kartio orgaani organisaatio osoite</Line>
   <Line>ostos solki olki hangata hangoitella osa oiva logo pogo biologi posti</Line>
   <Line>lento honka hieno hieho harja karja lahja sininen oranssi roosa patsas</Line>
   <Line>baari paarit parit perinne paras leijona kaste raaste riski raita rinne</Line>
   <Line>ongelmat heti hetki harja karja kirjava kana kotkottaa pihalla patsas</Line>
   <Line>originaali virvoittaa langat perinne prosessi merkki gabardiini kangas</Line>
   <Line>promille millimetri senttimetri desimetri dekametri metri hehtometri</Line>
   <Line>kilometri aari hehtaari millilitra senttilitra desilitra litra dekalitra</Line>
   <Line>hehtolitra tavu sana lista laki fasaani fasadi biologia geologia sello</Line>
   <Line>viulu okariino basso kontrabasso basisti ksylofoni altto sopraano</Line>
   <Line>baritoni metrosopraano fagotti fregatti gastronomia</Line>
  </Level>
  <Level>
   <NewCharacters>qux</NewCharacters>
   <Line>q u x qq uu xx quxx qqxx uuuu uuuq uuuq uuux uuuu uu uu uu u u uuuu</Line>
   <Line>qqqu qqqx qqxx qxxx xxxx xxxx xxxu xxxu xxuu xxxx xxqq xxqq quxx q x</Line>
   <Line>q x q x u q x uq xxu qxxx quxu uqux xuqq uuuq uxux ux ux qx qx qx qx </Line>
   <Line>uusi kuusi usko tuska uskalias ukset sukset saukko raukka kukka kuka</Line>
   <Line>kulmikas kulakki kulma sulka ujo ruoka tule tuli tuoli suoli huoli ruuhka</Line>
   <Line>tupa tuuli tuutti tutti tuttava tuottava tuotos tapaus kulrata kullata kuu</Line>
   <Line>kuula kuolain huoli tuoli tuolla tauko toivo touko tuska vuoro vouti luoti</Line>
   <Line>tuttava kuva suma suomia seura suu puu luu muu duuri fuuga kukkula</Line>
   <Line>mukava sauna nauha nuha tunne aukko saukko tukos duuri kuuri tulos</Line>
   <Line>tunne fauna floora ranne ruutana reuna lunnas lunnaat luutua sauna suu</Line>
   <Line>tuttava kuutamo uhma uhkaus uusi untuva untuvikko biopolttoaine etuus</Line>
   <Line>etanoli nuoli nuolla nuori nuotti nuotta vuosi vuoto kuona kuori kuuri kuu</Line>
   <Line>kustannus uudistus suu queen mexx ex exhale examinia texmex xerox on kopio qu xavier kexi on suomeksi keksi ennen vanhaan kirjoitettiin ks x</Line>
   <Line>silloin suksi olisi ollut suxi q on vieras kirjain samoin kuin x tarvitse q ja</Line>
   <Line>x merkin kun kirjoitat ranskaa englantia tai ruotsia maukas muovailuvaha</Line>
   <Line>vahva suomalainen tuo tuomari juo huokailu huokaus huomata huuhaa on</Line>
   <Line>kumma juttu huhuilu huilu kumi kumina ruutana rauta hauta hautua</Line>
   <Line>huhu huuli huhkia tuhka tuhkata hauras haudata duuma duuri durum</Line>
   <Line>huima tuima luumu kuutamo puutarha puutarhuri puimuri kustannus</Line>
   <Line>luusto vauras vieras vastaus voima vuori vuosi puoliso puolittaa paula</Line>
   <Line>paalu valuutta valas huuma hauras hurja huima huoli huopa huveta</Line>
   <Line>huono gulakki kustavilainen tuoli fuuga duuma quixotic on vieras sana</Line>
   <Line>quiche on ranskalainen piiras quiet on hiljainen quid on slangisana ja tarkoittaa puntaa quintet on suomeksi kvintetti xylophone on tietenkin ksylofoni xenophobia tai xenofobia tarkoittaa vieraiden maiden tai</Line>
   <Line>muukalaisten pelkoa outo on usein kummallinen juttu tuuli uusi kuusi</Line>
  </Level>
  <Level>
   <NewCharacters>wäå</NewCharacters>
   <Line>å å å å åå åå åå åååå åååå å å åå åå åå åå å åå å åå åååå å å å å å å å å å</Line>
   <Line>w w w w ww ww ww ww wwww wwww åw åw åw åw åw åw åwwå wååw</Line>
   <Line>wåwå wwåå wåwå wwåå ååww ååww åwåw åwwå wååw åwwå åååw ww</Line>
   <Line>ä ä ä ä ää ää ää ääää ääää wääw äåäå åääå åäää ååää ääää ääää wwwä</Line>
   <Line>sää tämä tällä hämärä häntä minä sinä hän me te he tämä tuo se nämä nuo ne ovat kaikki pronomineja</Line>
   <Line>häät häätää häärätä häiritä häkki näkkileipä levätä kerätä kehrätä kerätä</Line>
   <Line>kerä rääkätä ääri kääriä kärki härkä häkä jäkälä mätäs mässätä määrä</Line>
   <Line>määränpää pää päättää päivä väri sääri sääli säilä eräs eristää erä kerä</Line>
   <Line>på on ruotsiksi päällä west on länsi särki hämärä sääri räätäli häätää</Line>
   <Line>häätää hällä väliä hässäkkä täysi rähjätä käsi käsitellä känsä häävieras</Line>
   <Line>käsitellä käskyttää häärätä äiti mätäs älli tälli käsi älä kälättää ääri</Line>
   <Line>äärimmäinen ääressä äkäinen säkä tähkä ässä värjätä värittää kääriä</Line>
   <Line>kähertää käämi känsä käärepaperi helähtää käki käsi säilä sää mää bää</Line>
   <Line>ääri räävi eräs erä metsä eläkeläinen päärme käärme äkseerätä älähtää</Line>
   <Line>tämä täällä tässä määkiä mäkäräinen närästää nähdä älähtää kätevä</Line>
   <Line>kääriä kääreessä äärellä käsitellä tärkeä täsmällinen päärme päärmätä</Line>
   <Line>hävitä hävetä ällitälli täsmällinen kädellinen jämä jämähtää jäte jää jäät</Line>
   <Line>määränpää päämäärä määrätä kääriä väärä värjätä värittää kädellinen</Line>
   <Line>sääret säärintama sääliä säälittävä rämäpää päämäärä määrätä älähtää</Line>
   <Line>äiti äimistellä älä kälättää kierrättää täsmällinen terävä väärä vierittää</Line>
   <Line>hämärä häämatka älähtää lällällää lällättää metsästää mieltää mieleltään</Line>
   <Line>äidin kääriä kieriä äimistellä tähkä tähkäpää ässä tässä täsmä täsmällinen</Line>
   <Line>tähti tähdellinen tärinä kärpänen käskeä kähmiä käämi kääre kiire</Line>
   <Line>räätäli rähjätä rähinä tärinä pärinä nätti jääräpää käsitellä kärjistää</Line>
  </Level>
  <Level>
   <NewCharacters>yzö</NewCharacters>
   <Line>y y y y yyyy yyyy yy yy yyyy yy yyyy y y y y yy yyy yyyy yy y yyy y yyyy</Line>
   <Line>z z z z z zz zz zz zzz zzz zzz zzzz zzz zz z z z z z yz yz yzyz yzyz yz zyyz</Line>
   <Line>ö ö ö ö öö öö öö öö ööö ööö ööö öööö öööö ööö ööyy yyöö yöyö zyöz zyöz</Line>
   <Line>syö työ öljy työntää örveltää örähdellä yllätys työläs tyypillinen jyrä</Line>
   <Line>ryövätä ryöväri syöveri syötävä syömäri säröillä ääretön öljy öhöm tyrä</Line>
   <Line>käytävä väylä törmätä työmaa työmies hyötykäyttö hyvä hyötytarha</Line>
   <Line>hyödyllinen hyöty syömälakko työtön työllisyys kylvötyö öljytty pyörähtää</Line>
   <Line>ystävällinen bazz bizz izzy käyskennellä käytävä käytös työpäivä</Line>
   <Line>väläyttää käryttää kääryle jyrätä syynätä kyykäärme säärystin päärynä</Line>
   <Line>älymystö älynystyrä kyynärä säynävä näyttävä näytelmä nyörittää pyörä</Line>
   <Line>kyhmy tyhmyri kysta täysikuu täydennys pöytäliina syötävä hyytelö hörhö</Line>
   <Line>törmäys tärinä täysi kädellinen käsitys täydennys kärsimys mysli</Line>
   <Line>mysteeri myllerrys myllertää myönnytys nyöntää työntää työntäyteinen</Line>
   <Line>syys syyskuu syli syöpä syöpäläinen kylmä kylmäkiskoinen kyynärä</Line>
   <Line>kysymys kyynärpää kylmäkiskoinen syötävä syömäri yömyöhä myötä</Line>
   <Line>myötäpäivä pyytää pyöräillä kytätä kylmäkiskoinen öljymäki öljytä yötyö</Line>
   <Line>ystävällinen yrmy kyhmy ryömiä työmyyrä mäyräkoira käsikähmä ääri</Line>
   <Line>pääri määritellä myönnytys sääri pyöräillä pyrähdys pyörähdys pöytä</Line>
   <Line>tietyömaa käskyläinen pääskynen pärjäily värinä päästäinen päävärit</Line>
   <Line>punainen sininen keltainen välivärit vihreä oranssi ruskea pastellivärit</Line>
   <Line>vaaleanpunainen vaaleansininen vaaleanvihreä täsmällinen työmyyrä</Line>
   <Line>ystävällisyys syksy talvi kevät kesä kyynärä kyöpeli hyötykäyttö sääty</Line>
   <Line>vyötärö vyötiäinen ärjähtää kyynärä kypärä käyskennellä täydellinen</Line>
   <Line>öylätti löyly löylykippo kytätä kyykäärme syömäpuikot työpäivä yksi</Line>
   <Line>pysti yksi kaksi kolme neljä viisi kuusi seitsemän kahdeksan yhdeksän</Line>
   <Line>kymmenen yksitoista yhdestoista kytätä käsitys käskennellä käärme</Line>
  </Level>
  <Level>
   <NewCharacters>ABCDEFGHIJKLMNOPQRSTUVWXYZ</NewCharacters>
   <Line>Anna Anastasia Aaro Barbara Bart Bernard Cecilia Charlot Chad Desiree</Line>
   <Line>Daniel Dick Erja Eero Elvis Faruk Filemon Fiona Gabriel Gabby Gideon</Line>
   <Line>Heikki Hanna Hilkka Iiro Irja Ilmari Jaana Janne Jouni Kaarina Kaapo</Line>
   <Line>Kerttu Lauri Lotta Lyly Mirjami Monica Mauri Nyyrikki Nicky Niko</Line>
   <Line>Ohto Orvokki Ossi Paavali Pauliina Päiviö Rafael Rudolf Ruben Sverker</Line>
   <Line>Sven Sylvester Tage Torgny Theodor Ulf Uuno Ulrika Valdemar Väinämö</Line>
   <Line>Vieno Wilhelmiina Wellamo Werneri Yngve Yrjö Yvonne Xenobia Xerxes</Line>
   <Line>Xanadu Zowie Zacharias Zeppo Åke Åsa Ågot Ärjylä Äijä Äyräpää Öjvind</Line>
   <Line>Örjan Östen Adlercreutz Ahlroos Aho Backman Berghäll Böstman Calas</Line>
   <Line>Collander Chalyquinn Degerholm Doughan Dufva Eazaz Eerola Efrat</Line>
   <Line>Fabert Fagerström Feldt Galetzky Gates Grönroos Haapalehto Hytönen</Line>
   <Line>Häggblom Itälä Ivanoff Iwendorff Jäynäs Jäätteenmäki Jörgensen Kaabar</Line>
   <Line>Kyllönen Könönen Lyyra Läykki Lääperi Maltzew Mäkäräinen Mölsy</Line>
   <Line>Nykänen Nyqvist Näätänen Oravisto Ostroff Oyer Paader Packalen</Line>
   <Line>Pöysti Qvanström Qvick Qvist Raade Riley Räsänen Salmi Szilvay Seger</Line>
   <Line>Tanskanen Tyynelä Tähtinen Udd Uhlenius Uosukainen Vapaavuori Vuori</Line>
   <Line>Vörlin Wahlberg Westberg Wäre Xerox Xue Xavier Ylenius Ylönen Yusuf</Line>
   <Line>Zetterström Zucca Zeus Åberg Åbo Åström Ärölä Äyräpää Ämmälä Öberg</Line>
   <Line>Österman Öörni</Line>
  </Level>
  <Level>
   <NewCharacters>piste ja pilkku</NewCharacters>
   <Line>. . . . . . . . .  , , , , . , . , .. ,, .. ,, .,., ., ., ,. ,. ,. . . . . . . . ... ... ... , , , ,, ,, ,, .... ...</Line>
   <Line>Muista käyttää pistettä aina lauseen lopuksi. Pisteen jälkeen on aina välilyönti. Lause alkaa aina isolla alkukirjaimella. Lause on yksi asia. Kirjoitan sinulle nyt muutaman esimerkin. Ulla ui. Uiminen on Ullasta hauskaa. Ainolla on aurinkoinen hymy. Aamu alkaa aamiaisella.Minä olen viisas kissa. Minä olen Sisu. Sano aa. Sano a. Sano apina.</Line>
   <Line>Aasi ui. Susi ui. Sisu ui.  Ullakon ovessa oli lappu. Alisa luki lapun</Line>
   <Line>Runoissa käytetään välimerkkinä usein pilkkua. Seuraava runo on kopioitu Salaisesta aapisesta.</Line>
   <Line>Joutsenen hoito</Line>
   <Line>Näin näin näitkö sen,</Line>
   <Line>linnun lennon valkoisen.</Line>
   <Line>Ilmaa alla siipien,</Line>
   <Line>joutsenen, niin, joutsenen.</Line>
   <Line>Ee ee etelään,</Line>
   <Line>etelään lennetään.</Line>
   <Line>Uupuu voima siipien,</Line>
   <Line>joutsenen, niin joutsenen.</Line>
   <Line>Oo oo onnea,</Line>
   <Line>onnea on matkalla.</Line>
   <Line>Linnun siiven hoitelen,</Line>
   <Line>jousenen, niin joutsenen.</Line>
   <Line>Lee lee lempeä,</Line>
   <Line>lempeä on käpälä.</Line>
   <Line>Hellä hoito siipien,</Line>
   <Line>joutsenen, niin joutsenen.</Line>
   <Line>Nyt olet harjoitellut kaikki kirjoituksen merkit, niin isot kuin pienetkin kirjaimet. Vielä voit harjoitella numerot ja muut merkit. Opettajasi varmaankin seuraavaksi neuvoo sinua käyttämään @-merkkiä ja tavuviivaa. Samalla on hyvä opetella jokin tekstinkäsittelyohjelma. Onnea kirjoitustaidollesi ja voitkin pyytää nyt opettajaltasi todistus kymmensormisjärjestelmän osaamisesta.</Line>
  </Level>
 </Levels>
</KTouchLecture>
