<KTouchLecture>
 <Title>French (auto-generated)</Title>
 <Comment>
    Trainingfile genereated in October 2001
    Program written by Håvard Frøiland
  </Comment>
 <Levels>
  <Level>
   <NewCharacters>jf</NewCharacters>
   <Line>ff jf jj jj ff j jf jj jf fj jf fj jf fj ff</Line>
   <Line>ff fj jj f fj f j f jj f jf f jf ff j fj ff</Line>
   <Line>fj j fj fj jf ff j jj fj jj jf ff j jf jj f</Line>
   <Line>ff f ff fj f j fj ff jf f f jf f j ff ff ff</Line>
   <Line>j fj jf jj fj jj fj f jf ff ff jj j jj fj f</Line>
   <Line>jf jj f jf ff jj j j ff jf jj ff fj fj ff j</Line>
   <Line>jf ff jf jj jj ff jf j ff ff fj ff fj jf fj</Line>
   <Line>j jj j jf j j j fj jf j ff f ff jf jj ff ff</Line>
   <Line>jj jf jj jf j j fj j f jj f jj f jj f ff jf</Line>
   <Line>fj j j jj jj fj ff fj jj f f fj f f j jf jj</Line>
   <Line>fj jj f f ff j ff f ff f ff f f ff fj j f f</Line>
   <Line>jf ff jj jf fj fj jf jj f fj jj fj ff fj ff</Line>
   <Line>jj fj f jj jj ff ff jj ff jj f ff jj jf f j</Line>
   <Line>jj ff f fj j fj j jj j jf j f fj j fj fj ff</Line>
   <Line>j fj jj f jf fj ff jf jf ff jf f jf fj jj f</Line>
   <Line>jf jj jf jf j jj j fj f jf jj jj fj jf j fj</Line>
   <Line>fj jj j jj j ff jj fj j fj f j ff jj f f jf</Line>
   <Line>fj fj fj j jj j j j ff f jj j j jf ff ff jj</Line>
   <Line>jj f jj jf jj ff ff ff j jj fj j ff ff ff j</Line>
   <Line>jf fj f j ff jf jf ff jf j fj jj jj f fj jf</Line>
   <Line>ff jj j j jf f fj jf j ff ff fj ff jj jf jf</Line>
   <Line>jf fj fj j f f f fj jf jf j f jf ff fj j fj</Line>
   <Line>jj jf f ff fj fj j fj jf jj jf j j jj fj ff</Line>
   <Line>jf ff f jf f jj jj j f ff jj f jf ff jj j f</Line>
   <Line>jf ff f f jf j fj jj f f f jf jj jj jf f fj</Line>
   <Line>fj fj fj jf j ff jf jj fj fj fj fj j jj f f</Line>
   <Line>ff j jf j jj jf jf ff jf jj fj f j jj fj ff</Line>
   <Line>j j j fj f jj jj jj fj jf j jf j jf fj f fj</Line>
   <Line>f jf jf j jj j fj fj ff jj jj jj j fj ff fj</Line>
   <Line>ff fj fj fj jf jf jj jj jj f f f jj j fj jj</Line>
  </Level>
  <Level>
   <NewCharacters>kd</NewCharacters>
   <Line>dk d d k k dk dd k kd kk dd dk k dd k kd dk</Line>
   <Line>kk kk dd k kd kk dd dk kk dd kd dd dk dd kd</Line>
   <Line>dk dd kk kk dk dk dd dd k dd dk dk kk kk kk</Line>
   <Line>k dk kd k kk dd dd dk kd dk dk dk dk d dk k</Line>
   <Line>d kk dk kk dk kd kd dk d kk kd dk kd d kd k</Line>
   <Line>kd d kk dk kk dk kd kd dd d d dk dk k kk dk</Line>
   <Line>dd kk kd kd dd dd dd dd kk kd dk k kd dd kd</Line>
   <Line>dd dd k kd kk kk dd k kk dd k kd dk dk dk k</Line>
   <Line>k kd kd dk dd k dk dd d kd k dk dk kk dk kd</Line>
   <Line>dk dk k d kd d dd dk kk dd dd k kd kd kk dk</Line>
   <Line>dd d k dd kd dd kk kd k dd d dd dk kk dd kd</Line>
   <Line>k k k dk k d k dd d dk d kd dk dd d dk d kd</Line>
   <Line>kd kd k k dd dk k d kd kk kk kd dd d dk k d</Line>
   <Line>dk kk k dd dk kd d kk kk kk kk dd k kk k kk</Line>
   <Line>k dk d d d k d dk d dd dd d dd kd k dk k dk</Line>
   <Line>kd kk dd dk dk kk k k dk dk d dd kd k dk kd</Line>
   <Line>k kk dk kd k kk k k kk k kk d dd dd dk k kk</Line>
   <Line>dk dd k k d dk dd dk dk kk dd kk kd kd d dk</Line>
   <Line>d kd k kk kk dk kd d k kd dd d d k kk dk dd</Line>
   <Line>dd dd d kd kk kk d dk kk kk dd d kk dd d kk</Line>
   <Line>k kk d kk k k dd kk d dd d kd kk kd kd dk d</Line>
   <Line>k dk d d kd d dk d dd dk k kk dk k dd kk dk</Line>
   <Line>d dk kd k kd d k kd d dk d kd d kk kk kk dd</Line>
   <Line>dd d d dk k dd d kd dk dk kk dk kd kk dk dd</Line>
   <Line>k kk kd kd d kk kd kk dd d kk kk dk dk dk k</Line>
   <Line>dk dk kk d kk dk d d k kk dd kk k kk k d dd</Line>
   <Line>d kd k k k dk dd k dk kk dd d k dk dk dd kk</Line>
   <Line>kk dk kk kk kk d dk dk kk kk k d dd kd k kd</Line>
   <Line>kd kd dk d k dd dk d kk kk kd kd kd k dk dd</Line>
   <Line>dd kd dd kk kd kd k k k dk k d kk kd kd k d</Line>
  </Level>
  <Level>
   <NewCharacters>ls</NewCharacters>
   <Line>ss l s s l ss s ll sl ll s l ss ll l ss s l</Line>
   <Line>ss sl ll ls ll ss ll ls s ss l ll s ls sl s</Line>
   <Line>ls sl ll ls sl l s s ll ls ss sl s ls sl ls</Line>
   <Line>ls l l ll ss ss sl s s ls ls ss ll ll ls ls</Line>
   <Line>ls l sl ss l ss l ll s ls ls sl ll ss ss sl</Line>
   <Line>l l ss ss l ls s s ll sl l ls ls ls sl ss s</Line>
   <Line>sl s ll ll l ss ls ls ls ss ss l ss ss s ss</Line>
   <Line>ss l ll ss sl l s s sl s ll l ll ls ss s sl</Line>
   <Line>ll ss sl sl ls sl ss ls ss l s ll s s ll ls</Line>
   <Line>l ll ss l ss ls sl l ss ll ss s sl l ll s l</Line>
   <Line>ls ss sl ls ss ss ls ss s s s ls ss sl ls l</Line>
   <Line>sl sl ls sl ll ls sl sl ll sl ss s ll ll ls</Line>
   <Line>ll s s ls sl s s l l ls s ls ll l l l ll sl</Line>
   <Line>sl s s sl ss ss ls ls ll ls l ls ss ss sl s</Line>
   <Line>s s ls ls s sl ss sl ss sl sl ss ll ls sl l</Line>
   <Line>s sl ll ss sl sl l ss s sl l ll sl ss ls ll</Line>
   <Line>l ll s sl l ll ls sl ll ls s ll ss sl s s s</Line>
   <Line>l l ll sl s ll ss ll ll ll s sl l l ll ss l</Line>
   <Line>s ls ss l ss ls ss ss sl ll ss l sl l s l s</Line>
   <Line>l sl ls ll sl s ls s sl l ls sl ss s l ss s</Line>
   <Line>s l l sl l sl l ll ss s ll l sl ll ls sl ls</Line>
   <Line>ss s l l ll ls ll ll ll ls ll l ls ss ls sl</Line>
   <Line>l ss sl l l ls l s l s ss ss ll ls ls sl ll</Line>
   <Line>ls ll sl ll ls ls sl ss l ll s ls l ll l ss</Line>
   <Line>s s l sl s ls ll sl s sl s ll l ll sl ls ls</Line>
   <Line>l l ss ls ll ll sl ls ss sl ls ll sl ls l s</Line>
   <Line>ll ls sl l ll ls sl l ls ll ll l sl ss ls l</Line>
   <Line>ls sl ss ss s ll ls sl ll ss sl ls sl ls ls</Line>
   <Line>s ss l s ll ls ss ll sl sl sl sl s ss ss ls</Line>
   <Line>ls sl l s ll ss sl ls sl sl sl ss l l ls sl</Line>
  </Level>
  <Level>
   <NewCharacters>qm</NewCharacters>
   <Line>qmls qmd mll mm qmls qmd qmd qmd mq m q qll</Line>
   <Line>q q qmd mf qdd mll mll mf qmd ms qm q qm ql</Line>
   <Line>q mq mf qmd qs qll qmls qm q qmls ms qdd qm</Line>
   <Line>mf mm qdd mll qm qdd m qs m mm qm qmd ms qm</Line>
   <Line>ms msk mm qdd qll qdd qmls qm mm qll qm qsk</Line>
   <Line>qll qm mm qqf qll q mll mq mll mf mf qm qmd</Line>
   <Line>qmd qmd ms qmls mm ms ms qmls qmls mq ms qm</Line>
   <Line>qm q qs q mfq mll mf mll qll qll qq qll qdq</Line>
   <Line>mm qmls ms m mm qm mll qs q qdd mq ms mq qm</Line>
   <Line>qs mll q mll qs m mq qsk qmls qsk mq qdd qf</Line>
   <Line>qm m qmd m q ms qq qll qll qm q qq qq q qmd</Line>
   <Line>qm qll qll qmd qsk qmls qdd ms mf mm qq mqm</Line>
   <Line>mll mf mm qs qs mq mm ms mq qq qll m msm qm</Line>
   <Line>quel quand que quoi quid quels qui qui quel</Line>
   <Line>quand quoi pourquoi quel quid quelles quand</Line>
   <Line>quel quarks qui quoi que quel quid quoi que</Line>
   <Line>quoique quota quotient quelle quitter quels</Line>
   <Line>quant quark quelle quand quartier questions</Line>
   <Line>quota question qualités quelle quand quelle</Line>
   <Line>pourquoi quand quelles qui quelque que quoi</Line>
   <Line>quand quarts quartiers qualité moment quart</Line>
   <Line>quais quoi mes moi que quoi qui masque quoi</Line>
   <Line>quand mas quoi quai masse met quel quoi qui</Line>
   <Line>quai masque qui question quelle qualité qui</Line>
   <Line>quelconque mission maman quartier mesquines</Line>
   <Line>mois mer mon ma mes mas mime moment montres</Line>
   <Line>mot mosquée masse moquette maquette mon mes</Line>
   <Line>mise question moque mesquin messe met merde</Line>
   <Line>marques masque massifs marquis maroquinerie</Line>
   <Line>maniaque maman marquants masque musique moi</Line>
  </Level>
  <Level>
   <NewCharacters>ai</NewCharacters>
   <Line>ia il la ai ai ii aa i a a i ia ai al il sa</Line>
   <Line>ai ia ii aa ai ai aa al il la sa si ali sal</Line>
   <Line>aii aai iia iai aia iaa iia aai iai aaa iii</Line>
   <Line>i aa i ami aa ia ail aa aa si sa i ii a ils</Line>
   <Line>ada ami mai fais fila mali kaki sa si saisi</Line>
   <Line>ail lésa lira liai lassai assit laisse sali</Line>
   <Line>si sa sais sali lissa liasse saisie cil ada</Line>
   <Line>dit dadas daim dard daim mal sida lait mali</Line>
   <Line>dada dis mal mali daim raid la il mal drain</Line>
   <Line>ail aide il cil lac mai a il lit lait la ai</Line>
   <Line>dalle dada dirige lit lait la lit papa plia</Line>
   <Line>aide sida danse la il ami mai mal lime aile</Line>
   <Line>saisi sali cil essai salles liasses sa aise</Line>
   <Line>ait sais sida mai lame malle cime visa aide</Line>
   <Line>base site sadique masque insaisissable lait</Line>
   <Line>tata taille mimais mai malle lits liasse la</Line>
   <Line>acquis ailes alim lassais ami lait mali las</Line>
   <Line>malais mille massifs malaises masques maint</Line>
   <Line>main maille mai magie mais mal malaise amis</Line>
   <Line>mais mari misait massais maltais maille mai</Line>
   <Line>taxait tas tassait tard tilt tari tandis ta</Line>
   <Line>taie taillis tamis tirais tissa taris taies</Line>
   <Line>lassai liais lirai lissai limai mais malais</Line>
   <Line>si sais missile laisses lirais quai marquis</Line>
   <Line>magie mimais sali liasse aide tari main mai</Line>
   <Line>lait sida tari mari mai plia mimais malaise</Line>
   <Line>daim ami sali ail plia quai visa parlais ai</Line>
   <Line>saisies insistance instant aide ail lait si</Line>
   <Line>tassai drain mimai liasse lassai raid essai</Line>
   <Line>saisies mali lima malade imite quai liquida</Line>
   <Line>raid lissai misait drain alim lait marquise</Line>
  </Level>
  <Level>
   <NewCharacters>en</NewCharacters>
   <Line>en ne ee nn n e ne ee ne en nn en n en ne n</Line>
   <Line>e e ee nn ne en nn e ee ne en ne e n e ee e</Line>
   <Line>ne ee nn e n ne nn e en ee ne e e n nn e ne</Line>
   <Line>ene ee een n nn nne en eee e nen en nnn nen</Line>
   <Line>e enn nee ee ne n ne e ne ene ne e n en een</Line>
   <Line>une lent net en naine ne nem yen dent tente</Line>
   <Line>ment ne en dent lent aine laine en dent zen</Line>
   <Line>tente plein ment ne enfle entente en yen en</Line>
   <Line>entend lents dents ment jeunes mental entre</Line>
   <Line>en net tente kendo sonne mine nue lune dent</Line>
   <Line>tonne dément nie attend une zen prune lunes</Line>
   <Line>yen fente naine laine mente enfle kendo yen</Line>
   <Line>prune vente plein pente entente descente ne</Line>
   <Line>mène sens danse lance encens enceinte enfle</Line>
   <Line>enfer ennui entend sens lent neige nef yens</Line>
   <Line>nerf net yen nulle norme nue en entente zen</Line>
   <Line>peine lune pension lente dune zone conne ne</Line>
   <Line>laine dents grogne encens kendo fine dîners</Line>
   <Line>mine pente attente prend net ment enfle une</Line>
   <Line>lent entend donne kendo tonne aine sens yen</Line>
   <Line>monde jeune années damner lorgne unie zones</Line>
   <Line>veine dune vanne lune melon danse sens nues</Line>
   <Line>plainte tente scène mine longue nulle prune</Line>
   <Line>teinte ceinte kendo quelconque dent lent en</Line>
   <Line>entente unie internet pente enfle lance yen</Line>
   <Line>net mine donne nulle jeune entente pensions</Line>
   <Line>prune laine dune lune sonne aine lent neige</Line>
   <Line>yen jeune dent tenues sens ment unie encens</Line>
   <Line>zone grogne donne prend tente aine sens une</Line>
   <Line>ennui descente norme nulle laine entre lent</Line>
  </Level>
  <Level>
   <NewCharacters>vu</NewCharacters>
   <Line>uu v u uv uu vu vv u v u u vv uv vu vu u vv</Line>
   <Line>u v v uv vv u vv uu vu u v uv u v vv u v vu</Line>
   <Line>u u v vv uv u v uu uv vu vv v u uv u v uv v</Line>
   <Line>vu v vu uv u v vu uv u v vu vu uv vv uu v u</Line>
   <Line>vv vuv vu vv vuv u vvu uuv uvu vvv v uvu vu</Line>
   <Line>vvv uu v uu v vuv uuu u v vu u vvu uuv vu v</Line>
   <Line>vous venue louve neuve ouvert ventrus vague</Line>
   <Line>valve vue trouve veneur vous louve vue venu</Line>
   <Line>veuves mauves viseur vous vertus vogue veau</Line>
   <Line>vermoulu virtuel louve ventouse verrue visu</Line>
   <Line>vigoureux vive violeur couvre virus vivaces</Line>
   <Line>ouvre venus véreux verrou vieux voulu vogue</Line>
   <Line>vaurien voeu voué valve usuel voleurs velus</Line>
   <Line>vêtu venteux louve venu vague vue vous viva</Line>
   <Line>vulcanologue usure unique ululer tutu virus</Line>
   <Line>voyou neuve vertus vague ouvre venu vain vu</Line>
   <Line>vous valide valeur vil vaisseau usuel veine</Line>
   <Line>viva virtuose vu voleur vulgaire voué mauve</Line>
   <Line>duvet devenu viseur ouvre velu voeu vu vêtu</Line>
   <Line>pauvre ventouse venteux ouverts voulu virus</Line>
   <Line>vulnérables voyeur volute veuves voyou visu</Line>
   <Line>revenu vagues vue oeuvre virtuel vous vogue</Line>
   <Line>verrue trouve valeur ventrus vulgaire voûte</Line>
   <Line>voulu viva voeu vigoureux couvre vil douves</Line>
   <Line>violeurs veneur mauve virtuoses viseur velu</Line>
   <Line>vogue usuel virus virtuel vous louve duvets</Line>
   <Line>vulcanologue vaisseau vaurien ventouse veuf</Line>
   <Line>vivaces vêtu neuve vu venteux vague ventrus</Line>
   <Line>ululer voyou pauvre voulu viva usuel valeur</Line>
   <Line>velu ouvre oeuvre parvenu veneur trouvé vus</Line>
  </Level>
  <Level>
   <NewCharacters>ir</NewCharacters>
   <Line>revivre lire traiter injurier partir rideau</Line>
   <Line>ruine brebis revivifier ruffians rire trier</Line>
   <Line>livre croire briller trains citrons vriller</Line>
   <Line>savoir trouille marquis cirer frise couvrir</Line>
   <Line>mendier tirs suivre virus palefrenier foire</Line>
   <Line>traiter prise gris brise triste cri moindre</Line>
   <Line>joindre virtuelles lier nier prier irriguer</Line>
   <Line>lire torride brique carrière irriter citron</Line>
   <Line>vrille dire trier irradier briller inverser</Line>
   <Line>tirailler brebis savoir isoler livre croire</Line>
   <Line>paraître virer crier marquis vivre résister</Line>
   <Line>tristes giratoire naître rire ruine moindre</Line>
   <Line>irréel frises gris nier suivre empire foire</Line>
   <Line>rite rallier espoir joindre imbiber croiser</Line>
   <Line>venir vierge sentir lire cirer finir virale</Line>
   <Line>obtenir trouille partir servir frire poires</Line>
   <Line>trier vivre marquis citron livre frise pire</Line>
   <Line>torride nier brider pris palefrenier ruiner</Line>
   <Line>vigoureux trahir devoir savoir brebis virus</Line>
   <Line>vivre devoir giratoire plaisir brique crier</Line>
   <Line>irritation carie vaurien relier renier rire</Line>
   <Line>briller moindres griser jouir tenir nourrir</Line>
   <Line>suivre foire tristes croire mendier railler</Line>
   <Line>frise carrière virtuel tir torride irradier</Line>
   <Line>croiser cirer vrilles courrier spolier dire</Line>
   <Line>quartier nier tiers citron brouille vierges</Line>
   <Line>savoir partir brebis rouille joindre irréel</Line>
   <Line>lire irriguer ruine rire trier pris marquis</Line>
   <Line>brique tir palefrenier empire brille bribes</Line>
   <Line>vivre traîtres moindre brider foire traiter</Line>
  </Level>
  <Level>
   <NewCharacters>oc</NewCharacters>
   <Line>officier courses confiner considérer écoles</Line>
   <Line>octet couper conspire once couleur concerne</Line>
   <Line>officier conjurer clore convaincre conclure</Line>
   <Line>occasions action couler coude couche octane</Line>
   <Line>contraindre octobre couper couvent couffins</Line>
   <Line>comprendre constituer froc cousin concevoir</Line>
   <Line>corriger confiner cours coco locaux console</Line>
   <Line>concession convenir toucher octane couloirs</Line>
   <Line>coïncidence occulte obscur confusion cochon</Line>
   <Line>couffin toc occurrence économie coi confier</Line>
   <Line>compagnies croix octets communiste oculaire</Line>
   <Line>corridor occident courses conférer conclure</Line>
   <Line>locataire couvents octave coursier découper</Line>
   <Line>conjurer couple continuer courage convertir</Line>
   <Line>condition constatations couver cocu occuper</Line>
   <Line>octogone couffins concéder océan orchestrer</Line>
   <Line>connu contour cordon coquelicot convoi écho</Line>
   <Line>coco écope confiner conscience coque douche</Line>
   <Line>confier occulte couloir octave cours cobalt</Line>
   <Line>octet éclore commode code octobre combattre</Line>
   <Line>concevoir conclusion douceur cloche touches</Line>
   <Line>social écorces commettre combinaison courir</Line>
   <Line>coucou occuper comprendre coopérer cor coup</Line>
   <Line>coque col connaître obscur conseil octogone</Line>
   <Line>occident concours action continuer colloque</Line>
   <Line>courage occasionnel conjure convenir cloque</Line>
   <Line>couver orchestre conclure communiste couple</Line>
   <Line>confusions oculaires corriger coco confiner</Line>
   <Line>octave conscience couloirs compagnie locaux</Line>
   <Line>courses ocre couler croix octet coïncidence</Line>
  </Level>
  <Level>
   <NewCharacters>pq</NewCharacters>
   <Line>prix plaquer pardon quelque propose preuves</Line>
   <Line>plus procéder provoquer peler pauvres passe</Line>
   <Line>pourpre procession pinte produit quai poire</Line>
   <Line>persuade période qui princesse poison perçu</Line>
   <Line>quand parler professeurs préférer poursuite</Line>
   <Line>précédant parce que providence propositions</Line>
   <Line>barque prisonnier préparer possède principe</Line>
   <Line>quitter processions quart préjudice profond</Line>
   <Line>pape pavé précède applique populaire plaine</Line>
   <Line>qui profond plaque quatre persévère produit</Line>
   <Line>coupe pervers pourpre plus quilles pantalon</Line>
   <Line>poursuivi personnes peuple presse pâle quai</Line>
   <Line>places quitte pardon claque pin procure pop</Line>
   <Line>plaît pull plein préface paye profère quand</Line>
   <Line>profane quid pâte pense prie quelque papier</Line>
   <Line>pourquoi queue pire pinson prouve populaire</Line>
   <Line>persuades poison pipe pause croupe question</Line>
   <Line>traque propulsion pièces place prude quelle</Line>
   <Line>protester quark professionnel préfère coque</Line>
   <Line>qualité passe pousse populace quinte quatre</Line>
   <Line>pin poème quinze papillon quelconque poison</Line>
   <Line>pratique psychotique principe problématique</Line>
   <Line>quitte poulpe publicité plan poids préparer</Line>
   <Line>pépin quoi propice quota quoique pile pense</Line>
   <Line>trafiques pôles plaine quinze place attaque</Line>
   <Line>pop tronque planque glauque publique plaque</Line>
   <Line>papa prise pénal peler propre quart puisque</Line>
   <Line>parque quelque peuple piquer pluie pupilles</Line>
   <Line>pape quota troque réplique trappe psychique</Line>
   <Line>remarques problématique techniques quantité</Line>
  </Level>
  <Level>
   <NewCharacters>wm</NewCharacters>
   <Line>mai mamie moi mince masse mine walkman dame</Line>
   <Line>mime wagon modèle missile watt moine mortes</Line>
   <Line>mari melon marche western milice ment mille</Line>
   <Line>moulin mièvre moutarde méchant whisky motte</Line>
   <Line>wallon multiple mousse comme femme homme me</Line>
   <Line>militaire milieu mode marque médical morale</Line>
   <Line>menu manches manteau trame pomme mémé palme</Line>
   <Line>mystique temps témoin mutant mare misérable</Line>
   <Line>mélodie wagon musique mesures mineur majeur</Line>
   <Line>moteur matrice ma marbre mignon miette maux</Line>
   <Line>moderne maître mazout monter molaire napalm</Line>
   <Line>mois monopole monstre mer moment wallon mai</Line>
   <Line>lampe moisi meurtre western lendemain momie</Line>
   <Line>uniquement maintenue commerciaux simplement</Line>
   <Line>permettent remerciement commence facilement</Line>
   <Line>documents sympathique demandez probablement</Line>
   <Line>comment programmeur programme soigneusement</Line>
   <Line>nombre commercial permet commune watt moyen</Line>
   <Line>graduellement wagon western ami temps monde</Line>
   <Line>noms mot camion mes actuellement empaqueter</Line>
   <Line>documents mais palme fondamental exactement</Line>
   <Line>sommets gratuitement micro milliard minimal</Line>
   <Line>maintenue lime segmentation dynamiques lame</Line>
   <Line>finalement mécanismes chargements employant</Line>
   <Line>watt moutarde mesquin mollusque mat murmure</Line>
   <Line>maintenir mis moins milliards aiment magies</Line>
   <Line>myrte modère wagons miroirs midi comprendre</Line>
   <Line>palme machine sommes principalement maximal</Line>
   <Line>moyen whisky amener meilleur wallon message</Line>
   <Line>système forme limite walkman moment segment</Line>
  </Level>
  <Level>
   <NewCharacters>bp</NewCharacters>
   <Line>septembre combinaisons disponible ressemble</Line>
   <Line>possible impensable problèmes indispensable</Line>
   <Line>objectifs publier base abandonner bulletins</Line>
   <Line>publiquement publicité publiques robustesse</Line>
   <Line>applicable pop portable incompatible boucle</Line>
   <Line>double responsables papa probables beaucoup</Line>
   <Line>acceptables objets publication biprocesseur</Line>
   <Line>pin capable exécutables disponible portable</Line>
   <Line>responsables compatible susceptible baliser</Line>
   <Line>indisponible bout coupable besoin librement</Line>
   <Line>publics probable contribuer basique notable</Line>
   <Line>membre semblent base table brille buts pôle</Line>
   <Line>bureau joignable inutilisables bleu tableau</Line>
   <Line>incontournables place abonner bande robuste</Line>
   <Line>bonne librairies instable double bienvenues</Line>
   <Line>propulser plante tube rassembler absolument</Line>
   <Line>combat substitutions bienheureux attribuant</Line>
   <Line>barbare symbolique propose produit prononce</Line>
   <Line>bien procurer précéder principe presse bois</Line>
   <Line>réparable prenable bribes punissable barbes</Line>
   <Line>baron particulier brute partageable plaisir</Line>
   <Line>portables bleu performance publiable parfum</Line>
   <Line>intangibles capables brique binaire brasier</Line>
   <Line>globalement aimable librairies distribution</Line>
   <Line>bouchable instalable publication abandonner</Line>
   <Line>hebdomadaire obligatoires visible plaquable</Line>
   <Line>bible basilique but ressemble objectivement</Line>
   <Line>répréhensibles brume barre boire acceptable</Line>
   <Line>passable repérable braise pliable parfaites</Line>
   <Line>souhaitable pourpre personne banquet papier</Line>
  </Level>
  <Level>
   <NewCharacters>ty</NewCharacters>
   <Line>installez style tu description type analyse</Line>
   <Line>concert soyons formatage compte hyène autre</Line>
   <Line>haute dynamique tarte temporaire symbolique</Line>
   <Line>continue moyen partition hypertexte système</Line>
   <Line>prototypes nettoyage interne cycle ennuyeux</Line>
   <Line>gyroscope temps lynx cryptographie royaumes</Line>
   <Line>rudoyer jury spatial cette kystes volleyeur</Line>
   <Line>routines psychologie voyou anonyme traduite</Line>
   <Line>documentation fondateur essayons hydroptère</Line>
   <Line>toute yoga kyrielle tel yaourt tante tester</Line>
   <Line>votre dystrophie payer utiliser ayez rythme</Line>
   <Line>comportement hypnose mythe alternatifs chat</Line>
   <Line>attente incluent xylophone joint sélectives</Line>
   <Line>sympathiques tristesse voyez trois tournant</Line>
   <Line>ayant stylo participants tous activité type</Line>
   <Line>yacht hypnose noyaux distribuent exactement</Line>
   <Line>mettre paralysant portent tarte conflictuel</Line>
   <Line>toit pays envoyer syntaxe centaine descente</Line>
   <Line>traiter royal délayer toilettes typographie</Line>
   <Line>tonne tour voyons hydraulique physique tant</Line>
   <Line>hyperbole balayer synchronisation duettiste</Line>
   <Line>raclette doyen tourment contribuer terrible</Line>
   <Line>travail violette douillette typique attaque</Line>
   <Line>tente ayons thym puissant tinter territoire</Line>
   <Line>copyright toiles hypocrisie touchant whisky</Line>
   <Line>renvoyer typique transmission ténor vedette</Line>
   <Line>citoyens dynamo total thyroïde soyez voyage</Line>
   <Line>torture dynastie pratiquement textile matin</Line>
   <Line>fuyant belette essaye faite incroyable tête</Line>
   <Line>constitue dévoyer futurs noyer yeux gymnase</Line>
  </Level>
  <Level>
   <NewCharacters>zx</NewCharacters>
   <Line>extraire peureux exact zèle expliquer mixer</Line>
   <Line>mixte fixer originaux exploiter exclus yeux</Line>
   <Line>zigouiller hexagones noyaux canaux ceux six</Line>
   <Line>exécutable exprimer digitaux fabuleux mieux</Line>
   <Line>montez lisez zodiaque demandez sentez excès</Line>
   <Line>soixante recopiez savez xénophobe commencez</Line>
   <Line>verrez maximum zaïrois poux saisissez jetez</Line>
   <Line>ajoutez exemple suivez soumettez renseignez</Line>
   <Line>linux proximité excuses nouveaux exposition</Line>
   <Line>zébu sauvez devriez complexe extraordinaire</Line>
   <Line>consultez relancez connexion zone existante</Line>
   <Line>explosif obtenez disposez xylophone examens</Line>
   <Line>pensez zinc expose vouliez destinez normaux</Line>
   <Line>explicitement aviez choisissez zeste foncez</Line>
   <Line>choix recevrez expansion commerciaux zouave</Line>
   <Line>donnez rendez principaux ennuyeux remarquez</Line>
   <Line>zambien excellente bureaux peux expressions</Line>
   <Line>laissez dizaine explicatif suffixe extrêmes</Line>
   <Line>externe latex expérimenter projetez heureux</Line>
   <Line>seriez trouverez vieux index mexicains lynx</Line>
   <Line>aimez exporter travaillez taux exige zigzag</Line>
   <Line>maintenez payez zizanie fournissez poseriez</Line>
   <Line>veuillez indiquez zoo gardez voix soyez dix</Line>
   <Line>apprendrez comptez envoyez rapportez copiez</Line>
   <Line>auxquels unix connaissez prévoyez extérieur</Line>
   <Line>voulez aidez généreux essayez naviguez axés</Line>
   <Line>trouvez excités utilisez proposez rejoignez</Line>
   <Line>réseaux expédiez respectez assurez spéciaux</Line>
   <Line>prenez pressez zooms idéaux spécifiez zèbre</Line>
  </Level>
 </Levels>
</KTouchLecture>
