<RasytiLecture>
 <Title>Français</Title>
 <Comment>created by Manfred Schulenburg</Comment>
 <Levels>
 <Level>
 <!-- 1 -->
 <NewCharacters>dk</NewCharacters>
 <Line>kk ddd dk dkdd dkk kddk kk dkdd dkk kk ddd kdd kdd kdk dkd ddd</Line>
 <Line>k kddk ddd kddk dkd kddk k d kdd dkk d kdd dk ddd kddk k k kdk</Line>
 <Line>kddk dkk ddd kk dk kddk kddk k kdd kdd dk kdk d dd k d kdd dd ddd</Line>
 <Line>k ddd k kddk d d ddd k d ddd dd kk kdk kdd k k kk ddd dd kdk k</Line>
 <Line>kk k kddk kdd kdd k d kdk k dd dd dkk dd dkd k dk ddd kdd d ddd</Line>
 <Line>dkd kddk k k kdk dd kdk k d kdk kdd k dk d dk d kdd kddk dd dkk k</Line>
 <Line>dkd dkk d k d k dkd k ddd d kdk k kddk d dkk dd d k dk d kk dd kdd</Line>
 <Line>kdk dkd dkd d kdk kddk dd kk kdd k dkk dkk k kdk dd dd k dkd d kdd</Line>
 <Line>ddd dkk dd kdd dkd k kdd kddk dd dd dk dkk kk k dk dd kk kddk d</Line>
 <Line>dkk kdk k k dkd kddk k dd d kdd d kdd dk k k d kk dd d kdk dkd dd</Line>
 <Line>dd dk d k d kk d kddk dkk k kdd dkk d dk kdk d kddk kdd d dd dk</Line>
 <Line>kdd dkd dkd kddk k k ddd dd kdd kddk d kddk dk kddk dk k kdd d d</Line>
 <Line>ddd dd dk d kk kdk dd ddd kk dk d dkd k kk kk d dk ddd dkk dkk k</Line>
 <Line>dk d dkd kdd dkd kddk kdd kddk kddk dd ddd kk dkd d dd k dd dkd</Line>
 <Line>dkk k k d d d k k dd ddd k kdd d kddk kdd k kddk kdk kk k dk kddk</Line>
 <Line>kdd kdd d k dk k kddk kk dk kk dkk dk d kdk k kddk kdd d dkk dd</Line>
 <Line>k dk k kddk dk ddd k kddk kddk d d k dkd k ddd d k kddk k d dd</Line>
 <Line>dd kdd kddk k k dkk dd dkk k d dkk k kk kddk dk kdd kdd dk d dkk</Line>
 <Line>kdk dd dd dd dkd dk d dkd d kddk dkk kk kdd k d k d k k dd k kdd</Line>
 <Line>dk ddd kddk d k k dd dd ddd kk d kdk k kdd dkd dkd kdk dd ddd d</Line>
 <Line>kdd dd dkd ddd dd dd k d d dkk ddd ddd k dd dkk k k k k kdk kddk</Line>
 <Line>dkk d ddd kddk kk kddk d d kdk kdd dd d kddk k ddd dkd dd kddk kdk</Line>
 <Line>kdd ddd d d ddd dk k k d kdd kddk dkd kdd k kk d d dd dk dd dkd</Line>
 <Line>dkk kdd dk dd dk dk dd dd k kddk dk d k kddk kk ddd dk kdk dd kddk</Line>
 <Line>k dkk k d kk kdd d kdd dd kdd dd dk d kddk d dkd kk dk dk kdd</Line>
 <Line>kk d kk k dd kk dkd dd d dkd dd k dd dd dk dk dd ddd dkd d dkd</Line>
 <Line>ddd dkd dk ddd d d dk dkd kdd k dkd kdd kk dkk kdd k d ddd dk k</Line>
 <Line>dkk kdk dk k dd d k d k dkk kk dk dkd ddd dk kk kk dkk k kdd dkd</Line>
 <Line>d dkd dd ddd dk k kddk d kk ddd dkd dkk dkk k kddk kdd kddk k</Line>
 <Line>dkd dd k kk dkk kddk dkk k ddd dkd dd d dkd kk kdd kk d k dd kddk</Line>
 </Level>
 
 <Level>
 <!-- 2 -->
 <NewCharacters>jl</NewCharacters>
 <Line>jjl ljklj l lljl jk jl k ld kljk lj klk k jklkl ldlkkl klk lkl ld jk k</Line>
 <Line>lklj ljl kldlkk klk llj l ldlkkl lj klk ljklj klk k ldlkkl ljl llj lkl llj</Line>
 <Line>lkl klk k ldlkkl k jk klkjj jl k jklkl klk klk jl k l lkl jl k ld l lljd</Line>
 <Line>l klk k k llj llj ld klk klk lj jl ld jjl l lkl ldlkl klk ljklj l klk</Line>
 <Line>ljl k klk l ld klk llj llj klk lkl ldlkl l k jk jklkl jl jjlkl l klk</Line>
 <Line>lkl klk ljl jl lkjl ldlkjl jlkjk ld ljl lj lkjl jlk llj ldlkjl jlk jlk ljjlj</Line>
 <Line>jlk jlk l jjl k k ldlkjl l l lkl ld l jjl jlk lj jlk k jk dlkdl lj lj</Line>
 <Line>ljl k jjl ljl jlk k jljk k dl ljlj klk jl ljl jlk ljlj lj k ljldl jl ljl</Line>
 <Line>klk lkl dl k lj jlk jjl jljk lj l jljk jlk k ljlj lj dl lkl l k dl klk</Line>
 <Line>jljk jlk ldlkjl dl ldlkjl dl l lj jl k jjl k lkjl ljl lkjl k lkl l jl l</Line>
 <Line>jljk ldlkjl ljldl k l ljjlj ljl klk jlkjk l ljlj jk jlk jl jjlkl jl klk ljldl</Line>
 <Line>dl lkjl ljldl jk jk jl lj lkjl k jl jjlkl ljjlj jlkjk k lkjl ljjlj ljlj</Line>
 <Line>lj jl jl dl dl jl dl l lkl ljldl lj jldlkk ljldl dl jlk jjl jlk k k</Line>
 <Line>l ljlj ljjlj k jlk jlk lkl ldlkjl ljldl ljldl k jlkjk lkjl jk lkl ljjlj jjlkl</Line>
 <Line>jl dl jk lj lkjl lkl dl k l k ljjlj ljjlj dl ljldl ljl ljldl klk ljldl</Line>
 <Line>lj jk ljldl jlk lj l ljjlj l jlk l llj jlkjj jlk jlk jl jldlkj ljl jlk ljjlj</Line>
 <Line>jl jjlkl ldlkjl jlkjj ldlkjl klk dl ljlj k jlk ljlj jlk jk lj jl k k klk</Line>
 <Line>k ljlj dl k jjlkl l jlk jk l jlk k ljldl jlk ljl jjl jlk lkl dl ljldl</Line>
 <Line>jlk jlk klk ljjlj ljlj lj jlk dl ljldl dl lkl jlkjj k lkjl ldlkjl k jjlkl</Line>
 <Line>l ljlj k jlk ljjlj llj jlk ljl dl l llj k lj l ljjlj jlk lj lkl ljl</Line>
 <Line>klk jlk jlk llj lk ljlj k lkl ldlkl lldl k lk lk jlkl jk lldl lj llj</Line>
 <Line>lk lkl lk lldad jl llj l ldlkl jl jjl lj ljk lj lk lk llj lldad ljlj</Line>
 <Line>ldlkl lj jl jlkl lldad l ljl lkl ljlj lk llj lk ljlj jk lk llj l lkl</Line>
 <Line>l l jl l jlkl dad jl k lldad lj lkl lk lk k lkl ljl lk jjl jjl</Line>
 <Line>k dad dad jl lk lk lk jlkl lj l lk lk l lkjj lkjl jjl lkl ljlj lkjlk</Line>
 <Line>ljl k lk k jl dad lkl ljl k klk l ljl k jjl k jl llj llj lkl jjl</Line>
 <Line>lk lj l jl ljlj jk lk ljk l k jl lkl l lkl ldlkk jlkl jjl jjl</Line>
 <Line>lk jl lk jk llj l lkljk k jjl jk ljk dad l jl ljlj jl llj jk ldlkl</Line>
 <Line>ldlkk lk lk lldad lk llj jl dad jk llj ljk lj jlkl lk lj jl lj jl k</Line>
 <Line>lldad l lkl ada lk lk jk llada lk lkl ljk jk k jk ljl ljlj lk ada jl</Line>
 </Level>
 
 <Level>
 <!-- 3 -->
 <NewCharacters>sf</NewCharacters>
<Line>sf dk jl ls lf fd fkj sfl sfj lfs sf dk jl ls lk lf fd fkj sfl sfj lfs</Line>
<Line>dks fls lfs fdls klsf fdl sfj ljsf dks fls df lfs fdls klsf fdl sfj ljsf</Line>
<Line>ldf fsd sfd lkds dslk jsf fsd dlsd ldf fsd sfd lkds dslk jssf ffsds dflsd</Line>
 </Level>
 
 <Level>
 <!-- 4 -->
 <NewCharacters>qu</NewCharacters>
 <Line>quf duq fsq jfqu qud jqf qls lqsf lsqf fjsq quf flqs qus fqsf duq jqs</Line>
 <Line>fjsq quf flqs qus fqsf duq jqs suqf quf duq fsq jfqu qud jqf qls lqsf lsqf</Line>

 </Level>
 
<Level>
 <!-- 5 -->
 <NewCharacters>ie</NewCharacters>
<Line>queue seul file juif feuille fusils issue filleule usuel duel feuil lisse seuil disqueuse</Line>
<Line>elles fissile suie fesses fluide fiel jules silique liquide selles liseuse quelque quel lieue</Line>
<Line>fusil jeudi fesse diffus disque liesse selle quilles fils quelques lieu deuil fille lequel</Line>
<Line>filleul suif lesquels elle esquisse diesel dessus seule quelle self fief fuel quille lesquelles</Line>
<Line>jusque quille liquide lequel selle filleule file selles lieue fils fusil jeudi lisse elle suif</Line>
<Line>fusils duel fesse elles esquisse dessus liesse quilles jusque issue fiel liseuse disqueuse</Line>
<Line>quelque lesquels diesel fesses feuil fuel self seul filleul fissile diffus seuil feuille seule disque</Line>
<Line>suie juif usuel jules lesquelles lieu queue quel quelle fille fief silique fluide quelques deuil</Line>

</Level>
 
 <Level>
 <!-- 6 -->
 <NewCharacters>a</NewCharacters>
<Line>fada assise aisseau sasse aile dalle laisse saisie fuseau fusillade faille saule</Line>
<Line>salade sale fausse filasse sali laie faufil adieu aide laquelle saisies salsifis</Line>
<Line>dissuasif flaque dada squale lilas flasque laid alias saisi jadis filiale falaise aise essai</Line>
<Line>liasse salle aies asile fade quai quasi laque seau assises sauf saillie filial salaud sadique</Line>
<Line>allusif assis aisselle aussi sisal skua assidu fausse sasse lilas laie salaud aisseau asile</Line>
<Line>salsifis flasque sauf adieu laisse faufil dada quai assis aise saule assidu skua assise</Line>
<Line>fada filial saisies saisi filasse aussi essai laquelle falaise fuseau sali allusif sisal flaque</Line>
<Line>seau salle laid liasse quasi saillie saisie aile filiale salade dalle jadis fusillade alias aies</Line>
<Line>laque faille sadique fade dissuasif aide sale squale aisselle assises</Line>
 </Level>
 
 <Level>
 <!-- 7 -->
 <NewCharacters>no</NewCharacters>
<Line>unique soies dessin lasso soude eunuque fanfan foufoune unisson daine</Line>
<Line>lanoline filou onde douille landau union joufflu fouine faine allusion liane oasis</Line>
<Line>feuillaison nasale solennel idole faisan soudanais juin judo noise fission ondule joie</Line>
<Line>oisif salon soleil jaunisse fanion salaisons dessein faon lune final audio sandale fusion</Line>
<Line>sana infini oisillon nulle faune fonds solide anse anus andouille jeune jean dissolu</Line>
<Line>sosie anodin aquilin lion jolie foin finale dissension fond soliloque fanon foule oseille</Line>
<Line>dodu fiole assassin laine quenouille idoine liaison loufoque joual soudain nasse nonne</Line>
<Line>sillon sensuel saison annuel fouille salin selon dessous anode sinus nain fendu fouillis</Line>
<Line>joujou flans sonde fosse fenouil fois dense offensif soie ananas aulne saisine iode offense</Line>
<Line>flou nodal kiosque diode dedans dans sofa sinon dissuasion faisane quoique kilo fini</Line>
<Line>jaune danse finaud aloi nous ennui indu oiseau aune enfin nouille soue indien inoffensif</Line>
<Line>silo diffusion douane jalousie session lien sain joue quand foie fanal insu lundi solde</Line>
<Line>enjeu joli dindon finnois danseuse naseau joliesse julienne seins nuque nolis land</Line>
<Line>illusion ondine folle infusion endos anal nasal sans usine sous saoul quinquina sono</Line>
<Line>fenil donne soif jalon soin anis flan finaude folie quoi loin souffle suffusion fossile</Line>
<Line>filon dune aine ainsi lande niais soja finlandais douanes quelquefois alun neuf</Line>
<Line>kilos dose nodule fondis fusain sens anneau sein finesse danois soldes soins jeunesse</Line>


 </Level>


 <Level>
 <!-- 8 -->
 <NewCharacters>rm</NewCharacters>
<Line>souffleur anomalie demi ronfler saumon donneur idiome ferraille nommer narine</Line>
<Line>immense ramier alarme formuler limonade familier serf radar liquider rimer odeur</Line>
<Line>mener marinier mainmise animer almandin renifle infirmer arsenal moulin soir</Line>
<Line>radium messe fouiller frousse monnaie ronde roussi noria mariner soumission souffrir</Line>
<Line>marri radiaire floraison minimum rondelle museau illusoire simuler affilier mannequin</Line>
<Line>douleur ruse fourneau rouerie sudorifique enfourner fausser ululer serrurerie</Line>
<Line>fronder mise rendre lame moisir jardin flamand affluer alors lendemain limon oreille</Line>
<Line>fourmi sursis relief remise faim assureur idem frire nomadisme rein dessaisir druide</Line>
<Line>diluer moindre raisonneur doser rififi dorsal renauder amasser rude amender ramoner</Line>
<Line>amerrir rien usurier alarmer lardon fluidifier laurier sommier simien amidonner froid</Line>
<Line>joaillier semaine ensiler ramifier faner monsieur sonnerie filandre seoir mildiou meneur</Line>
<Line>remords maladresse refondre frase missile rasoir filer radier sellerie unir insinuer rossolis</Line>
<Line>relique jaunir semeuse effondrer mandoline soulier rider ourdir radiodiffusion mailles frai</Line>
<Line>ruines essaim quorum froide diminuer infirmerie affriander marsouin rimmel freiner</Line>
<Line>malsain radian durer affirmer rallier fraisier fanfaronnade linier rallumer refuser</Line>
<Line>samedi masquer mouiller majeur roder fumure demandeur flanquer offre refouler</Line>
<Line>jumelle faussaire solidifier raidi immoler mesurer malaise merde serin flair amer menuise</Line>
<Line>romain raffermir raseur sarrasin armoiries soudard ailleurs malmener infuser muse</Line>
<Line>ardeur demander uriner ramender ajourner missionnaire sourde semailles rond meilleur</Line>
<Line>saumoneau maniaque inodore moisissure ride surin sommellerie demoiselle adosser reine surf</Line>
<Line>farder nominal rajeunir jumeau mirer enduire minerai maman raisin immoral rire frisson islam</Line>
<Line>forure folklorique offrir andouiller femme frondeur mine mousson leurrer lierre semelle enfumer</Line>
<Line>remodeler raidir laideur informel affiner rissole saladier dresser simiesque aluminium fondre</Line>
 </Level>
 
 <Level>
 <!-- 9 -->
 <NewCharacters>vt</NewCharacters>
<Line>suivant rotateur administrer ensevelir maltraiter notoire terre retravailler flottille</Line>
<Line>veston mentir toute minaret tanin olivier trier voire froissement favorite divination</Line>
<Line>auteur transversal endossement veinure terroriser intensif junte rassurant outarde</Line>
<Line>national domestique quadrature flamant tortue visa renvoi manquant tondeuse</Line>
<Line>atteindre instrument lutteur sensitif morte volaille fondation vieil trotteuse idiot</Line>
<Line>missive ventre sustentation violier vendredi reliquat rouflaquette ressentir</Line>
<Line>ratatiner transe alternative nationalisme diffamation untel salissant mutilation</Line>
<Line>additionnel forfaitaire sensationnel retourner institution renflement mandant</Line>
<Line>lusitanien oratoire ultrasonique volume dorloter ivraie distant quaternaire strier</Line>
<Line>tendresse alternativement fonte avatar douve vieille trottiner industriel satellite</Line>
<Line>revendeur suant arts tournevis fruits revivre surtitre retorse ailette fertiliser massette</Line>
<Line>naval visuel dominante destiner salement devise individualiser narration estrade</Line>
<Line>votation rutiler routinier toiletter navet tousser fatidique feuillette isolante insolent</Line>
<Line>ronflant tonte arriviste vison instant souvenir international suivante nationale toquante</Line>
<Line>astronomie niveler affronter lamination tourner rendement introduit suivi estime</Line>
<Line>influent visiteur dotale livraisons inondation distiller matin utile ondulation juter</Line>
<Line>affront invasion tenu trimer survie tisseur nouveau littoral viseur date lustre motiver</Line>
<Line>lent marionnette surmonter ravisseur normalisation totalement louve matrone rivet</Line>
<Line>satiriste voile feint enivrement froment totale toile divin tunnel soldat satanique</Line>
<Line>foutraque stimulus isolants martial listeau neveu tendre teint miroiter nouvel</Line>
<Line>liston toutefois stalle mention dilution lavande tarte intuitif transistor attirer matraque</Line>
<Line>titre ralentisseur verseuse format venue vessie tristesse revolver jante ordonnateur</Line>
<Line>tasse tette nationaliste soliveau statutaire liquette artisanat latifundiaire veiller salive</Line>
<Line>informatif ajournement veste droite tordre jovial restaurateur visiteurs sortant</Line>
<Line>minimisation fomenter modularisation adorateur moderniste intervenir attarder dessert</Line>
<Line>maillot voisine venelle aveline atone tore immature fouet vernis ouater intestinal tuerie</Line>

 </Level>
 
 <Level>
 <!-- 10 -->
 <NewCharacters>h</NewCharacters>
<Line>hennissement arrhes rehausser huer heurtoir hortensia harmoniser horreurs havre</Line>
<Line>humoriste houe honorifique euthanasie envahisseur harnais heur hernie ethnique aneth</Line>
<Line>haras hall hanter envahissement humeur harmonique honoraire humaniste souhait</Line>
<Line>horaire hasarder huitaine surhomme monolithique hauteur houer heurter huile homard</Line>
<Line>isthme huiler thermales herser horreur arthrose authentique hamster halieutique</Line>
<Line>humer hirsute homme haute hurler hulotte holistique luth haillon humain maharadjah</Line>
<Line>huissier hautain heures hilarant envahir authentifier hautement hein rhumatisme huit</Line>
<Line>flash humanitaire heureusement humiliation hermine humidifier hindouiste harde</Line>
<Line>haleine hasard marihuana home hululer haridelle dehors trahir enhardir short halte</Line>
<Line>hussard hier inhumation luthier rhum mammouth hisser hanneton hideur enthousiasme</Line>
<Line>haler hunnique marathon humaniser hirondelle houlette hardi housse annihiler vermouth</Line>
<Line>hiverner thermes asthme enthousiaste harle malheureusement foehn hase inhumer</Line>
<Line>honoraires souhaiter histoire thermostat houille hausser lithiase hollandais honneur</Line>
<Line>asthmatique hoqueter shooter hilare hiver hennir orthodontiste inhumain houle</Line>
<Line>herse trahison menthe orthodontie souhaits hurleur haine humour honneurs heurt</Line>
<Line>hostie historique enthousiasmer honte antithermique hune rush hardiesse haie herniaire</Line>
<Line>rhume silhouette surhumain haut harmonie thermique humus flasher hormone</Line>
<Line>malheur honorer lithique hosto hausse humilier thon ahurir huilerie humoristique hameau</Line>
<Line>hutte harmonisation hure hoquet haste hotte hallier hantise inhaler historien hostile</Line>
<Line>heure hurlement dahlia humide ahaner hivernal heureuse horde histoires haleter</Line>
 </Level>
 
<Level>
 <!-- 11 -->
 <NewCharacters>g</NewCharacters>
<Line>augmente fragmenter garer grommeler milligramme enseigner moujingue</Line>
<Line>agio gentil vitrage droguiste remodelage hangar regretter grave ogive figure</Line>
<Line>fragmentation horodatage glissade soulagement engendrer argumenter avantage</Line>
<Line>interligne suffrage terminologique figurer gousse drogues rigolade meeting</Line>
<Line>guide guenille skating glande dragon interrogation guerrier fourrage tournage</Line>
<Line>longueur trigone galimatias surgeler vierge emmagasinage soigneur rediriger</Line>
<Line>engouement fringuer dague suggestionner goujonner agriffer naufrager alunissage</Line>
<Line>stage outillage magnifier gilet margelle goguette vignot tonnage verglas ligaturer</Line>
<Line>guetteur mangeur meugler grognon enseignante mustang gestion agneau gratitude</Line>
<Line>godailler frigorifique rigolarde rang ratage rouissage gouvernail seigle feuillage glauque</Line>
<Line>stagiaire grillage anguille irrigation origine ivrogne motoneige rogner figurant ligament</Line>
<Line>gusse fugueur agronome griset goulet girolle sagaie affinage gant graver organique</Line>
<Line>sanglier divaguer entomologie frigo sanglot rouge gaufrier gouffre jongler greffon</Line>
<Line>guilleret soigneusement gourmandise gramme griotte seigneur triage gratis grener</Line>
<Line>gratiner grammaire targe draguer organisme quignon lorgnon drague migrants gringo</Line>
<Line>fagot mugissement frigide givrage graves frugal hallig filage seigneurial griller mage</Line>
<Line>allumage frigidaire engueuler glaive triangulaire argenter igloo luge soigner originaire</Line>
<Line>quadrangulaire grassouillet farrago atterrissage fringant emmagasiner engrenage</Line>
<Line>tergiversation milligrammes largement surgir gueuler smoking gageure gisant flagrant</Line>
<Line>indigeste dragage magasinier argenture arrivage gloutonnerie gaga horloger aigreur</Line>
<Line>sage gaillard teigne seringue grenaille rodage grange garrigue analogie girouette</Line>
<Line>mangeoire enfantillage ajutage grillade greffage figuration signifiant ingratitude</Line>
<Line>regagner golf ranger terminologue training envergure gager rigueur remorquage</Line>
<Line>grasse gigots gardien intransigeant guillemet grille virage gluten gradin gargarisme glander</Line>
<Line>agresseur mensonge muguet soulager glissement galon gerfaut vendange saugrenu vagir</Line>
<Line>onguent ivrognerie grouiller garniture endommager angoisse stalagmite aiguiser leasing</Line>
<Line>servage gigantesque gouverner montagnard grade oronge rageur frottage forgeron flageller gnome</Line>
 </Level>
 
 <Level>
 <!-- 12 -->
 <NewCharacters>y</NewCharacters>
<Line>hydraulique kyste larmoyant amygdalite styles yole stylo nettoyeur syntonie gymnastique</Line>
<Line>mythique rythmique moyennant laryngite effrayer joyau essuyer trolley syndrome fuyant</Line>
<Line>rayer mythe hydroglisseur hydrauliques rayon nylon gymnase thermodynamique myrtille</Line>
<Line>royaliste hyaline homonyme idyllique amygdale essayeur dandy fourvoyer tyrannie doyen</Line>
<Line>mystifier sylvain anhydride geyser analyse rayonnement noyer tournoyer synonymique</Line>
<Line>androgyne tyran anonyme festoyer fayotter foyer tyranniser voyage rayonnage yeti</Line>
<Line>verdoyer frayer styliste enrayer myrte yeuse dynamisation myrrhe guerroyer royaume</Line>
<Line>voyou thym myosotis effrayant voyant hymne rayonnant envoyeur tuyau lyrique moyen</Line>
<Line>antonyme mythologique attrayant syrien tyrannique rayonne relayer voyeur rythme</Line>
<Line>rythmeur rudoyer voyante martyriser tuyauteries yoga synonyme synagogue martyr</Line>
<Line>atermoyer stylet styliser fuyard dynamiter lyre syntonisation envoyer royal anonymat</Line>
<Line>noyade analyste frayeur sylvestre tutoyer yaourt satyre mythologie myriade dynamo</Line>
<Line>tuyautage dynastie loyale larmoyer trayeur vouvoyer grossoyer foudroyer louvoyer</Line>
<Line>noyau moyenne stylistique synode jury voyelle rougeoyer moyens mayonnaise</Line>
<Line>hydrologie noyauter voyageur nettoyer syntoniser fossoyeur soudoyer tuyauterie</Line>
<Line>essayer hydravion trayon yogourt monnayeur analyseur ninhydrine rayure</Line>
<Line>dynamisme hydratation gouleyant analyser voyager dysenterie rayonner mystique</Line>
<Line>aiguayer style jointoyer loyer ondoyer renvoyer kayak hayon idylle moyeu adynamie</Line>
<Line>nettoyage loyal ennuyer amygdales monnayer malvoyant hydromel hydrofuge analytique</Line>
 </Level>
 
 <Level>
 <!-- 13 -->
 <NewCharacters>bc</NewCharacters>
<Line>lombaire inhabile clitoris centenaire domicilier descente monocyte inconstant</Line>
<Line>vulcain bourse scorbut collecter sacrifier caoutchouc taciturne encornet cargue</Line>
<Line>clouter boule innommable insociable ensemble conte branche fiable dessiccateur</Line>
<Line>abstinence obsidienne carafe cuisse battoir calculable croissance contrebandier</Line>
<Line>briquet congeler contumace congruence narcose acajou chenil cuniculiculture</Line>
<Line>translucide couronnement chamois varicelle farcin couseuse balancer abats concorder</Line>
<Line>chancre restrictions alliance cuite conformation chevaucher cintrer connaisseur castagnettes</Line>
<Line>inactif nectar reconversion labour chauve embrouiller baigner cilice sanicle bulot</Line>
<Line>marcheur convergence asbeste marbrer malachite cliquer bottine colonel abstention</Line>
<Line>tombeur entrechat barman bible cinquante balluchon fracas billot barbouillage</Line>
<Line>concurremment chausser abstraire cambriolage carnier borne claqueter baliser</Line>
<Line>socialisme chevroter sobre attachement factionnaire briseur chrome barbotement</Line>
<Line>sabot articulaire bague tocard obusier garces morceler culte chicot barque biologie</Line>
<Line>convenant interminable citrouille charcuterie infraction ruche schiste bouquineur</Line>
<Line>concessionnaire mica efficace coquin bailliage burgaudine saucer cervelet immobiliste</Line>
<Line>lobe constrictif chercher inconsolable conservatisme hublot contrainte chardonneret</Line>
<Line>couverture cultivateur cage cigarette blindage marbrerie caserne binette sciences</Line>
<Line>cylindrage innombrable diable racler arable controverse badigeonnage</Line>
<Line>tourbillon chenu badiner chercheur clerc course caustique amical incommensurable</Line>
<Line>couenne synchroniseur collier didacticiel ensorceleuse fourche coureuse factoriser</Line>
<Line>consultatif disjonction lubrifiant mince boycottage indissoluble inclusivement gabare</Line>
<Line>bouffant croustille courante conseiller influence cabot facture illicite casemate</Line>
<Line>conviction acide resurfaceuse cyclique incroyant infect incivil duchesse lacet ignorance</Line>
<Line>cotisant inimitable cerisier colonisation climatiseur agricole viable abasourdi milice</Line>
<Line>bourgeon cendrillon crocodile aboulique calmantes bobine crabe marbre chevreau</Line>
<Line>agnosticisme ambassadeur institutrice brocanter coquine accusation crue domicile</Line>
<Line>tabouret roublardise clavier relance blivet cordialement embrocher changeur</Line>
<Line>chaussettes contraste balances catafalque ancien hochets critique carton</Line>
<Line>licencier babine clairvoyance insolence amicalement cuver camaraderie</Line>
 </Level>

 
 <Level>
 <!-- 14 -->
 <NewCharacters>z</NewCharacters>
<Line>bizarre barbouze zinzinuler douze zombie horizon embarquiez zoologique zone tzar</Line>
<Line>ersatz seize azote dizaine gazouillement zinguer gazole gazeuse treize amazone</Line>
<Line>azimutale zombi assez magazine zigzag bazooka zizi zingage quatorze flouze alizes zodiaque</Line>
<Line>changiez zozoter bizuth horizontal douzaine monozygote gazouiller tantouze azimut</Line>
<Line>zeste jazz brindezingue bronze bonze freezer mazout bazarder gazette gazon bretzel</Line>
<Line>zoologue rejetez zozo bazar bronzer zizanie changez zigoto coryza benzol zinc chez</Line>
<Line>quinzaine aviez barbouze ozone quartz zober donzelle rhizome czimbalum buzzer</Line>
<Line>tzigane zibeline onze zigzaguer gaze bulldozer embarquez gazer quinze colza zoologiste</Line>
<Line>gazoduc zinzin gonzesse zizi bulldozer chez embarquez assez donzelle zigzaguer</Line>
<Line>quinzaine gazeuse colza gaze amazone buzzer zigoto czimbalum barbouze zombie</Line>
<Line>bazar rejetez quatorze zober aviez zigzag azote gazer zizanie treize ozone zoologiste</Line>
<Line>douze zoologue horizontal freezer bazooka zibeline zoologique benzol tantouze</Line>
<Line>zombi alizes mazout azimutale brindezingue gazole coryza dizaine zinc horizon</Line>
<Line>rhizome azimut gazouillement jazz gonzesse flouze zeste gazon zodiaque bonze</Line>
<Line>bretzel onze seize bizuth tzar zingage embarquiez tzigane zinguer gazouiller zinzinuler</Line>
<Line>quartz gazette ersatz barbouze changez monozygote zozo bronze bazarder changiez</Line>
<Line>zone bronzer quinze douzaine zozoter magazine bizarre zinzin gazoduc</Line>

 </Level>
 
 <Level>
 <!-- 15 -->
<NewCharacters>w (English)</NewCharacters>
	<Line>wood fowl wiring wine weed crew swaddle witch wart wanton eelworm sawdust wind eyebrow</Line>
	<Line>fawn warfare stowing wobbly wake weigh warped world swamp swallow inward walkway two maw dew</Line>
	<Line>whiff dewlap whistle pew wastage weekday fewer worn where working yawn wheat wallet await</Line>
	<Line>cowed awe throw whose dowry owlet bigwig unscrew owe redwing tow warm hallow mildewy wedel</Line>
	<Line>showily pathway mowing wear wigeon trawl towel swarf writer mugwort mower wrench ribwort</Line>
	<Line>warrior dwarf wed wharf slew tweak twinkle town wedging snowman cowshed willful width browser</Line>
	<Line>brawny gawkily wane tweed walnut whorl rowdy dawn jetway wading mew drowse swipe whether known</Line>
	<Line>scrawl wire dowdy awl waiver untwist wedlock swear swathe awed swivel will woollen wan know</Line>
	<Line>whimper wedge wolf wooly weakly own wander cowpat crowd wean vow narrow hollow uptown fawning</Line>
	<Line>beware swig whirl gateway wriggle wicked warp crowded washy bewitch wasted which windy</Line>
	<Line>fellow warlock morrow answer nephew claw widgeon avowal wick dowser</Line>
 </Level>
 
 <Level>
 <!-- 16 -->
 <NewCharacters>x</NewCharacters>
<Line>furieux doux heureux chaux extorsion exhaustion luxation onduleux</Line>
<Line>rigoureux courroux relaxation excellent taxes houx exode excentrique</Line>
<Line>jardineux eaux extinction exiger disgracieux maximaliser exiler creux</Line>
<Line>gracieux malencontreux normaux exhaustive miraculeux syntaxe contextuel</Line>
<Line>exclusion exhorter excursion frileux frauduleux sableux toxicomane klaxonner</Line>
<Line>sixte excavateur beaux maximum bulbeux ciseaux exutoire affectueux bourbeux</Line>
<Line>boxe audacieux judicieux victorieux toux juteux caillouteux joyeux veineux</Line>
<Line>exhalation vigoureux exciter nuageux miteux laineux hexagone odieux</Line>
<Line>vultueux vaniteux triaxial fumeux licencieux fameux ligneux radieux laxiste</Line>
<Line>envieux torrentueux extorqueur visqueux boiteux ferrugineux exclusif calomnieux</Line>
<Line>luxure vexatoire surexciter exigeant lexique existence gazeux exsangue hargneux</Line>
<Line>examinateur luxuriant montueux extremum boxeur inox faux huileux convexe</Line>
<Line>insoucieux gommeux inoxydable territoriaux coexistence maxime belliqueux</Line>
<Line>rubigineux vexer houleux limoneux extase marxisme exact lumineux minimaux</Line>
<Line>extenseur venimeux exactitude sinueux tomenteux relaxer consciencieux</Line>
<Line>dangereux hexagonal textile brumeux afflux haineux anneaux savonneux</Line>
<Line>infectieux liquoreux avantageux graisseux extra inflexible choix exil nombreux</Line>
<Line>boxer tortueux extradition intoxiquer malicieux exterminer ombreux exceller</Line>
<Line>orgueilleux anthrax flux courageux boxon floconneux buissonneux exhaler</Line>
<Line>exhibition extraction filandreux globuleux annexion luxer suffixe fixation</Line>
<Line>exigence scabieux textuel gueux surtaxe fastidieux calamiteux merveilleux</Line>
<Line>oxyder exercices excommunier exquis artificieux ceux bienheureux luxembourgeois</Line>
<Line>argileux fixe originaux mixer deux galeux bigleux schisteux klaxon externe</Line>
<Line>excuses vireux contagieux farineux luxe vicieux lexical fructueux chatouilleux</Line>
<Line>immixtion aqueux minutieux lanugineux chaleureux ferreux mexicain exhumer</Line>
<Line>silex glaireux fibreux contexte taxe annexer jumeaux sexuel exhalaison</Line>
<Line>ennuyeux taxi croix maximiser communaux mixeur sourcilleux mousseux</Line>
<Line>goudronneux taxer chassieux cahoteux anxieux annexe volumineux neigeux</Line>
<Line>excitant fallacieux queux boyaux excuser soyeux exotique verbeux boueux</Line>
<Line>exactement excellence extraordinaire chancreux contentieux vertigineux inexactitude</Line>
 </Level>
 
<Level>
 <!-- 17 -->
 <NewCharacters>é</NewCharacters>
<Line>exécutoire orée succombé féodal décrottoir exécrer défi lascivité agrémenter</Line>
<Line>encrassé décourager dédit écrasement démocrate décagone récréation mésange</Line>
<Line>éducateur caréner étroite réfringent gardé désagréger cordé vénération gréer</Line>
<Line>altéré légitimité rénovation illuminé littéral cadencé fédéraliste négligent déclarer</Line>
<Line>réunifier évider négliger moralité démasquer torréfié céder réhabilitation ultérieur</Line>
<Line>éveillé aimé entrées rétracté échelles éditeur décontracté résilier bénitier</Line>
<Line>uniformité élévatrice enfiévrer félicité inchangé breveté modéré énervé délibération</Line>
<Line>mimétisme cuivré éluder décontaminer débarras résiduel causalité bécarre</Line>
<Line>abandonné rétroactif inondé conséquences libellé survolté catéchisme médiateur</Line>
<Line>maléfique mécanisation collégien égal débardage tonalité granulé dévergondé</Line>
<Line>désaccoutumer mathématicien alluré familiarité corrélée dégagé vétuste</Line>
<Line>mégawatt ingrédient déshydratation dézinguer rosée licencié inaltérable</Line>
<Line>modératrice déceler enchérissement cohésion sélect dentée traversée éventée</Line>
<Line>aérodynamique intitulé assertivité ébullition rémunérateur défausser animosité</Line>
<Line>odoriférant aciérie réel bévue santé subséquent commérage équerre esthétique</Line>
<Line>énonciation illégitime rétroviseurs défunt énigmatique démence dérobade modérer</Line>
<Line>réticule médian alambiqué déroulement récalcitrant succéder vénal réformisme</Line>
<Line>débuts éclaircir réélire enflammé écorcher excédent déloyal réglages immémorial</Line>
<Line>nommé momentanément transmissibilité mordoré conductivité écailler référé usagé</Line>
<Line>électron écrit césarienne astérisque féminin acérer liberté éduquer mésaventure</Line>
<Line>dégréer ramassé téléchargement rétribuer fléau écussonner héron échelle zéro</Line>
<Line>congédiement exécration fieffé émailler moitié élargissement abécédaire éveil</Line>
<Line>détenu évacuation résister réquisitoire cérébral références rasséréner illégal</Line>
<Line>sainteté sclérose méchant fréquence électrotechnique téléférique curiosité</Line>
<Line>mélangé méteil dédouaner éclater irrésistible vélocité marée herméneutique</Line>
<Line>génie écimer numérateur évitement sublimité différentiation considérablement</Line>
<Line>mainlevée délocalisation torréfier décongeler adhésif exécrable réflexion inusité</Line>
<Line>décalage microcrédit néfaste instauré fermé émotion attentionné méditerranée</Line>
<Line>billevesée boursouflé véloce maugréer cabossé fumée désormais nodosité oblitérer</Line>
 </Level>
 
 <Level>
 <!-- 18 -->
 <NewCharacters>è</NewCharacters>
<Line>modèle séculière deuxième baleinière discothèque cacahuète bétonnière</Line>
<Line>brassière colère renardière chère boutonnière dernièrement croisière</Line>
<Line>hyène siège affrètement stèle antithèse barème routière mémère stratège</Line>
<Line>muselière géomètre murène bobèche montgolfière mammifère gazomètre altière</Line>
<Line>viscères comète urètre tantième daubière collège mièvre diocèse somnifère</Line>
<Line>sortilège collègue cratère centième lumière actinomètre tiède infidèle allègre</Line>
<Line>télémètre caractère rivière fermière décimètre légère entière décèlement nèfle</Line>
<Line>achèvement intrinsèque funèbre souricière hygiène dèche ébène anthère crinière</Line>
<Line>clairière nitrogène fondrière emblème lisière congère système enchères</Line>
<Line>canonnière athlète grève anémomètre huitième obsolète bétaillère genouillère</Line>
<Line>théière anxiogène cimetière oxygène vertèbre manèges théorème couturière</Line>
<Line>succès xérès enchère étagère artère obscène somnifères visière enlèvement</Line>
<Line>deuxièmement canardière décès critère millimètre dièse troisièmement joaillière</Line>
<Line>sirène cuisinière hydrogène manière bière scorsonère quinzième seizième</Line>
<Line>abrègement indigène brèche clientèle grossièreté bruyère embarcadère minière</Line>
<Line>délétère lavandière chèvre charnière halogène neuvième litière arène solfège</Line>
<Line>trèfle monastère aiguière jambière mère recèlement nièce confrère soixantième</Line>
<Line>calorifère nitrobenzène intègre aborigène ministère autogène intermède quatorzième</Line>
<Line>indigènes onzième frontière ténèbres quarantième sorcière tachymètre gibecière vertèbres</Line>
<Line>fougère insuccès bergère genièvre saccharifère harcèlement conifère civière zèle</Line>
<Line>écolière sèchement mèche endomètre inquiète siècle orfèvre haltère vasière liège</Line>
<Line>mètre micromètre fidèlement cuillère ménagère odomètre hétérogène torchère</Line>
<Line>très sévère naguère obsèques orfèvrerie crèche misère grivèlerie sucrière abcès</Line>
<Line>ulcère cortège crème glissière boursière stratagème brièveté cavalière homogène</Line>
<Line>congénère jachère cachète trentième gène gouttière centimètre hellène mélèze sève</Line>
<Line>fève frère lièvre bandoulière madrilène madère flammèche thèse barrière baromètre</Line>
<Line>octaèdre diadème accélère cochère thermomètre hère manège kilomètre charbonnière</Line>
<Line>règne insincère bohème dérèglement brièvement vidéothèque célèbre cornière amène</Line>
<Line>cinquième dérèglementer arrière démantèlement frigorifère anachorète avènement</Line>
 </Level>
 
 <Level>
 <!-- 19 -->
 <NewCharacters>ç</NewCharacters>
<Line>caveçon façonner renforçateur exerçant gerçure balançoire fiançailles</Line>
<Line>leçon rançonner reçu déçu contrefaçon garçon tronçonner hameçon tronçon</Line>
<Line>désarçonner suçoter façade caleçon commençant façade agaçante maçonner</Line>
<Line>commerçant conçu façon malfaçon agaçant interfaçage maçonnerie chançard</Line>
<Line>glaçon français rançon glaçage limaçon tronçon garçonne menaçant maçon</Line>
<Line>glaçure chançarde garçonne rançon glaçure caleçon reçu glaçage caveçon</Line>
<Line>chançard exerçant commençant limaçon désarçonner agaçant glaçon suçoter</Line>
<Line>leçon contrefaçon hameçon commerçant conçu façon maçonner menaçant</Line>
<Line>fiançailles malfaçon renforçateur déçu façonner maçon garçon interfaçage</Line>
<Line>tronçonner chançarde agaçante maçonnerie rançonner balançoire gerçure français</Line>
 </Level>
 
  <Level>
 <!-- 20 -->
 <NewCharacters>à</NewCharacters>
<Line>jusqu'à là déjà voilà à déjà voilà à jusqu'à déjà voilà là à</Line>
 </Level> 
 
 <Level>
 <!-- 21 -->
 <NewCharacters>ï</NewCharacters>
<Line>païen prosaïsme naïveté caïd laïque trisaïeule maoïsme faïence hébraïque</Line>
<Line>hémorroïdes aïeux sphéroïde naïf mosaïque exiguïté héroïne coïncidence</Line>
<Line>laïcisation ouïr bisaïeule glaïeul égoïste shintoïsme coïncider sinusoïde bisaïeul</Line>
<Line>trisaïeul baïonnette cuboïde mosaïques ouïe stoïcisme maïs trapézoïdale métalloïde</Line>
<Line>pharisaïque haïr égoïsme ellipsoïde héroïsme stoïcien faïencerie héroïque aïeul</Line>
<Line>archaïque anthropoïde cocaïne aïeuls pagaïe laïus typhoïde prosaïque inouï stoïque</Line>
<Line>ambiguïté haïssable androïde aïeule thébaïque laïc hélicoïdal laïciser égoïne</Line>

 </Level>

 <Level>
 <!-- 22 -->
 <NewCharacters>,.;</NewCharacters>
<Line>opposer, hélicoptère. municipalité; glaise, machinations. suer, préparatoire. port</Line>
<Line>modérer; décolonisation, visualiser. couplage, retravailler. gâter, confus</Line>
<Line>attribut; efficience. anorexie, refléter. délié, camion; bouillon. immobilier, corneille</Line>
<Line>appartement. catéchisme; gambiller, désinformation. fagoter. applaudissement</Line>
<Line>scarlatine, chabler; conifère. treillage, dessin. prédilection; auvent, fracas. tressaillir</Line>
<Line>croc. allée; bail, houp. tissu. azimut; chargement, nasillard. écrou. tripaille; quatrième</Line>
<Line>matelot, ébahi. baissé. avertissement; respecté, radian. ménage. clavecin, dédouaner</Line>
<Line>cofinancement; cyclisme. balance. plumier, inspirer; accueil. tourmenteur, cajoleur</Line>
<Line>fonder. moto; clapir. épingle, châtaigne. fleuriste, orgueilleux; attentionné. agaric</Line>
<Line>guillemets, flexion. glacerie; complété, idiot. délivrer. affermage, coefficient</Line>
<Line>surchauffer; sveltesse. préférer, lettré. troupes; chatterie, expéditeur. gommier</Line>
<Line>confidentiel. hameau, asphalte; bouddhiste. intraitable. paysage, confraternel; bonze</Line>
<Line>patriotique, nichoir. dissuasion. nier, pont; brame. belligérance, bibliothécaire. s'aviser</Line>
<Line>mascaret; contestable, bienvenue. fébrifuge. vermouth, gazogène; stature. engraissé</Line>
<Line>écritoire, ploutocratie. mordoré; transfuser, pub. parterre. induit, charcutage; souvent</Line>
<Line>conspirateur. stomacal, tantouze. lénifier; casquer, hère. palladium. volcanisme, indépendant</Line>
<Line>professeur; désappointement. brouillard, pote. balluchon; voisine, jongler. remanier</Line>
<Line>cultivée. podium, déshumaniser; nécrologe. parvenu, similarité. proposition; sulfurique</Line>
<Line>imitation, serpenter. essence; statuette, salaire; manigancer. épinard, scalpel. débranchement</Line>
<Line>évidence; membre, binocle; équipé. abyssal, coquine. partialité; déprimer, repeindre; maffia</Line>
<Line>ordonnateur. cognement, résidentiel; occultation. malheureusement, dépraver; coupure</Line>
<Line>conserve; anomal, accouchée. foudre. serf, débouché; crinoline. souffler, gouvernemental</Line>
<Line>pari. dépanner; lardon. souillure, clavicorde. intérieur; connaisseur, blouser; frémissement</Line>
<Line>adjurer. oblitérer, curseur. boursouflé; théâtral, chatouiller. lèpre. bloc, affolé; cérémonieux</Line>
<Line>moutarde. pétrissage. rapacité, prompt; amical. centralisateur, auguste. mortalité; excréter</Line>
<Line>foutraque, nageur. phare. glissade, bien; réfection. tatouer, illusionner; plasturgie; complicité</Line>
<Line>coopérer. porter, sclérose. s'enferrer; ramier, couplé. manège. antérieur, agoniser; paraître</Line>
<Line>sauvegarder. rosse, approprier. hébergement, guenille, sarigue; renquiller, bigorneau</Line>
<Line>rapporteur, simulacre. rame. congrégation, pire; sabot. cagnotte, gisant. pratiquement</Line>
<Line>pointage; réacteur, sapristi. encourager. glockenspiel, utopie; daine. trio, narcose. décompacter</Line>
<Line>tenter; crosse, tabac. insister. cotisation, traces; inspecteur. cachette, prémonitoire, braquage</Line>
<Line>niais. orphie; plat, contraindre. conglomérer. expéditif, gencive; promettre. s'assombrir</Line>
<Line>cochon, quadrant. attention; moyen, apprécier. veuve. enchérir, gourd; d'eux. tutoyer</Line>
<Line>jubiler, anthropoïde. nappe; paquets, homologue. literie. soldes, filasse; entre. rassasié</Line>
<Line>mets, recrue. berceau; coton, étrenner. parasitologie. distinguer, ignorance; trigone</Line>
<Line>minime. six, rebuffade. début; aiguayer, fémur. effervescent. brièveté, styliste; laiteux</Line>
<Line>fichaises. biotope, vain. berge; hippique, dénigrer. défait. rouages, mouflette; terre. élire</Line>

 </Level>



 <Level>
 <!-- 19 -->
 <NewCharacters>1234567890=+-</NewCharacters>
<Line>1+3=4 2-1=1 5+3=8 11-5=6 12-3=9</Line>
<Line>2-1=1 5+3=8 12-3=9 13+1=14</Line>
<Line>13+1=14 22-13=9 29+11=40 28+3=31</Line>
<Line>22-13=9 29+11=40 11-5=6 1+3=4 28+3=31</Line>
 </Level>
 
 <Level>
 <!-- 20 -->
 <NewCharacters>Majuscules</NewCharacters>
<Line>Téhéran Burundi Eucharistie Turkménistan Sénégal Chine Lima Slovaquie</Line>
<Line>Canada Aruba Guyane Indonésie Géorgie Suriname Gibraltar Brunswick Nicaragua</Line>
<Line>Malaisie Andorre Ajman Philippines France Malte Togo Islande Bangladesh</Line>
<Line>Maurice Malawi Ombudsman Chypre Wisigoth Maroc Zaïre Dieu Amérique Belgique</Line>
<Line>Pentecôte Jupiter Rabbin Hollande Atlantique Iraq Rome Yémen Tanzanie Tokyo</Line>
<Line>Lisbonne Tunis Vatican Açores Congo Suisse CV Nice Guinée Wurtzbourg Kenya</Line>
<Line>Benelux Tokelau Polynésie Tchéquie Eswatini Népal Sumatra Canaries Pâques</Line>
<Line>Allemagne Toscane Irlande Roumanie Salzbourg Schtroumpfs Ghana Kirghizstan</Line>
<Line>Uranus Croatie Ligurie Zamboni Hesse Toussaint Azerbaïdjan Sarre Brunei</Line>
<Line>Scandinavie Orient Espagne Pacifique Norvège Brême Bornéo Bhoutan Tunisie</Line>
<Line>Uruguay Japon Comores Afghanistan Jurassique Jamaïque Francfort Brandebourg</Line>
<Line>Chartreuse Moldova Vénus Panama Outroupistache Ouzbékistan Danemark</Line>
<Line>Hanovre Tadjikistan SAMU Guadeloupe Suède Maldives Martinique Sardaigne</Line>
<Line>Balkans Macédoine Mali Iran Oman Grenade Khardja Monaco Schtroumpf Jésus</Line>
<Line>Belize Bételgeuse Liberia Tchad Ecosse Autriche Galápagos Ceuta TVA Kazakhstan</Line>
<Line>Bavière Micronésie Pologne Slovénie PME Niger M. Belge Bermudes Pérou</Line>
<Line>Polonais Trèves Arabie Fidji Océanie Eswatini Thaïlande Taïwan Vienne Pakistan</Line>
<Line>Venezuela Portugal Abruzzes Noël Franconie Myanmar Liechtenstein Yougoslavie</Line>
<Line>Honduras Monténégro Botswana Belarus Prague Angola Syrie Saturne Italie Tonga</Line>
<Line>Zurich Bretagne Munich PC Sulawesi S.A. Asie Kiribati Varsovie Franconien Neptune</Line>
<Line>Afrique Costaricain Attique Caraïbes Angleterre Mexique Madagascar Cène</Line>
<Line>Thessalie Hongrie Coblence Gotland Silésie Pékin Serbie Calabre Bulgarie</Line>
<Line>Burgenland Nigeria Mauritanie Luxembourg Moscou Mozambique</Line>
<Line>Tchécoslovaquie Ostrogoth Arctique Groningue Cameroun Gambie</Line>
 </Level>

 <Level>
 <!-- 22 -->
 <NewCharacters>quelques frases</NewCharacters>
<Line>Le blivet est à la fois une figure indécidable, une illusion d'optique, et un objet impossible.</Line>
<Line>Bételgeuse est une étoile variable semi-régulière de type supergéante rouge dans la constellation d’Orion.</Line>
<Line>L'eau est ubiquitaire sur Terre et dans l'atmosphère, sous ses trois états, solide (glace), liquide et gazeux (vapeur d'eau).</Line>
<Line>La surface de la Terre est recouverte à 71 % d’eau (97 % d’eau salée et 3 % d’eau douce dans différents réservoirs) sous différentes formes.</Line>
<Line>Le corps humain est composé à 65 % d’eau pour un adulte, à 75 % chez les nourrissons et à 94 % chez les embryons de trois jours.</Line>
<Line>Les océans recouvrent environ 361 millions de kilomètres carrés26, soit 70,8 % de la surface du globe.</Line>
<Line>La fosse des Mariannes est la fosse océanique la plus profonde connue à ce jour, c'est aussi l'endroit le plus profond de la croûte terrestre.</Line>
<Line>La fosse des Mariannes a été découverte en 1875.</Line>
<Line>En géométrie dans l'espace, un parallélépipède (ou parallélipipède) est un solide dont les six faces sont des parallélogrammes.</Line>
<Line>Les premiers tétrapodes étaient des animaux exclusivement aquatiques.</Line>
<Line>Parfaitement adapté à son habitat, l'ours blanc possède une épaisse couche de graisse ainsi qu'une fourrure qui l'isolent du froid.</Line>
<Line>Cette espèce vit uniquement sur la banquise autour du pôle Nord, au bord de l'océan Arctique.</Line>
<Line>Animal charismatique, l'ours blanc a un fort impact culturel sur les peuples inuits, qui dépendent toujours de sa chasse pour survivre.</Line>
<Line>Les ailes des manchots, devenues inutilisables pour le vol, sont par contre très adaptées à la nage et à la plongée.</Line>
 </Level>
 
 
 
 </Levels>
</RasytiLecture>