<KTouchLecture>
  <Title>French (auto-generated)</Title>
  <Comment>
    Training file generated Mon Oct  1 08:14:15 2001
    Program written by Håvard Frøiland
  </Comment>
  <Levels>
    <Level>
      <NewCharacters>jf</NewCharacters>
      <Line>jf fjf fj fj jf jfj fjf fj fjf jfj jfj fj</Line>
      <Line>fjf jfj jf jf fj fj jfj fj jfj fjf jfj jf</Line>
      <Line>jfj jfj jfj jfj jf fjf jfj jf fj fjf fj jfj</Line>
      <Line>jfj jf fjf fj jfj fj jfj jf fjf fjf jf jf</Line>
      <Line>jfj jf jfj jfj jfj fj jf fjf jfj jfj jfj jfj</Line>
      <Line>fjf jf jf jf fjf jfj fjf fj jfj fj jfj jfj</Line>
      <Line>jfj jf jf fj fjf fj fj fjf fj jfj jfj jf jf</Line>
      <Line>fjf fjf jf fjf fj jf jfj fj jf jfj jf fjf</Line>
      <Line>jf fj jf jfj fjf jf jf jfj jf fj jfj fj fjf</Line>
      <Line>fj fjf jfj fjf jfj fjf jfj jfj jfj jf jfj</Line>
      <Line>jfj jfj fj jf jf fj fjf fj fjf fjf fjf jfj</Line>
      <Line>fjf jfj fj jfj fj jfj fj jfj jf jfj jfj jfj</Line>
      <Line>fjf fj fj fj jf fj fj jfj jfj jfj jfj jfj</Line>
      <Line>fjf jfj jf jfj fj jfj jfj jf fjf jf jfj jf</Line>
      <Line>jfj jf jfj jfj jf jfj jfj jfj fjf jf jf fjf</Line>
      <Line>jfj jfj jfj fj jfj jfj fj fjf jf jfj jf fj</Line>
      <Line>fj jfj fj jf jf jf jf jf fj jf jf fj jfj jfj</Line>
      <Line>jf jf jfj fj fjf fj fjf fj fjf fjf fjf jfj</Line>
      <Line>fj fjf fj jfj jf fjf jfj fj jfj jfj jfj jf</Line>
      <Line>jfj fjf jf jfj jfj fjf jfj jf fjf fj jfj jfj</Line>
      <Line>fjf fj jfj fj jfj jfj fj fj fj fjf jfj fj</Line>
      <Line>fj fj fjf fj fjf jf fj fj fjf jfj jfj fjf</Line>
      <Line>jf fj jfj jfj fjf jfj jfj fj fjf fj fjf fjf</Line>
      <Line>jfj jf jfj jf fjf jfj jfj jf jf fj fj jfj</Line>
      <Line>fj fjf fj jf jf jf fjf fj jfj fjf jf jf jf</Line>
      <Line>jfj jfj jfj fjf jf jfj jfj jf jfj fjf jfj</Line>
      <Line>fj fj jfj fj jfj jf fj jfj fjf jfj jfj jfj</Line>
      <Line>fjf fjf jf jf fj jf jf jfj fjf fjf fj fj fjf</Line>
      <Line>jfj jfj jfj fj fjf fjf fjf jfj jfj jf jfj</Line>
      <Line>fjf fj fj jfj jfj jf fj jfj fjf jfj jfj jf</Line>
    </Level>
    <Level>
      <NewCharacters>mq</NewCharacters>
      <Line>qmq qmq qmq qm qm mq qmq mq mm mqm mm qm qm</Line>
      <Line>qmq mm mq qm mm mqm mq qm qmq mqm mq mm mm</Line>
      <Line>qmq qmq qm mq mm mm mm mqm qm qm mqm mm mqm</Line>
      <Line>mqm mqm mqm qmq qmq mq mqm mm qm mqm qm mqm</Line>
      <Line>qmq mq mm mm mq mm mqm qmq mq qmq qmq mq qmq</Line>
      <Line>mq qm mm qmq qm qm mq qmq qmq mm qm mm qm</Line>
      <Line>qm qm qmq mqm qmq mqm qmq qmq mqm mm mqm mm</Line>
      <Line>qmq qmq qmq qm qmq qm mqm mq qm mq qm qmq</Line>
      <Line>qm mm mqm mq qm qm mqm mqm qmq qm mq qm mm</Line>
      <Line>mm mm qm mm qm qm mqm mm mm qmq qmq qm mq</Line>
      <Line>mm qmq qm mq qm qmq mq mm mm mqm mq qm mq</Line>
      <Line>mm qmq qm mq mqm qm mq qmq mq mqm mq mqm mqm</Line>
      <Line>mq qm mq mqm qm mq mq qmq mq mqm qm qm qm</Line>
      <Line>qm qmq qm mqm mm qm mq mq qm mqm qm mqm qm</Line>
      <Line>mqm mm mqm mm qm mqm mq mqm mm mqm mqm mm</Line>
      <Line>mq qmq qm mqm mm mqm qmq mqm mm qm mqm mq</Line>
      <Line>mqm mqm mqm mq mm mm qm mqm qmq qmq qm mq</Line>
      <Line>qm mqm mqm mq mq mq mq qm qmq mqm qmq mqm</Line>
      <Line>mq mqm mq mq mm mqm qm qm mq qmq qm mq qmq</Line>
      <Line>mqm mqm mqm qm mm mqm qmq qm mq qmq qm mq</Line>
      <Line>mm qmq mm qm mqm qm mqm mm mqm mqm qmq mm</Line>
      <Line>qmq mm mq qm qm mq mq mm mqm mqm qm qm mq</Line>
      <Line>mm qmq mq qmq mq qm mqm qmq mq mm mq qm qm</Line>
      <Line>mq mm qmq mm qmq qm mm mm qmq mq mm mm mm</Line>
      <Line>mqm qm mq mm qm mm qmq mqm mqm qmq qmq mq</Line>
      <Line>mqm mm mm mqm mq qm qmq mq mm mqm qmq qm qm</Line>
      <Line>qmq mq qm qmq mm qm mq qm qm mq qmq qm qmq</Line>
      <Line>mq mm mqm mm mm mm qmq mm mqm mm mq mq mm</Line>
      <Line>mq mqm qmq mqm mm mqm mqm mq mq mqm mqm qm</Line>
      <Line>qmq qmq qm mqm mm mq qmq qmq mqm mqm qmq qm</Line>
    </Level>
    <Level>
      <NewCharacters>kd</NewCharacters>
      <Line>kdk dkd km dk km km dk km dk dm kd kd kdk</Line>
      <Line>km dk kdk kd km km dm kdk kd kdk kdk dk kd</Line>
      <Line>dk dkd dkd dm dm dm dkd km dk dk kdk dkd dm</Line>
      <Line>km dkd kd dm dm km dk kdk dm kd kd dm dkd</Line>
      <Line>dk dk dm kdk dk dk kd dm dk kd dm km km dk</Line>
      <Line>dm dk km km kd dk dm kd kd dkd dk dkd dkd</Line>
      <Line>kdk km kdk dm dm dkd dm kdk dm kd kdk km dk</Line>
      <Line>kdk km kd dk dm dm kdk dkd km dkd dm km dkd</Line>
      <Line>dm kdk dm dkd dm dk dk dk kd kd dm dm kdk</Line>
      <Line>km kd dm dkd kdk kdk dk kdk dkd dk kdk kd</Line>
      <Line>km dk dkd dkd dm dk dkd dk kd kd dk dk kdk</Line>
      <Line>kdk kdk kdk kdk dk dm dk kdk dm dm km dk kd</Line>
      <Line>dk km dk km dm kd dm dkd km km km kdk kd km</Line>
      <Line>kdk dk kd dm km kdk kdk kd km dk kdk dk dk</Line>
      <Line>dk dm kdk kdk dk dk km dm kd km km dkd dkd</Line>
      <Line>dkd kdk dm km kd kdk dm dk dk dkd dkd dkd</Line>
      <Line>km kdk dm kd dkd kd dk dkd dkd km km km kdk</Line>
      <Line>km dm dk dkd dkd km kd dm km km dm kd km dk</Line>
      <Line>kdk dk km dm kd dk dm kd km kd kdk dk dkd</Line>
      <Line>dk kd dk dkd km kd dm dk km dkd kdk dkd kdk</Line>
      <Line>dk dkd kdk dm km km dk dkd km kdk km dkd kdk</Line>
      <Line>dkd dkd dm dm dk kd kd kdk km km dkd dkd kd</Line>
      <Line>dk dk dkd dm dkd dm kdk kd dm kd dm dk km</Line>
      <Line>dkd dkd kdk dk kd kd dm dm dm kd kd dm dkd</Line>
      <Line>km km dk kdk dm dkd dkd dkd kdk kd kdk km</Line>
      <Line>dk dk dm kd dkd dkd dkd kd kd dm kd kd km</Line>
      <Line>kd kd dm dk kd kdk dm km km kdk km dk dm dk</Line>
      <Line>dkd kd km kdk dk kd kdk kdk dkd dm kd dkd</Line>
      <Line>kd dm km dk km km dk dkd dm dk kd dm kd km</Line>
      <Line>kdk dm kd dk kd km kdk dm dk km dm dkd kd</Line>
    </Level>
    <Level>
      <NewCharacters>ls</NewCharacters>
      <Line>sl sls ls ls sls ls lsl lsl lsl sls ls sl</Line>
      <Line>sls sl sl sls sl sl lsl sl sl sl sl ls lsl</Line>
      <Line>sl sl sls ls lsl sls sls sl lsl lsl lsl lsl</Line>
      <Line>sls lsl sls ls lsl lsl lsl sl sl sl lsl lsl</Line>
      <Line>sl ls ls lsl sls sl sls lsl sls ls ls sl sls</Line>
      <Line>lsl sls sls sls sls sl ls sl ls sl sl ls ls</Line>
      <Line>sls sl sls sl sl ls sl sl lsl ls sls sl lsl</Line>
      <Line>ls sl ls sls ls lsl sl lsl sl lsl ls sls sl</Line>
      <Line>ls lsl lsl ls ls sl sls lsl lsl lsl lsl sl</Line>
      <Line>sl lsl sl ls ls sl sl sls sl lsl lsl ls ls</Line>
      <Line>sls sls ls lsl ls sls ls ls sl sl ls lsl lsl</Line>
      <Line>lsl sls lsl sls lsl sl sls sl sl sls sls sls</Line>
      <Line>sl lsl sls sl ls sls ls lsl lsl lsl lsl sl</Line>
      <Line>lsl lsl lsl ls ls sls ls lsl sl ls sls sl</Line>
      <Line>sls ls sls lsl lsl sl sls sl ls ls sls sl</Line>
      <Line>lsl sls ls sls sl lsl ls sl lsl lsl sls lsl</Line>
      <Line>sls lsl sls ls ls sl sls sls sl ls sls sl</Line>
      <Line>sl sl sls sls sl ls lsl sl lsl lsl lsl sl</Line>
      <Line>lsl ls sls lsl lsl sl sls sls sl sl lsl sl</Line>
      <Line>lsl sl lsl ls sl sls sls lsl lsl ls sls sl</Line>
      <Line>ls sl sls ls sl sls sl sl sls lsl sl sls sl</Line>
      <Line>lsl ls sls sl lsl lsl ls ls lsl sl sls sls</Line>
      <Line>lsl sls sl ls ls sls sl sls sl sl ls lsl sls</Line>
      <Line>sl sls sls sls ls lsl sls sl sls ls ls sl</Line>
      <Line>sl sl sl lsl ls ls lsl sls sl lsl lsl ls ls</Line>
      <Line>sl sls sl sl sl ls lsl lsl sls sls ls sl sl</Line>
      <Line>sl ls sls sl sl lsl lsl lsl sls lsl lsl sls</Line>
      <Line>sls sl sl sl sls sls lsl ls lsl ls sls lsl</Line>
      <Line>ls sls sls lsl sls ls ls lsl ls lsl sl sls</Line>
      <Line>sls sl sl sl ls sl lsl lsl lsl sl sl sls lsl</Line>
    </Level>
    <Level>
      <NewCharacters>ie</NewCharacters>
      <Line>ie effiles effiles id ifs ides ifs ie il id</Line>
      <Line>ides il esse ides il id es ides effile ils</Line>
      <Line>if ils idem idem il elle elle elle effiles</Line>
      <Line>ie id effiles effiles ie ie if effiles elle</Line>
      <Line>il effile elles effile if ils idem ils ides</Line>
      <Line>ides es ides es id ie effiles esses id il</Line>
      <Line>ils elles effile ifs if effiles if il elles</Line>
      <Line>ils effile ils esse esses if esse ie esse</Line>
      <Line>if ifs il esses elle esses effile effiles</Line>
      <Line>effile ides ides il effile es es effile elle</Line>
      <Line>il ides ides elle esse ie ifs esses idem id</Line>
      <Line>es if ils idem id elles elles if id effiles</Line>
      <Line>if es ides esses effiles effile esses elles</Line>
      <Line>es elles ils ils esse ie elles if ie il ie</Line>
      <Line>idem esse es elles effile ides if effiles</Line>
      <Line>esse id ie ils elle if es ifs effile es id</Line>
      <Line>elles if if if elle ides if ils elles il esse</Line>
      <Line>esses esses if ie ides es effiles elles elles</Line>
      <Line>id if esses ides ides es effiles es ie elles</Line>
      <Line>ifs elles ie esse effile esse il if esses</Line>
      <Line>es ils elle ie il idem ie effile effiles effiles</Line>
      <Line>effiles esse es effile elle effiles idem esse</Line>
      <Line>esse effiles esse ils if ils ifs ides ils</Line>
      <Line>effile effile esse esses es esses ils es if</Line>
      <Line>ie es es effiles elles esses id effile esses</Line>
      <Line>effiles ides elle id id id esses idem ifs</Line>
      <Line>id es if ides ie es il esses if es il il id</Line>
      <Line>id ils ils ie il id id if if es esses ides</Line>
      <Line>ifs if effile id elles ifs esse esses esse</Line>
      <Line>il esses ides elle elles esses esse es if</Line>
    </Level>
    <Level>
      <NewCharacters>ur</NewCharacters>
      <Line>remiser usuelles redise resquilleuse relieurs</Line>
      <Line>urique relire refermer remises usuels refiler</Line>
      <Line>relies rediffuser refleurir relieuses rediffuser</Line>
      <Line>relise usuels remises rude rieurs requises</Line>
      <Line>remisier relier rudesses russifier rumeurs</Line>
      <Line>ruer requiems requiems resquilleuse rieur</Line>
      <Line>reflues relies remise usuelle requiems rues</Line>
      <Line>reluire rieur refiler relus ruelles refleurir</Line>
      <Line>redresseur rimes refuses resserres relie relief</Line>
      <Line>rifler remis ruser ruser referme rifles relique</Line>
      <Line>relues resquilleuse rifle rieurs resquilleur</Line>
      <Line>redresser reluquer refermes rifles rieuse</Line>
      <Line>relis redis rides ruser ruelles relues rue</Line>
      <Line>remue ruelles resserre ridelle redise relie</Line>
      <Line>requiems rues ridelle rediffuses relu usures</Line>
      <Line>rieurs ressers reluise relires refleurir resquilleur</Line>
      <Line>riser relises risques relise ri ridelles refermes</Line>
      <Line>remis rires ressemeler russe uses resquilleuse</Line>
      <Line>redresser resserrer resquilleuse remise relis</Line>
      <Line>redresseur ur refuser relises usuriers relieur</Line>
      <Line>redises ris refluer requiers russifier ruser</Line>
      <Line>rieuses usuelle relieur relieur usures relires</Line>
      <Line>riser risquer uses relue relues rediffuses</Line>
      <Line>reliures resquilleurs remisiers remuer ruelle</Line>
      <Line>rieurs refleurir relire rimeur rediffuse reliques</Line>
      <Line>rue reliefs rimes relu requis reluquer ridelle</Line>
      <Line>remuer relieuse ries reliques rudesses relique</Line>
      <Line>refermes ruisselle refiler russe reliure risquer</Line>
      <Line>refuser relues relieuse refiles redresse rudes</Line>
      <Line>remisier ridelle relief ur ressuer risques</Line>
    </Level>
    <Level>
      <NewCharacters>hg</NewCharacters>
      <Line>glu girelles hideuses glus huisserie gigue</Line>
      <Line>glu grise gruger huis gigue herse hg huilerie</Line>
      <Line>heure greffeurs guise gel geler griefs hurleurs</Line>
      <Line>hies guerriers gifler gemme geler hideuse</Line>
      <Line>grises huisseries gifles huiliers huileuses</Line>
      <Line>gemmer huisserie herser greffiers grimer grille</Line>
      <Line>humide hume glus grille grille gris grigris</Line>
      <Line>gifle greffe gifle gigue humide geler grilles</Line>
      <Line>humes gril huissiers griffures grise hues</Line>
      <Line>huilerie huilier greffier grille gueuler griffus</Line>
      <Line>grils glisses germes hideuses hurle herses</Line>
      <Line>hl griller heureuses gueuse griefs grues hurleurs</Line>
      <Line>huiliers gemmer grilles huileries gigue heureuses</Line>
      <Line>griffure greffes heur huileuse grumeler guerriers</Line>
      <Line>huissiers gifler gigue grues glisse huiler</Line>
      <Line>griffe hululer griffures griffus hl humes</Line>
      <Line>griller guerres huiles griffes humilie grille</Line>
      <Line>griser huiliers guerres hg humides hululer</Line>
      <Line>griffures huilier gemme gemme germe huissiers</Line>
      <Line>griller hideuse gifle humeur gril griffe glisser</Line>
      <Line>humer gigue grumeleuse gemme grils gel germe</Line>
      <Line>hurler hululer greffeur humus humeurs huilerie</Line>
      <Line>hurleurs hier humilies hideuses humes greffer</Line>
      <Line>humilies grise guerres grumeleuses guerrier</Line>
      <Line>heureuses greffiers humidifie griffe greffe</Line>
      <Line>griffues greffeur grumes grumeleuse gris humide</Line>
      <Line>germe huis guerrier gifle huileuse hier heures</Line>
      <Line>guides grimer gril gruger hue gueuse griffue</Line>
      <Line>grigris gueuler grils huileuse guerres huilerie</Line>
      <Line>hurleur girls gifler grues guerrier huileuse</Line>
    </Level>
    <Level>
      <NewCharacters>nb</NewCharacters>
      <Line>nuis building bis bure nique brimes bruis</Line>
      <Line>nuises building belliqueuse brusquer brunisses</Line>
      <Line>bielle brigues nubiles bleue berne bernes</Line>
      <Line>bulbeuses bielle blinder bile nuises brindilles</Line>
      <Line>brimes biner bibles bulbe brumer nuis neige</Line>
      <Line>brefs beurrer biner bilingue nique nu bimensuelle</Line>
      <Line>bilieuse beurre ne bruisse blinde bridgeurs</Line>
      <Line>briseur biser brumeuse burin bruines brui</Line>
      <Line>bimensuel berges buffles belliqueuse bruie</Line>
      <Line>bridgeuse bergeries buffle belliqueuse bulle</Line>
      <Line>biner bines nurse biner nuisibles bruire briefings</Line>
      <Line>brin blinder brun bibliques brumeuse brus</Line>
      <Line>berges brus nuque beugler biser bure nerf</Line>
      <Line>bleuis briefings bruine briseurs bruie bru</Line>
      <Line>nubile bd bisques bu nuise briseuse bimensuelle</Line>
      <Line>brise nids brunis bleuies bridgeuses briseuses</Line>
      <Line>briser nuques bises nul burlesques bille belliqueuses</Line>
      <Line>bluffs belle belles bien brique briffer bluffeuses</Line>
      <Line>biser nie bible buses brisures brime brunis</Line>
      <Line>bimensuelles bibliques bifurque bille bisque</Line>
      <Line>briefing bien briguer brunisse brun brun bel</Line>
      <Line>bd bilingue biner brins bille bridger bleues</Line>
      <Line>burlesque blesse nuque beiges brindilles brider</Line>
      <Line>briseur brus bleue blesses nihilisme briffer</Line>
      <Line>nubiles bleuir bimensuelles nuisible biser</Line>
      <Line>bleue berniques brusquer briquer brises nuire</Line>
      <Line>brumes bines buse nurses bris bienheureuse</Line>
      <Line>nie nb biffe bilingues bifurque berline bridger</Line>
      <Line>bruns bridger bleuies briseuses brins buriner</Line>
      <Line>buis belges bridgeur brefs brunie nuisibles</Line>
    </Level>
    <Level>
      <NewCharacters>vi</NewCharacters>
      <Line>immeuble vengeur individuel imbues vienne</Line>
      <Line>vieillesse vieillies vivrier vernisses veineuses</Line>
      <Line>indien infini vide infime vendus visuelles</Line>
      <Line>verbeuses ivres invendu infime insigne viriliser</Line>
      <Line>indivis ils verdisse venimeuses immeuble immuniser</Line>
      <Line>insurger infirme vermeille infirmeries imbu</Line>
      <Line>venelles innerver ville verdir imbue verves</Line>
      <Line>verdie vilenies vieillir vigueur indique visible</Line>
      <Line>insuline verser visibles vienne injurieuse</Line>
      <Line>veiller vineuse vieillis inique insensibilise</Line>
      <Line>irrigue illisible veines imbibes visqueuse</Line>
      <Line>indiques injurier indemniser venges issue</Line>
      <Line>vessies immense vis innerver viveur vienne</Line>
      <Line>immerges injurieuses indu vivre vendeuse injure</Line>
      <Line>viriles indien verdi vermeilles verseurs venges</Line>
      <Line>immeuble vieille ibid inhumes invendus veuves</Line>
      <Line>indivises injurieuse viens insubmersible ils</Line>
      <Line>indigner veneurs vieller irrigue verves vengeurs</Line>
      <Line>virus vif inhumes verreries indigner vivier</Line>
      <Line>verbeuses venges velus indemnise velu versifier</Line>
      <Line>velue villes indemnises venimeuses inversible</Line>
      <Line>infime vilenie indues vif influes verse vendre</Line>
      <Line>insuline ivre vessies venues veiner visse</Line>
      <Line>insuffles veinule vermeil infliger vers invendus</Line>
      <Line>veiller vrilles vendue insubmersibles veulerie</Line>
      <Line>venus veules insidieuses viriliser velue indigne</Line>
      <Line>vendre indigne verdure induise ignifuge verbeuse</Line>
      <Line>insinues insubmersible viseurs veineuses verreries</Line>
      <Line>vermeilles vrilles innerver vrilles velue</Line>
      <Line>vilebrequin insigne influer vermeil inversibles</Line>
    </Level>
    <Level>
      <NewCharacters>cp</NewCharacters>
      <Line>persifle perse cheminer pures ce permissives</Line>
      <Line>cf crue cule publies cru pneu cerf civiques</Line>
      <Line>chiffreurs penche cil crique peuplier pendre</Line>
      <Line>pies pileuse cendre pupilles clip chefs chique</Line>
      <Line>presse percluse premier chier cliver permise</Line>
      <Line>censeurs cierges celer cuirs pleuve chlinguer</Line>
      <Line>perses pensums pleurer perruches prieur clicher</Line>
      <Line>peurs peine pelucheuse peu peluche plisser</Line>
      <Line>pure pures cercle prime penseur crispe crucifier</Line>
      <Line>pilles pingre pend chevilles pins chiner crises</Line>
      <Line>chevelu clefs persil cerise ceindre culmines</Line>
      <Line>pulpes puises ch plumier peignes puisses pleines</Line>
      <Line>clins cueillis cidreries culminer puer cursif</Line>
      <Line>persifleur presser creuse crisse cr pires</Line>
      <Line>cribler plis cibler chimiques celles penche</Line>
      <Line>cuisses cire cimes peser cursives prescrive</Line>
      <Line>cellier cf cessible pudeurs cendres curling</Line>
      <Line>chirurgie piper cupule prescris perses chiffre</Line>
      <Line>puisque cerise chemiserie culminer clefs cuiller</Line>
      <Line>cidrerie prives perdue peler chemises perdues</Line>
      <Line>cuis chiquer perses plumiers pendes pierres</Line>
      <Line>pullule prieures presser curseur perfide pucelles</Line>
      <Line>pressens piges cursifs cessible peuplier pucelles</Line>
      <Line>pied chevelures prend presse cuis princesses</Line>
      <Line>pernicieuses cc ciseleur principes pends chevelus</Line>
      <Line>pendus cliniciens pressure peureuses purifie</Line>
      <Line>pincer perdes perfidies crises purin pellicule</Line>
      <Line>celles ciseleurs prunelles pelucheuses perces</Line>
      <Line>cueillie cercles pressurise cure pressure</Line>
      <Line>crieuses piliers cheminer celui puisque cerfeuils</Line>
    </Level>
    <Level>
      <NewCharacters>yt</NewCharacters>
      <Line>tics titube triture teneurs truelles yt tentures</Line>
      <Line>ternis tintements ternie tripier tribunes</Line>
      <Line>truquent teste treille tresse teintes terril</Line>
      <Line>tuteurer truisme ternie timides tel tuner</Line>
      <Line>test tutelles terrir testeurs terrienne temple</Line>
      <Line>titubent tienne ternit teinture terril tunisienne</Line>
      <Line>teinture testes triplent turbulent tilleuls</Line>
      <Line>tierces terril turpitudes terreuses tigresses</Line>
      <Line>turbulente tirent turcs tritures triquer tels</Line>
      <Line>tuteurer tumeurs tricycle tertres tireurs</Line>
      <Line>teckel tireuses trente trempes tunnel trusts</Line>
      <Line>teinturerie titrer tek terrestre ternis treillis</Line>
      <Line>turlupiner tuile trimestriellement tergiverser</Line>
      <Line>tics truculence tildes teindre terminer tu</Line>
      <Line>trier techniquement tigresse tricheurs truismes</Line>
      <Line>triture testicules tient trembles tels turques</Line>
      <Line>turbulences tinter terrils tuilerie techniciennes</Line>
      <Line>turent timidement truculente tisseurs testicules</Line>
      <Line>terrifies triptyques teinturiers treuil terrier</Line>
      <Line>titrer tut te trichent ternirent trucs trembles</Line>
      <Line>tint tertres typiquement tripiers tempes tunisiens</Line>
      <Line>terrisses tubes triperies teintes thermes</Line>
      <Line>tendresse trichent techniquement tierce tenues</Line>
      <Line>trinquer thermes type tenter teintes treilles</Line>
      <Line>tirettes trimestriellement tumeur titiller</Line>
      <Line>temples timbrer tests tuber tumultes tuiler</Line>
      <Line>tendrement tiers typiquement thermies tricherie</Line>
      <Line>terrifies telluriques trimestres termites</Line>
      <Line>teindre trimer trimestriel tintements ternissent</Line>
      <Line>trustes titubent trier terris tic tente titres</Line>
    </Level>
    <Level>
      <NewCharacters>où</NewCharacters>
      <Line>oblongue onduleuses offenserons omettrons</Line>
      <Line>overdose obtention omnipotence ornithologie</Line>
      <Line>orties ornithologiste offusquer observons</Line>
      <Line>objecteurs outres omnipotente obscurcissons</Line>
      <Line>obtuse omit onduleront offriront ogresse omnipotents</Line>
      <Line>obstruent oiseliers obliquerions occupions</Line>
      <Line>officiers origines oiseleur obnubiler obscurcirons</Line>
      <Line>offensons offset onduler oenilisme optes offenserons</Line>
      <Line>oserions opinion oblong opteront omise offerts</Line>
      <Line>oiselet ouvriers orientes offertes odieuses</Line>
      <Line>occupes obtenions ouvrier occultons oublies</Line>
      <Line>occulte oh ou oppresserons occiput ormoies</Line>
      <Line>onguents omettront oseille obstruerons orgie</Line>
      <Line>odieuse ongle ornement obscurcis ondine obligerions</Line>
      <Line>orientrice opticien obscurci opposerons outils</Line>
      <Line>oublient offenseur olympiennes omettront occiput</Line>
      <Line>obturerons obtenue octobres oserions ohms</Line>
      <Line>oiseuse optionnel oignons oreillon oie optimiste</Line>
      <Line>oedipiennes ombres omnisciente objet obtiendrions</Line>
      <Line>oenologue omnisports omis ordonnes obnubileront</Line>
      <Line>obscurcirent ordurier oignon octogones ouverture</Line>
      <Line>obtenons outil osier osciller or orneront</Line>
      <Line>ouvrier opposer offrir obturent ohm ogresse</Line>
      <Line>opprimer orchestres obtiendront obstructionnistes</Line>
      <Line>oniriques opulent où olympiens oppositionnels</Line>
      <Line>opinons oh omnidirectionnel offenserions obscurcissons</Line>
      <Line>ostensible opprimerions obsession olympiennes</Line>
      <Line>oppriment omnipotence onduleuses observerions</Line>
      <Line>objecter octroyons oubliettes obstinons orientrice</Line>
      <Line>officiellement obtenus onduleuse omettrons</Line>
    </Level>
    <Level>
      <NewCharacters>az</NewCharacters>
      <Line>algorithmique abonnerions admirassions alignassions</Line>
      <Line>articulant astreindrai arraisonnas acculturerions</Line>
      <Line>allaiterai accoleras agencerons appareillaient</Line>
      <Line>attendrirez abstiendrons aiguillerez aviserais</Line>
      <Line>alimentaient agglutinait antilopes algorithmes</Line>
      <Line>autoroute actionnaire attesteriez abaissons</Line>
      <Line>admettrons argumenterai affectionne altruistes</Line>
      <Line>aventuraient averti amputant approvisionnasse</Line>
      <Line>affermiraient alliions accusait accolades</Line>
      <Line>abondions attendrisses allumerais assiste</Line>
      <Line>assagira assombririons aspirerez attitudes</Line>
      <Line>aiguilleter adonnons approprieriez affermirai</Line>
      <Line>assommiez ainsi aiguiserait affranchirai apache</Line>
      <Line>appareillera assemblerai atteindrai accoua</Line>
      <Line>assainissement apprivoisaient abandonnait</Line>
      <Line>accouderai accouchas appropriant asseyiez</Line>
      <Line>amalgame acclimateriez augmentasses avirons</Line>
      <Line>avoisinais allumions affairerez accentues</Line>
      <Line>apercevons apache accumulassiez aveuglants</Line>
      <Line>attirera accidentels austral alunissiez aplatiront</Line>
      <Line>accentuaient aplatisses alerte aquarelliste</Line>
      <Line>assouplissaient annoncerait avalerait ahurisses</Line>
      <Line>ancien assembliez aurez authentifiaient affronterez</Line>
      <Line>atouts assailliraient accointances amincissions</Line>
      <Line>aubades asiatique avaliserais approvisionnasse</Line>
      <Line>acuponcteurs agenouillez accueillerons agenouilleront</Line>
      <Line>angoissasses appareillera achalandai actionneraient</Line>
      <Line>abdiqueras affolerions anticonstitutionnelle</Line>
      <Line>acculons absorba abjurais amenuisassions augures</Line>
      <Line>aiguisons assentiment additionnais anglophones</Line>
    </Level>
    <Level>
      <NewCharacters>wx</NewCharacters>
      <Line>watt wallons watts whiskies wagon wallons</Line>
      <Line>wx watt whiskies warranter wagonnet xylophone</Line>
      <Line>wagonnet wallons wallonnes wagonnet watt wallon</Line>
      <Line>waters wallonne watts wagon wallonnes wallonne</Line>
      <Line>wagonnet xylophones whisky xylophone watt</Line>
      <Line>wallonnes xylophones xylophone wx wx wx wx</Line>
      <Line>xylophone watt watt wx wagonnet wallonne xylophones</Line>
      <Line>wallonnes whisky wallons wallon watts wallonne</Line>
      <Line>wagon xylophones xylophone wallonnes wallons</Line>
      <Line>whisky wallon wagonnet warranter wagons wallonne</Line>
      <Line>xylophones wagonnets whisky xylophones whiskies</Line>
      <Line>watts wallon watt whiskies warranter watt</Line>
      <Line>xylophones wallonnes warranter xylophone waters</Line>
      <Line>wallonne wagons wallon wagon wallonne waters</Line>
      <Line>xylophone warranter watts whiskies watts wallons</Line>
      <Line>xylophone xylophones whisky wallonne watt</Line>
      <Line>warranter wagonnets wallonnes watt watt wx</Line>
      <Line>wallonnes wallonne watt xylophone warranter</Line>
      <Line>wagonnet wagonnet wagon wagon wagon wallon</Line>
      <Line>wagon wagonnet wallonnes wallons whiskies</Line>
      <Line>whisky wx wagons whiskies xylophone whiskies</Line>
      <Line>wallonne watts wagon whiskies wallonne wallonnes</Line>
      <Line>wagon wagons wallonnes wallonnes wx wx wallons</Line>
      <Line>wagonnet wallonne wagons wagonnet wagonnet</Line>
      <Line>wallonne wagonnets wagonnet wallonnes watts</Line>
      <Line>wagons watts warranter wagons wallon xylophone</Line>
      <Line>wagonnets xylophone watts wallonne wallons</Line>
      <Line>wagons wx wx wagons waters wagon wagonnet</Line>
      <Line>waters wagon waters watt wagonnet wallons</Line>
      <Line>wallonne wallonnes waters xylophones wallon</Line>
    </Level>
    <Level>
      <NewCharacters>JF</NewCharacters>
      <Line>Florient Jobin Jacquelin Foisy Japon Jones</Line>
      <Line>France France Jacques Francine Foisy Fafard</Line>
      <Line>Jobin Jacquelin Fafard Fourier Jones Frank</Line>
      <Line>Jobin Forget Jobin Fernand Jackson Jeannine</Line>
      <Line>Japon Juneau Florient Foisy Foisy Freedman</Line>
      <Line>Julian Freedman Freedman Jackson John Jacques</Line>
      <Line>Forget Jupiter Freedman Jill Florient John</Line>
      <Line>Freedman Jacobsen Fourier France Florient</Line>
      <Line>Fernet Forget Florient Jamie Forget Jackson</Line>
      <Line>Jacquelin Fernand Forget Jacobsen Jacobsen</Line>
      <Line>Jacques Freedman Japon Freedman Juneau Jacques</Line>
      <Line>Jamie Francine Fernet Jocelyne France Frank</Line>
      <Line>Japon John Fernet Jocelyne Joynes Fernet Jacquelin</Line>
      <Line>Foisy Fernand Francine Freedman Frank Joynes</Line>
      <Line>Jamie Jude Julian Foisy Joynes Jude Jacobsen</Line>
      <Line>Florient Florient Japon Jacques Francine Fafard</Line>
      <Line>Jeannine Foisy Fourier Juneau France Japon</Line>
      <Line>Francine Jeannine Juneau Jacobsen Jacobsen</Line>
      <Line>Jacobsen Francine Fernet Frank Juneau Jupiter</Line>
      <Line>Fourier Fourier Jobin Juneau Foisy Joynes</Line>
      <Line>Freedman Francine Jocelyne Jones Jude Jackson</Line>
      <Line>Jacques Forget Florient Jackson Fernand Jacques</Line>
      <Line>Julien Jamie Jeannine John Fourier Florient</Line>
      <Line>Juneau Florient Japon John Jacquelin Jeannine</Line>
      <Line>Forget Forget Jeannine Jacquelin France Jamie</Line>
      <Line>Florient Jones Jude Freedman Jacquelin Jamie</Line>
      <Line>Frank Julien Foisy Jacquelin France Jacques</Line>
      <Line>Julien Juneau France Jill Freedman France</Line>
      <Line>Joynes Jackson John Julien Juneau Jeannine</Line>
      <Line>John France Jobin Jude Fernet Florient Florient</Line>
    </Level>
    <Level>
      <NewCharacters>MQ</NewCharacters>
      <Line>Masson Mme Mongenot Mathematica Monique Mike</Line>
      <Line>Marseille Mireille Minneapolis Mike Matlab</Line>
      <Line>Mahoney Manseau Marseille Marseille Morissette</Line>
      <Line>Masson Monique Mme Martin Mme Mike Marseille</Line>
      <Line>Masson Marseille Monique Mme Marielle Morissette</Line>
      <Line>Martin Mme Mulhouse Martin Marcoux Morin Marielle</Line>
      <Line>Monique Marcel Minneapolis Morin Martin Moshe</Line>
      <Line>Mireille Messier Manseau Maltais Mike Marseille</Line>
      <Line>Mme Maltais Monique Mme Marseille Masson Mike</Line>
      <Line>Marcel Mireille Maltais Moshe Marseille Mongenot</Line>
      <Line>Moshe Martin Morissette Mongenot Mathematica</Line>
      <Line>Messier Martin Mulhouse Manseau Monique Moshe</Line>
      <Line>Maltais Marcoux Marcoux Mulhouse Mireille</Line>
      <Line>Mathematica Martin Mireille Masson Marielle</Line>
      <Line>Moshe Morissette Matlab Masson Messier Marielle</Line>
      <Line>Manseau Marcoux Mahoney Mireille Marcoux Morin</Line>
      <Line>Morin Marielle Maltais Masson Masson Matlab</Line>
      <Line>Morin Mathematica Marcel Minneapolis Michel</Line>
      <Line>Morin Messier Martin Manseau Minneapolis Marcel</Line>
      <Line>Marseille Monique Marielle Matlab Mulhouse</Line>
      <Line>Matlab Mulhouse Messier Mongenot Maltais Marcel</Line>
      <Line>Mahoney Mathematica Marcoux Mireille Mulhouse</Line>
      <Line>Mathematica Moshe Minneapolis Marielle Marseille</Line>
      <Line>Morin Mireille Mahoney Mireille Marseille</Line>
      <Line>Marielle Marcel Minneapolis Monique Mme Mahoney</Line>
      <Line>Mongenot Marcel Manseau Masson Mme Matlab</Line>
      <Line>Mathematica Mongenot Mahoney Mulhouse Minneapolis</Line>
      <Line>Matlab Maltais Morissette Mireille Masson</Line>
      <Line>Morin Morissette Marcel Matlab Michel Minneapolis</Line>
      <Line>Marseille Martin Mahoney Mahoney Mike Masson</Line>
    </Level>
    <Level>
      <NewCharacters>KD</NewCharacters>
      <Line>Dionne King Doyon Dodge Dorval Doris Domey</Line>
      <Line>Dorval Denise Kent Drouin Dominique Dorval</Line>
      <Line>Doyon Doyon Doyon Dick Kansas Decelles Drouin</Line>
      <Line>Desjardins Dodge Kuenning Dorval Denis King</Line>
      <Line>Dominique Drouin Decelles Kent Denise Drouin</Line>
      <Line>Drouin Dominique Dorval Doris King Doris Dionne</Line>
      <Line>Dorval King Kuenning Doyon Doyon Dorval Denise</Line>
      <Line>Denise Kansas Khan Dodge Desjardins Dick Dionne</Line>
      <Line>Kuenning Dorval Kent Desjardins Decelles Dorval</Line>
      <Line>Doyon Dick Dick King Drouin Kent Denis Domey</Line>
      <Line>Domey Dorval Dumoulin Kuenning Doyon Doyon</Line>
      <Line>Dorval Denise Domey Khan Doris Desjardins</Line>
      <Line>King Kent Desjardins Dominique Doyon Dumoulin</Line>
      <Line>Decelles Doris Decelles Dionne Dionne Dionne</Line>
      <Line>Dionne Dionne Kansas Doris Doyon Drouin Kent</Line>
      <Line>Khan Desjardins Dick Doris Denis Doyon Dionne</Line>
      <Line>Dominique Khan Dorval King Khan Doyon Domey</Line>
      <Line>Dick Doris Khan Dumoulin Doyon Dick Kansas</Line>
      <Line>Dodge Dionne Kent Dumoulin Khan Kuenning Doyon</Line>
      <Line>Dumoulin Dodge Doris Kuenning Kent Desjardins</Line>
      <Line>Dumoulin Doris Doyon Drouin King Dumoulin</Line>
      <Line>Desjardins Kent Kuenning Doyon Dionne Doris</Line>
      <Line>Kansas Dorval Decelles Drouin Dorval Disney</Line>
      <Line>Kansas Dominique Kansas Denise Kent Dionne</Line>
      <Line>Kent Khan Decelles Dominique Desjardins Desjardins</Line>
      <Line>Dominique Decelles Kuenning Kuenning Dominique</Line>
      <Line>Dick Doyon King Dodge Dorval Dumoulin Decelles</Line>
      <Line>Daniel Daniel Disney Dodge Dumoulin Dick Denis</Line>
      <Line>Denise Dominique Drouin Doris Disney Kuenning</Line>
      <Line>Dominique Daniel Kansas Domey Denise Kansas</Line>
    </Level>
    <Level>
      <NewCharacters>LS</NewCharacters>
      <Line>Lamothe Laval LaSalle Lucie Sorel LaSalle</Line>
      <Line>Laugier Lavoie Lessard Lapointe Lucie Laroche</Line>
      <Line>Lachapelle Sirois Ltd Sherbrooke Lapointe</Line>
      <Line>Sun Stephen Steele Laval LaSalle Sacramento</Line>
      <Line>Leclerc Longueuil Laval Suzanne Sacramento</Line>
      <Line>Lepage Lepage Lecavalier Sun Lessard Strasbourg</Line>
      <Line>Laflamme Steele Sirois Sherbrooke Leclerc</Line>
      <Line>Leblanc Steele Ltd Lachapelle Lucie Smith</Line>
      <Line>Laval Smith Lavoie Strasbourg Sun Leclerc</Line>
      <Line>Lavoie Lepage Letarte Steele Ltd Ltd Strasbourg</Line>
      <Line>Sacramento Lepage Sirois Sirois Leblanc Laroche</Line>
      <Line>Sacramento Ltd Letarte Seattle Sherbrooke</Line>
      <Line>Longueuil LaSalle Leclerc Longueuil Letarte</Line>
      <Line>Lafontaine Linda Lafontaine Smith Lessard</Line>
      <Line>Strasbourg Shawinigan Lamothe Letarte Lamothe</Line>
      <Line>Laval Laurendeau Lamothe Laval Steele Lepage</Line>
      <Line>Lessard Lafontaine Laflamme Laflamme Laroche</Line>
      <Line>Sherbrooke Longueuil Sorel Longueuil Laurendeau</Line>
      <Line>Lessard Soucy LaSalle Laval Louise LaSalle</Line>
      <Line>Lavoie Lapointe Sorel Louis Soucy Laval Lessard</Line>
      <Line>Louise Lapointe Ltd Laroche Steele Laval Letarte</Line>
      <Line>Louise Sun Letarte Sacramento Lamothe Lucie</Line>
      <Line>Laroche Shawinigan Louise Sun Letarte Lavoie</Line>
      <Line>Lafontaine Louis Lecavalier Louise Shawinigan</Line>
      <Line>Laval Laflamme Laval Lepage Lucie Sherbrooke</Line>
      <Line>Lucie Laugier Stephen Lucie Leclerc Louis</Line>
      <Line>Laroche Longueuil Sun Leblanc Stephen Steele</Line>
      <Line>Laugier LaSalle Letarte Seattle Strasbourg</Line>
      <Line>Lessard Louise Letarte Lessard Ltd Sherbrooke</Line>
      <Line>Sherbrooke Shawinigan Lecavalier Laurendeau</Line>
    </Level>
    <Level>
      <NewCharacters>IE</NewCharacters>
      <Line>EDF IMSL IMSL Internet Internet IMSL Ethernet</Line>
      <Line>Inc Interleaf EDF Internet Inmos EDF IEEE</Line>
      <Line>Internet IMSL IMSL EDF Inc IEEE Emacs Ethernet</Line>
      <Line>Europe IEEE Internet Interleaf Isabelle EDF</Line>
      <Line>Ethernet Inmos Inc Interleaf Isabelle IMSL</Line>
      <Line>Intel Emacs Internet IMSL Emacs Intel Inmos</Line>
      <Line>Interleaf Interleaf Intel IEEE Internet Europe</Line>
      <Line>Inmos Isabelle Europe Isabelle EDF Isabelle</Line>
      <Line>Internet IMSL Emacs Intel Inc Inmos Emacs</Line>
      <Line>Inmos Inmos IMSL EDF Isabelle Ethernet Intel</Line>
      <Line>IMSL EDF Interleaf Europe Intel Interleaf</Line>
      <Line>Europe EDF EDF Inmos Interleaf Internet IEEE</Line>
      <Line>Europe IMSL Emacs Internet Interleaf Isabelle</Line>
      <Line>Interleaf Inmos Isabelle Emacs Ethernet EDF</Line>
      <Line>Europe Inc IMSL Intel Europe Ethernet Europe</Line>
      <Line>Interleaf Isabelle Isabelle Intel Isabelle</Line>
      <Line>Internet Internet Europe Inc Internet Inmos</Line>
      <Line>IEEE Intel Ethernet Intel EDF Isabelle IEEE</Line>
      <Line>EDF IEEE Interleaf Intel Interleaf Inc Emacs</Line>
      <Line>Interleaf IMSL Interleaf Europe EDF Europe</Line>
      <Line>Ethernet Europe Internet Emacs Intel IEEE</Line>
      <Line>Interleaf Emacs IEEE Internet Europe Inmos</Line>
      <Line>EDF Internet Interleaf IMSL Emacs IEEE Inmos</Line>
      <Line>Intel IEEE Inc Intel IEEE Inmos Intel Intel</Line>
      <Line>Emacs Emacs Internet IMSL IEEE Inmos Europe</Line>
      <Line>Intel Interleaf Inc Inmos Emacs IEEE EDF IEEE</Line>
      <Line>Internet IMSL Europe Internet Intel IMSL Europe</Line>
      <Line>Inc Ethernet Inc Inc IMSL IEEE Inmos Europe</Line>
      <Line>Isabelle Europe IEEE Emacs EDF Emacs Ethernet</Line>
      <Line>Interleaf Europe Ethernet Interleaf Emacs</Line>
    </Level>
    <Level>
      <NewCharacters>UR</NewCharacters>
      <Line>Roy Utah Rubin Rioux Ringuet Renato Unix Ricard</Line>
      <Line>Rochefort Rubin Rioux Rioux Rochefort Roger</Line>
      <Line>Rioux Romano Uintas Ronald Rubin Roger Uintas</Line>
      <Line>Romano Robert Ronald Riopelle Ricard Robert</Line>
      <Line>Ringuet Rochefort Robert Unix Roger Riopelle</Line>
      <Line>Uintas Renato Ronald Roger Roberge Rochefort</Line>
      <Line>Uintas Rioux Uintas Riopelle Romano RMS Rioux</Line>
      <Line>Utah Renato Roy Uintas Roy Ronald Rochefort</Line>
      <Line>Ringuet Romano Rochefort Rioux Roger Roy Uintas</Line>
      <Line>Roy Rioux Re RMS Re Robert Roberge Roger Uintas</Line>
      <Line>Utah RMS Riopelle Roberge RMS Romano Riopelle</Line>
      <Line>Roger Ringuet Uintas Raymond Ricard Ronald</Line>
      <Line>Roger Ronald Uintas Riopelle Roy Re Roger</Line>
      <Line>Utah Uintas Ricard Romano Renato Romano Uintas</Line>
      <Line>Rubin Raymond Re RMS Robert Roy RMS Uintas</Line>
      <Line>Unix Renato Uintas Romano Raymond Rioux Roy</Line>
      <Line>RMS Roy Ricard Ringuet Robert Ricard Re Robert</Line>
      <Line>Roberge Rochefort Rubin Roger Ringuet Roy</Line>
      <Line>Re Ricard Raymond Raymond Raymond Romano Rioux</Line>
      <Line>Uintas Uintas Re Ringuet Roger Uintas Rubin</Line>
      <Line>Roberge Re Raymond Riopelle Roy RMS Ringuet</Line>
      <Line>Roberge Romano Ringuet Uintas Ricard Roy RMS</Line>
      <Line>Roberge Re Utah Roberge Raymond Robert Ricard</Line>
      <Line>RMS Roger Ringuet Robert RMS Ringuet Romano</Line>
      <Line>Rubin Raymond RMS Rioux Raymond Romano Rioux</Line>
      <Line>Renato Renato Utah Romano Rochefort Roy Rochefort</Line>
      <Line>Ronald Rochefort Roger Renato Rochefort Romano</Line>
      <Line>Uintas Ronald Roger Unix Roberge Robert Re</Line>
      <Line>Renato Ronald Roberge Rioux Utah Ricard Roger</Line>
      <Line>Romano RMS Re Roberge Robert Renato Unix Roger</Line>
    </Level>
    <Level>
      <NewCharacters>HG</NewCharacters>
      <Line>Guy Houde George Georges Hubert Greg Hubert</Line>
      <Line>Georges Girard Horne George Greg Gregory Gilles</Line>
      <Line>Georges Hollerbach Goodwin Gatien Gratton</Line>
      <Line>George Gauthier Harwell GKS Gavrel Gaston</Line>
      <Line>Greg Hollerbach Gatien Harwell Gilles Guy</Line>
      <Line>Georges Gaston Gendron George Gagnon Georges</Line>
      <Line>Houde Geoffray Hubert Gavrel Gentilly George</Line>
      <Line>Gauthier Hayward Gordon Gratton Gosselin Harry</Line>
      <Line>Girard Gilles Greg Hubert Girard Gilles Hollerbach</Line>
      <Line>Georges GKS Greg Gatien George Geoff Gordon</Line>
      <Line>Hayward Gauthier Horne Guy Gendron Gordon</Line>
      <Line>Goodwin Goodwin Guy Geoffray Hz Gosselin Gauthier</Line>
      <Line>Hubert Geoffray Georges Gendron Hz Gavrel</Line>
      <Line>Gaston Hayward Horne Gavrel Hz GKS Hayward</Line>
      <Line>Ginette Gendron Houde Geoffray Geoffray Georges</Line>
      <Line>Harry Hubert Gaston Gentilly GKS Harry Geoffray</Line>
      <Line>Greg Gordon Geoffray GKS Gagnon Gaston Gratton</Line>
      <Line>Goodwin Gatien Gregory Georges Gordon Gentilly</Line>
      <Line>GKS Guy Hz Geoff Gilles Geoff Gosselin Gaston</Line>
      <Line>Gagnon Horne Gendron Gatien Harwell Gilles</Line>
      <Line>Gatien Gaston Georges Gosselin Hz Gregory</Line>
      <Line>Houde GKS Georges Ginette Gagnon Geoff Gaudreault</Line>
      <Line>Gaston Guy Goodwin Gaston Greg Gratton Gauthier</Line>
      <Line>Geoffray Hz GKS Horne Gaston Gordon Gavrel</Line>
      <Line>Gatien Harry Geoffray Geoffray Georges Harry</Line>
      <Line>Geoff Harwell Harry Hubert GKS Geoffray Hollerbach</Line>
      <Line>Horne Gendron Gilles Hz Gatien Gatien Goodwin</Line>
      <Line>Gordon Gaudreault Girard Hollerbach GKS Girard</Line>
      <Line>Gordon Goodwin Gilles Guy Georges Houde Houde</Line>
      <Line>Geoff Hubert Ginette Gratton Girard Gentilly</Line>
    </Level>
    <Level>
      <NewCharacters>NB</NewCharacters>
      <Line>Bousquet Boston BSD Bellemarre Barry Browne</Line>
      <Line>Brosseau Nelligan Boston Nelligan NFS Bousquet</Line>
      <Line>Beaulac Bescherelle Nelligan Boston Beaulac</Line>
      <Line>BSD Bellevue Bourassa Brosseau Beaulac BSD</Line>
      <Line>Bernard Beaudoin Blais Nestor Boston Bousquet</Line>
      <Line>Browne Browne Blais Nicole Nelligan Borduas</Line>
      <Line>Browne Bousquet Bellevue Bousquet Bellemarre</Line>
      <Line>Beaudoin Bousquet Nicole NFS Brian Bellemarre</Line>
      <Line>Boston Browne Benoit Borduas Boucherville</Line>
      <Line>Boyer NFS Nicole Bousquet Beaudoin Bescherelle</Line>
      <Line>Beaudoin Boucherville Boily Brian Bescherelle</Line>
      <Line>Bousquet Benoit Borduas Barry Blais Barry</Line>
      <Line>Nicole Beaulac Boyer Brosseau Nestor Bourassa</Line>
      <Line>Brosseau Bellemarre Borduas NFS Bourassa Boivin</Line>
      <Line>Beaudoin Boyer Barry Beaudoin Bourassa Boily</Line>
      <Line>Nelligan Benoit Nestor Bellevue Boily Bernard</Line>
      <Line>Bentz Benoit Bellemarre Brosseau Barry Beaudoin</Line>
      <Line>Brian Browne NFS Boivin Benoit Nestor Browne</Line>
      <Line>Brosseau Brian Boily Barry Bousquet Boucherville</Line>
      <Line>Beaulac Browne Bourassa NFS Boucherville Bentz</Line>
      <Line>Nelligan Brown Borduas Beaudoin Bellevue BSD</Line>
      <Line>Bescherelle Bescherelle Bernard Brown Nestor</Line>
      <Line>Boivin Beaulac Bellevue Boivin Bernard Bescherelle</Line>
      <Line>Bousquet Blais Boucherville BSD Bentz Blais</Line>
      <Line>Boyer Boivin Boivin Bellemarre Boston Borduas</Line>
      <Line>Brian Beaulac Boucherville Nagle Benoit Bousquet</Line>
      <Line>Boyer NFS Boily Brown Benoit Nagle Bernard</Line>
      <Line>BSD Barry Barry Beaudoin Boyer Nestor Bescherelle</Line>
      <Line>Bellemarre NFS Nagle Nestor Blais Boucherville</Line>
      <Line>Bentz Boston Brian Beaulac Brown Bellevue</Line>
    </Level>
    <Level>
      <NewCharacters>VI</NewCharacters>
      <Line>Vancouver Verville Internet Isabelle Viger</Line>
      <Line>VLSI Vancouver Verville Vancouver Isabelle</Line>
      <Line>Vancouver Isabelle Vancouver Intel Inmos Verville</Line>
      <Line>VME Interleaf Isabelle VHS Interleaf Viger</Line>
      <Line>Varennes IEEE Interleaf VME Viger Inmos Interleaf</Line>
      <Line>Interleaf IEEE Isabelle Victoriaville Victoriaville</Line>
      <Line>Inmos Inmos VME VME VLSI Verville Victoriaville</Line>
      <Line>VHS Internet Varennes Varennes VHS Viger Vancouver</Line>
      <Line>Inc IEEE Victoria Interleaf Isabelle Vincent</Line>
      <Line>IEEE Isabelle Viger Isabelle VHS Viger Isabelle</Line>
      <Line>VLSI IMSL Viger VME Internet Verville VLSI</Line>
      <Line>Victoria IMSL IEEE Isabelle Vincent Victoria</Line>
      <Line>VLSI Interleaf Victoriaville Victoria Vancouver</Line>
      <Line>Verville Interleaf Viger Verville Isabelle</Line>
      <Line>Verville VHS Vincent Intel Victoria Intel</Line>
      <Line>Interleaf Intel Vancouver IEEE Inc Victoriaville</Line>
      <Line>Victoriaville Verville IEEE Internet IEEE</Line>
      <Line>Inmos Vincent Viger IEEE Internet Intel VHS</Line>
      <Line>Inmos IEEE Interleaf Inmos Vancouver Verville</Line>
      <Line>VHS Isabelle Interleaf Intel VME Victoria</Line>
      <Line>Interleaf VHS VLSI Isabelle VLSI VLSI Varennes</Line>
      <Line>VME IMSL Vancouver Victoria Inmos VME VME</Line>
      <Line>Verville Vincent Vancouver Inmos Intel IEEE</Line>
      <Line>Internet Intel Internet Inmos Vincent Isabelle</Line>
      <Line>VME Vincent IEEE IMSL IEEE VME Vincent Intel</Line>
      <Line>Victoriaville Internet Vancouver Inmos Vancouver</Line>
      <Line>Interleaf IEEE Varennes Inmos Vincent Isabelle</Line>
      <Line>Vincent Vancouver Intel Victoria IMSL Isabelle</Line>
      <Line>Inmos Isabelle VLSI Victoriaville VHS Inc</Line>
      <Line>Interleaf Inmos IMSL IMSL Varennes Vincent</Line>
    </Level>
    <Level>
      <NewCharacters>CP</NewCharacters>
      <Line>Phaneuf CPU Corp Corp PostScript Cloutier</Line>
      <Line>Christian PostScript Provost Poussart Paul</Line>
      <Line>Paul PERL Phaneuf Christian Cousineau Croteau</Line>
      <Line>Corp Californie Coulombe Cadieux Cousineau</Line>
      <Line>Cloutier Christian Cousineau Comeau Colombie</Line>
      <Line>Christian Provost CCD Chambly Californie PCL</Line>
      <Line>Phaneuf Cloutier Casavant Paul Cloutier Canada</Line>
      <Line>Pronovost Paul CCD Chambly Carole Pellan Chambly</Line>
      <Line>PERL CCD Poussart Cambridge Coulombe Claude</Line>
      <Line>Claude Charron Californie Paul Charles PostScript</Line>
      <Line>Corp CCD Provost Phaneuf Claude Christian</Line>
      <Line>CERN Charles Casavant Californie PostScript</Line>
      <Line>Papineau Poussart PCL Cambridge Casavant Pellan</Line>
      <Line>Pennsylvanie PERL Cadieux Chambly PostScript</Line>
      <Line>Pellan CERN Phil PCL Cloutier Cousineau Pennsylvanie</Line>
      <Line>PostScript Phaneuf Poussart PostScript Claude</Line>
      <Line>Charles Pennsylvanie Californie Pennsylvanie</Line>
      <Line>Charron Croteau Canada Pennsylvanie CPU Chambly</Line>
      <Line>Colombie Canada PERL CDN Pronovost Poussart</Line>
      <Line>Casavant Claude Colombie Poussart Cloutier</Line>
      <Line>Papineau Comeau Pennsylvanie Californie Christian</Line>
      <Line>CERN CDN Poussart CDN Carole Papineau Chambly</Line>
      <Line>Christian CDN PostScript Chambly Coulombe</Line>
      <Line>CERN Californie Charles Pellan Corp Californie</Line>
      <Line>Comeau Chambly CCD Poussart PostScript Californie</Line>
      <Line>Pronovost Charron Pronovost Cousineau PostScript</Line>
      <Line>Phaneuf Cousineau CCD Comeau Phil CDN CERN</Line>
      <Line>Christian Croteau CERN CDN Paul Carole PostScript</Line>
      <Line>Californie Pierrefonds CCD CDN CERN Claude</Line>
      <Line>Papineau Carole Charron PERL Croteau Casavant</Line>
    </Level>
    <Level>
      <NewCharacters>YT</NewCharacters>
      <Line>Yves Turcotte Tessier TCP Tokyo Tokyo Turcotte</Line>
      <Line>Tokyo Yvan TCP Yolande Toronto TCP TCP Tokyo</Line>
      <Line>Todd Yves Todd Thierry Tremblay TCP Tessier</Line>
      <Line>Turcotte Yves Toulouse Toulouse Turcotte Thierry</Line>
      <Line>Tremblay Yvan Tanguay Todd TCP Thierry Yves</Line>
      <Line>Tremblay Tokyo Todd Toulouse Thierry Thibault</Line>
      <Line>Yvan Toulouse Texas Thibault Todd Tremblay</Line>
      <Line>Tremblay Thibault Turcotte Texas Texas Tanguay</Line>
      <Line>Toulouse Thierry Toronto Tessier Turcotte</Line>
      <Line>Toulouse Tanguay Todd Toulouse TCP Yves Texas</Line>
      <Line>Toronto Todd Yves Yolande Yolande Thibault</Line>
      <Line>TCP Tessier Tanguay Yolande Toronto TCP Texas</Line>
      <Line>Yves Texas Toronto Thierry Todd Toronto Toulouse</Line>
      <Line>Yvan Thierry Texas TCP Toulouse Texas Thibault</Line>
      <Line>TCP Yolande Yolande Yolande Todd Thierry TCP</Line>
      <Line>Tanguay Yolande Toulouse TCP Turcotte Toronto</Line>
      <Line>Tanguay Thibault Tokyo Toulouse Yolande Yves</Line>
      <Line>Tessier Yolande Texas Toulouse Yvan Turcotte</Line>
      <Line>Toulouse Tanguay Tessier TCP Toulouse Toronto</Line>
      <Line>Yvan Yves Todd Tessier Toulouse Todd Yvan</Line>
      <Line>Toulouse Thierry Tremblay Yolande Turcotte</Line>
      <Line>Yves Tokyo Yves Tessier Yvan Tessier Thibault</Line>
      <Line>Yves Tremblay Thierry Tanguay TCP Turcotte</Line>
      <Line>Toronto TCP Tanguay Tokyo Tokyo Thibault Thierry</Line>
      <Line>Tessier Tokyo Tessier Texas Tanguay Thibault</Line>
      <Line>Todd Tanguay Todd Thierry Turcotte Texas Yolande</Line>
      <Line>Todd Tokyo Thierry Yves Tessier Thibault Todd</Line>
      <Line>TCP Thibault Yves Thierry Turcotte Toronto</Line>
      <Line>Thierry Texas Todd Toronto Texas Yvan TCP</Line>
      <Line>Yolande Tanguay Tessier TCP Todd Tessier Thibault</Line>
    </Level>
    <Level>
      <NewCharacters>OÙ</NewCharacters>
      <Line>Ottawa Owen Owen Owen Ottawa Ontario Owen</Line>
      <Line>Ontario Ouellet Ozias Ouellet Owen Ouellet</Line>
      <Line>Ottawa Owen Ouellet Ontario Owen Ozias Owen</Line>
      <Line>Ontario Owen Ottawa Ontario Ouellet Ottawa</Line>
      <Line>Ouellet Ouellet Ozias Ouellet Ozias Ouellet</Line>
      <Line>Owen Ozias Ouellet Ottawa Ottawa Ouellet Ouellet</Line>
      <Line>Owen Ozias Ouellet Ottawa Ottawa Owen Ottawa</Line>
      <Line>Ottawa Ouellet Ozias Ontario Ouellet Owen</Line>
      <Line>Ontario Owen Ouellet Ontario Ozias Ouellet</Line>
      <Line>Ontario Owen Ouellet Owen Ouellet Ouellet</Line>
      <Line>Ozias Ontario Owen Ouellet Ontario Owen Owen</Line>
      <Line>Owen Owen Ottawa Ozias Owen Ontario Ontario</Line>
      <Line>Ouellet Ottawa Ozias Ontario Ottawa Ottawa</Line>
      <Line>Ouellet Ottawa Ouellet Ottawa Owen Ozias Ozias</Line>
      <Line>Ouellet Ozias Ottawa Ouellet Owen Owen Owen</Line>
      <Line>Ouellet Ouellet Owen Ouellet Ouellet Ottawa</Line>
      <Line>Owen Ozias Ottawa Ouellet Ottawa Owen Owen</Line>
      <Line>Ontario Ouellet Ozias Ouellet Ouellet Ontario</Line>
      <Line>Ontario Owen Ouellet Ottawa Ontario Ouellet</Line>
      <Line>Ontario Ouellet Ontario Ouellet Owen Ontario</Line>
      <Line>Ontario Ouellet Ouellet Ozias Ouellet Owen</Line>
      <Line>Ontario Ottawa Ozias Ontario Ozias Ozias Ontario</Line>
      <Line>Ottawa Ozias Ottawa Ottawa Ottawa Owen Owen</Line>
      <Line>Ozias Ouellet Ottawa Owen Ouellet Owen Owen</Line>
      <Line>Ozias Ouellet Owen Ottawa Ozias Owen Owen</Line>
      <Line>Owen Ouellet Ottawa Ouellet Ottawa Ontario</Line>
      <Line>Ozias Ouellet Ottawa Ottawa Ottawa Ontario</Line>
      <Line>Ozias Ozias Owen Ozias Ozias Ozias Ozias Ontario</Line>
      <Line>Ontario Ottawa Ontario Ontario Ouellet Ozias</Line>
      <Line>Ouellet Owen Owen Owen Owen Owen Owen Ozias</Line>
    </Level>
    <Level>
      <NewCharacters>AZ</NewCharacters>
      <Line>AAAI Audy AAAI April AutoCAD Anjou Allemagne</Line>
      <Line>Alain AAAI Alain Adoncourt Auclair AAAI Audy</Line>
      <Line>Angleterre Apple ANSI Archibald Amadeus Alfred</Line>
      <Line>Zawinski Angleterre Archibald Auclair ASCII</Line>
      <Line>Alain Zawinski Allemagne Alexandria Abbott</Line>
      <Line>Audy Angleterre Apple Aikin Anjou Amadeus</Line>
      <Line>Aubertin AutoCAD Anjou Amadeus ASCII Abbott</Line>
      <Line>Alexandrie Alfred April Angleterre Audy Angleterre</Line>
      <Line>AAAI Zawinski Angie Abbott Adoncourt Adoncourt</Line>
      <Line>Archibald Alexandria Audy Apple Apple ACM</Line>
      <Line>Alfred Allemagne ASCII Archibald Audy ACM</Line>
      <Line>Abbott Auclair Anjou Angie Alexandrie AAAI</Line>
      <Line>ASCII Allemagne Amadeus Audy April Zawinski</Line>
      <Line>ACM Angleterre Archibald Angie Allemagne AutoCAD</Line>
      <Line>Aikin Anjou Allemagne Alfred Adoncourt Alain</Line>
      <Line>Alfred Angleterre Archibald Angie ANSI Aubertin</Line>
      <Line>Apple Anjou Adoncourt Amadeus Amadeus Amadeus</Line>
      <Line>Adoncourt Apple Alfred ASCII Allemagne Aikin</Line>
      <Line>Allemagne Allemagne ANSI Anjou Alain ACM April</Line>
      <Line>Adoncourt Audy Angie Angleterre Abbott ACM</Line>
      <Line>Alain Allemagne Archibald Alexandrie ACM Zawinski</Line>
      <Line>Apple Anjou AAAI Archibald Auclair Allemagne</Line>
      <Line>Anjou ASCII ASCII AAAI Alexandria Auclair</Line>
      <Line>Alexandrie April AutoCAD Anjou AAAI Anjou</Line>
      <Line>Adoncourt Allemagne Alexandria Aikin April</Line>
      <Line>Amadeus Aikin ANSI Alfred Amadeus ANSI Alfred</Line>
      <Line>ACM Alexandria Auclair AAAI ACM Anjou ACM</Line>
      <Line>Audy AAAI ASCII Archibald ASCII Adoncourt</Line>
      <Line>Archibald Anjou Auclair Angleterre Audy Aikin</Line>
      <Line>April Anjou ANSI ACM Allemagne Alexandrie</Line>
    </Level>
    <Level>
      <NewCharacters>WX</NewCharacters>
      <Line>Wilfrid Williams Wright Wilfrid Williams William</Line>
      <Line>Wilfrid Wright William Wilfrid Wright Williams</Line>
      <Line>Wilfrid Williams Williams Williams William</Line>
      <Line>Wright Wright Wright Williams Williams William</Line>
      <Line>William William Williams Wright William Williams</Line>
      <Line>Wright William William Wright Wilfrid Wright</Line>
      <Line>Wright Williams Wilfrid William Wright William</Line>
      <Line>William Wright Williams William Wright Williams</Line>
      <Line>Wilfrid Wright Williams Williams Wright Wilfrid</Line>
      <Line>Wright Wilfrid Wright Williams Wilfrid William</Line>
      <Line>Williams Williams Williams Wright Wright William</Line>
      <Line>Wright Wright William Williams William Wilfrid</Line>
      <Line>William Williams Wilfrid Wright Wright Williams</Line>
      <Line>Wright Williams Williams Wright Wilfrid Williams</Line>
      <Line>Wilfrid Williams William Williams Williams</Line>
      <Line>Wright William Wilfrid Wright Wright Wilfrid</Line>
      <Line>Wright William Williams Wright Williams Wilfrid</Line>
      <Line>William William Williams William Wright Wright</Line>
      <Line>William Williams William Wright Williams William</Line>
      <Line>Wilfrid Williams Wright William William Williams</Line>
      <Line>Wright William Wright Williams William William</Line>
      <Line>William Wilfrid Williams Wright Wilfrid Wilfrid</Line>
      <Line>Williams Wright Williams Williams William</Line>
      <Line>Wright Williams Williams Williams Wright Williams</Line>
      <Line>Williams Wilfrid Wilfrid Wilfrid Wilfrid Wright</Line>
      <Line>Williams William William William Wilfrid Wright</Line>
      <Line>Williams Wright Wilfrid William Williams Williams</Line>
      <Line>Wright William Wilfrid William William William</Line>
      <Line>Williams Wilfrid William Wilfrid William Wilfrid</Line>
      <Line>Wilfrid Wright Wright William Williams Wilfrid</Line>
    </Level>
  </Levels>
</KTouchLecture>
