<KTouchLecture>
 <Title>Deutsch (Kurs in 9 Teilen)</Title>
 <Comment>Deutsche Trainings-Datei für KTouch, Autor unbekannt

Beinhaltet recht lange Level, keine Sonderzeichen oder Zahlen</Comment>
 <Levels>
  <Level>
   <NewCharacters>Grundstellung</NewCharacters>
   <Line>f f f f f f fff fff fff f f f f f f fff fff fff f f f f f f f fff</Line>
   <Line>j j j j j j jjj jjj jjj j j j j j j jjj jjj jjj j j j j j j j jjj</Line>
   <Line>fff jjj fff jjj jjj fff jjj fff fjf fjf fjf jfj jfj jfj fjf jfjfj</Line>
   <Line>d d d d d d ddd ddd ddd d d d d d d ddd fff jjj ddd fff jjj dddff</Line>
   <Line>djd djd djd jdj jdj jdj dfd dfd dfd fdf fdf fdf ddf ffd jdd djdfd</Line>
   <Line>k k k k k k kkk kkk kkk k k k k k k kkk ddd fff jjj kkk ddd jkjkj</Line>
   <Line>kdk kdk kdk dkd dkd dkd dkd jkj jkj jkj fkf fkf fkf kdk dkd jkjkj</Line>
   <Line>a a a a a a aaa aaa aaa a a a a a a aaa aaa aaa a a a a a a a aaa</Line>
   <Line>aaa jjj kkk aaa fff aaa ddd aaa jjj kkk aaa fff aaa ddd aaa fafaf</Line>
   <Line>ö ö ö ö ö ö ööö ööö ööö ö ö ö ö ö ö ööö ööö ööö ö ö ö ö ö ö öööjj</Line>
   <Line>ööö fff ddd ööö jjj kkk ööö fff ööö ddd ööö jjj ööö kkk ööö föfjö</Line>
   <Line>fff jjj ddd kkk aaa ööö fff jjj ddd kkk aaa ööö fff jjj ddd fjfjf</Line>
   <Line>aaa ööö ddd kkk fff jjj aaa ööö ddd kkk fff jjj aaa ööö ddd aöaöa</Line>
   <Line>adf ökj adf ökj adf ökj adf ökj adf ökj adf ökj adf ökj adf ökjök</Line>
   <Line>fda jkö fda jkö fda jkö fda jkö fda jkö fda jkö fda jkö fda jköjk</Line>
   <Line>Grundstellung</Line>
   <Line>fff jjj ddd kkk aaa ööö fff jjj ddd kkk aaa ööö fff jjj ddd kkkff</Line>
   <Line>fda jkö fda jkö fda jkö fda jkö fda jkö fda jkö fda jkö fda jköfd</Line>
   <Line>s s s s s s sss sss sss s s s s s s sss sss sss s s s s s s s sss</Line>
   <Line>sss jjj sss kkk sss ööö sss jjj sss ddd sss aaa sss ddd sss jjjss</Line>
   <Line>l l l l l l lll lll lll l l l l l l lll lll lll l l l l l l l lll</Line>
   <Line>lll fff lll ddd lll sss lll aaa lll jjj lll kkk lll ööö lll fffll</Line>
   <Line>asdf jklö asdf jklö asdf jklö asdf jklö asdf jklö asdf jklö asdfj</Line>
   <Line>fdsa jklö fdsa jklö fdsa jklö fdsa jklö fdsa jklö fdsa jklö fdsaj</Line>
   <Line>asdf jklö fdsa jklö asdf jklö fdsa jklö asdf jklö fdsa jklö asdfj</Line>
   <Line>fdsa ölkj asdf jklö fdsa ölkj asdf jklö fdsa ölkj asdf jklö fdsaö</Line>
   <Line>la la la ka ka ka sö sö sö dö dö dö la la la ka ka ka sö sö la ka</Line>
   <Line>al al al ak ak ak ös ös ös öd öd öd al al al ak ak ak ös ös öd öd</Line>
   <Line>ja ja ja da da da ja ja ja da da da ja ja ja da da da ja ja da da</Line>
   <Line>öd öd öd ja ja ja öd öd öd da da da öd öd öd ja ja ja öd öd ja ja</Line>
   <Line>fad fad fad fad las las las las fad fad fad fad las las las ja öd</Line>
   <Line>als als als als fad fad fad fad las las las las als als als öd ja</Line>
   <Line>lös lös lös lös als als als als fad fad fad fad las las las ja öd</Line>
   <Line>das das das das als als als als das als das als das als das da ja</Line>
   <Line>las las las las das das das das las das las das las das las öd da</Line>
   <Line>lös lös lös lös fad fad fad fad lös fad lös fad lös fad lös ja öd</Line>
   <Line>da das da das da das las ja las ja las ja öd ja las das fad ja öd</Line>
   <Line>ja lös ja lös ja lös lös da fad da fad da öd öd fad lös dad öd ja</Line>
   <Line>öd fad öd fad öd fad das ja das ja das ja da da lös fad lös ja öd</Line>
  </Level>
  <Level>
   <NewCharacters>e und i</NewCharacters>
   <Line>asdf ölkj fdsa jklö asdf ölkj fdsa jklö asdf ölkj fdsa jklö asdfö</Line>
   <Line>das dass lös fad dass lös als dass las lös fad dass als dass dass</Line>
   <Line>ded ded ded dej dek del deö ded deö del dek dej ded dej dek delde</Line>
   <Line>ded ded dea dea des des def def ded ded dea dea des des def defed</Line>
   <Line>ede ede ede edj edj edk edl edö edf eds ede ede edj edj edk edled</Line>
   <Line>öde öde öde ade ade ade öle öle öle ade ade öde öde ade ade alles</Line>
   <Line>alle alle alle lade lade lade alle alles lade lade alles lade las</Line>
   <Line>löse löse löse jede jede jede löse löse jede jede löse jede alles</Line>
   <Line>kik kik kik kif kid kis kia kik kia kis kid kif kik kis kia kikik</Line>
   <Line>kik kik kiö kiö kil kil kik kik kij kij kik kil kiö kil kij kikik</Line>
   <Line>iki iki ikf ikd iks ikj ikl ikö ikf ded kik ded kik ded kik dedki</Line>
   <Line>sie sie sie sei sei sei sie sie sei sei sie sie sei sei seid seid</Line>
   <Line>die die die sie sie sie die die sie sie die die sie sie die diese</Line>
   <Line>seid seid seid dies dies dies seid seid dies dies seid dies diese</Line>
   <Line>fiel fiel fiel lief lief lief fiel fiel lief lief fiel lief leise</Line>
   <Line>feil feil feil fiel fiel fiel lief lief fiel fiel feil feil fidel</Line>
   <Line>seid seid seid fiel fiel feil feil seid seid lief lief fiel fidel</Line>
   <Line>dies dies lief feil seid seid feil lief fiel dies seid dies leise</Line>
   <Line>ideal ideal ideal fidel fidel fidel ideal ideal fidel fidel ideal</Line>
   <Line>leise leise leise ideal ideal ideal leise leise ideal leise fidel</Line>
   <Line>alles alles alles leise leise leise alles alles leise alles leise</Line>
   <Line>feil feil feil seid seid seid dies dies dies fiel fiel fiel fidel</Line>
   <Line>seid fiel dies feil dies fiel seid feil fiel seid dies seid leise</Line>
   <Line>diese diese diese leise leise leise diese diese leise leise diese</Line>
   <Line>leise leise diese diese lasse lasse leise lasse diese lasse leise</Line>
   <Line>diese leise lasse diese leise lasse lasse leise diese leise lasse</Line>
   <Line>ideal ideal ideal fidel fidel fidel ideal ideal fidel fidel ideal</Line>
   <Line>alles alles alles ideal ideal ideal alles alles ideal ideal alles</Line>
   <Line>las lasse das dass las lasse das dass las lasse das dass las dass</Line>
   <Line>jede jede ödes ödes dass dass jede jede ödes ödes dass dass lasse</Line>
  </Level>
  <Level>
   <NewCharacters>Komma</NewCharacters>
   <Line>asdf jklö desa kilö fesa jilö asdf jklö desa kilö fesa jilö desak</Line>
   <Line>als die all sie sei das las die all als sei sie las das all leise</Line>
   <Line>kik k,k kik k,k k,ö k,l k,k k,j k,k k,l k,ö k,j kik k,k k,ö kik,k</Line>
   <Line>ak, sk, dk, fk, jk, lk, ök, ak, sk, dk, fk, jk, lk, lk, ak, sk,kö</Line>
   <Line>da, da, da, ja, ja, ja, je, je, je, öd, öd, öd, da, ja, je, dies,</Line>
   <Line>sie, sie, sie, sei, sei, sei, sie, sie, sei, sei, sie, sei, dies,</Line>
   <Line>fiel, fiel, fiel, feil, feil, feil, fiel, fiel, feil, feil, fiel,</Line>
   <Line>es sei, löse es, lade es, sei leise, sei fidel, lies leise, dies,</Line>
   <Line>sie sei fidel, lies das alles leise, es sei ideal, lies es, fiel,</Line>
   <Line>lade es, lade dies, lade dies allei, löse dies, löse alles, seid,</Line>
   <Line>fdsa jklö asdf ölkj fdsa jklö asdf ölkj fdsa jklö asdf ölkj fdsaj</Line>
   <Line>ded kik def kij des kil dea kiö ded kik def kij des kil dea kikde</Line>
   <Line>da, da, ja, ja, es, es, öd, öd, je, je, es, es, da, da, öd, lade,</Line>
   <Line>da, ja, ed, öd, je, ed, da, öd, ed, je, da, je, ja, öd, da, löse,</Line>
   <Line>elf, elf, des, des, öde, öde, ade, ade, des, des, öde, elf, ödes,</Line>
   <Line>elf, des, öde, ade, des, öde, elf, ade, des, elf, öde, ade, seid,</Line>
   <Line>seid, seid, dies, dies, eile, eile, dies, dies, seid, seid, eile,</Line>
   <Line>seid, dies, eile, dies, seid, eile, dies, eile, seid, dies, seid,</Line>
   <Line>fiel, fiel, lief, lief, feil, feil, fiel, fiel, lief, lief, feil,</Line>
   <Line>fiel, lief, feil, fiel, lief, feil, lief, fiel, lief, feil, lief,</Line>
   <Line>lies, lies, jede, jede, lade, lade, alle, alle, jede, jede, lade,</Line>
   <Line>lies, jede, lade, alle, jede, lies, alle, lade, lies, jede, lies,</Line>
   <Line>leise, leise, alles, alles, fidel, fidel, leise, leise, je, alle,</Line>
   <Line>leise, alles, fidel, alles, fidel, leise, alles, leise, je, lies,</Line>
   <Line>löse es, löse das, löse alles, löse das, löse es, löse das, löse,</Line>
   <Line>lies alles, lies das alles, sei leise, sie las leise, ideal, lies</Line>
   <Line>jede las leise, jede las das alles leise, es sei ideal, als, jede</Line>
  </Level>
  <Level>
   <NewCharacters>r und u</NewCharacters>
   <Line>asdf, jklö, desa, jilö, fesa, jilö, asdf, jklö, desa, kilö, desa,</Line>
   <Line>da, ja, es, öd, je, es, da, öd, je, ja, es, öd, ja, je, da, ödes,</Line>
   <Line>ded frf frf frf frj frk frl fri frf frd frs fra frf fri fra dedfr</Line>
   <Line>dir dir dir dar dar dar dir dir dar dar dir dar dir dar dir leere</Line>
   <Line>leer leer leer reif reif reif leer leer reif reif leer reif reife</Line>
   <Line>aller aller aller reise reise reise aller aller reise reise aller</Line>
   <Line>freie freie freie klare klare klare freie freie klare klare freie</Line>
   <Line>jeder jeder jeder raffe raffe raffe jeder jeder raffe raffe jeder</Line>
   <Line>kik juj juj juj juf jud jus jua juj juk jul juö juj juk jul kikju</Line>
   <Line>aus aus aus auf auf auf aus aus auf auf aus auf aus auf aus laufe</Line>
   <Line>faul faul faul rufe rufe rufe faul faul rufe rufe faul rufe faule</Line>
   <Line>kaufe kaufe kaufe laufe laufe laufe kaufe kaufe laufe laufe kaufe</Line>
   <Line>dulde dulde dulde freue freue freue dulde dulde freue freue dulde</Line>
   <Line>flaue flaue flaue dulde dulde klare klare flaue dulde klare flaue</Line>
   <Line>sause sause sause sauer sauer sauer raufe raufe raufe sause sauer</Line>
   <Line>sauer sauer raufe raufe sause sause sauer raufe sause sauer raufe</Line>
   <Line>dar darauf darauf darauf daraus daraus daraus darauf daraus drauf</Line>
   <Line>dir dauere dauere dauere leeres leeres leeres dauere leeres leere</Line>
   <Line>rar erlasse erlasse erlasse erfasse erfasse erfasse erlasse fasse</Line>
   <Line>liefere liefere liefere darauf darauf darauf liefere leider lasse</Line>
   <Line>leider leer, leider flau, leider faul, leider leer, liefere alles</Line>
   <Line>alles frei, alles klar, alles reif, alles leer, erfasse das, klar</Line>
   <Line>er rufe, er rufe es, er rufe dir, er dulde es, sie dulde es, dass</Line>
   <Line>er lasse, er lasse es, er erlasse das, er fasse, er erfasse alles</Line>
   <Line>alles klar, alles frei, alles reif, alles leer, erfasse das klar,</Line>
   <Line>er dulde, er dulde es, rede leise, sie rief aus, er liefere alles</Line>
   <Line>er kaufe, kaufe alles, kaufe alles auf, sie kaufe alles auf, alle</Line>
   <Line>liefere dies, liefere alles, liefere es, liefere alles aus, rufe,</Line>
   <Line>rufe das aus, rufe dies aus, rufe dies alles aus, rufe aus, alles</Line>
   <Line>erlasse es, erlasse dies, erlasse dieses, leider dies alles leer,</Line>
  </Level>
  <Level>
   <NewCharacters>g und h</NewCharacters>
   <Line>asdedfrf ölkikjuj frfdedsa jujkiklö asdedfrf ölkikjuj jk,kl kik,k</Line>
   <Line>frei, leer, lies, klar, darf, faul, frei, leer, lies, klar, darf,</Line>
   <Line>fgf fgf fgf fgö fgl fgk fgj fgf fga fgs fgd fgf fga fgs fgd fgfgf</Line>
   <Line>gfa gfs gfd gfg gri gri gru gru gre gre gri gru gre gri gru grgrg</Line>
   <Line>lag lag lag gar gar gar lag lag gar gar lag lag gar gar lag klage</Line>
   <Line>klug klug klug sage sage sage klug klug sage sage klug sage kluge</Line>
   <Line>grau grau grau karg karg karg grau grau karg karg geau karg graue</Line>
   <Line>griff griff griff grell grell grell griff griff grell grell griff</Line>
   <Line>jhj jhj jhj jha jhs jhd jhf jhj jhö jhl jhk jhö jhl jhk jhö jhjhj</Line>
   <Line>hjö hjl hjk hjö hjl hjk hjö jhj jhk jhl jhö hjö hjl hjk hjh öjhjö</Line>
   <Line>aha aha aha sah sah sah her her her aha aha sah sah her her helle</Line>
   <Line>ehe ehe ehe ihr ihr ihr ehe ehe ihr ihr her her sah ehe ihr ihrer</Line>
   <Line>kahl kahl kahl fahl fahl fahl kahl kahl fahl fahl kahl kahl kahle</Line>
   <Line>hell hell hell ihre ihre ihre sehr sehr sehr hell ihre sehr helle</Line>
   <Line>ruhig ruhig ruhig fahre fahre fahre ruhig ruhig fahre fahre ruhig</Line>
   <Line>leihe leihe leihe siehe siehe siehe leihe leihe siehe siehe leihe</Line>
   <Line>herauf herauf heraus heraus herauf herauf heraus herauf geduldige</Line>
   <Line>gehöre gehöre gehöre ruhige ruhige ruhige gehöre ruhige religiöse</Line>
   <Line>lehre lehre lehre heile heile heile lehre lehre heile heile lehre</Line>
   <Line>helle helle helle graue graue graue helle helle graue graue helle</Line>
   <Line>sehr diesig, sehr eifrig, sehr gierig, sehr grell, er lieh alles,</Line>
   <Line>gerade heraus, gerade erfuhr er es, gerade lieh er das alles aus,</Line>
   <Line>es sei eilig, es sei sehr eilig, es sei eiliger, er erfahre dies,</Line>
   <Line>siehe her, siehe herauf, siehe hierher, es lag, das lag hier aus,</Line>
   <Line>erledige das, erledige alles, erledige es freudig, höre eilig auf</Line>
   <Line>hilf ihr, es sei sehr heil, dies sei ruhig, sie sei hier ruhiger,</Line>
   <Line>das sei sehr hell, das sei arg, sie erfuhr es, er erfuhr es hier,</Line>
   <Line>er fuhr ruhig, er fuhr ruhiger, lege es heraus, hier lag das aus,</Line>
   <Line>sie las eifrig, sie las das alles sehr eifrig, er las das eifrig,</Line>
   <Line>das sei grell, dies sei greller, da lag es, er griff es hier auf,</Line>
  </Level>
  <Level>
   <NewCharacters>t und z</NewCharacters>
   <Line>frfgf jujhj asded ölkik jk,kö frfgf jujhj asded ölkik jk,kö frf,f</Line>
   <Line>jage, half, lege, hell, sage, kahl, fege, sehr, rege, hilf, grau,</Line>
   <Line>frf ftf ftf ftf frf fta fts ftd fta fts ftd tfö tfl tfk tfj frftf</Line>
   <Line>hat hat hat tut tut tut hat hat tut tut hat tut tut hat tut hatte</Line>
   <Line>gut gut gut tat tat tat gut gut tat tat gut tat tat gut tat gutes</Line>
   <Line>kalt kalt kalt tief tief tief laut laut laut hart hart hart kalte</Line>
   <Line>riet riet riet erst erst erst riet riet erst erst riet erst erste</Line>
   <Line>alte alte alte fast fast fast alte alte fast fast alte fast altes</Line>
   <Line>juj jzj jzj jzj juj jzj jzö jzl jzk jzö jzl jzk jzö zjl zjk jujzj</Line>
   <Line>kurz kurz kurz zart zart zart kurz kurz zart zart kurz zart kurze</Line>
   <Line>zielt zielt zielt sitzt sitzt sitzt zielt zielt sitzt sitzt zielt</Line>
   <Line>geizig geizig geizig zögert zögert zögert geizig zögert zersetzte</Line>
   <Line>zerfiel zerfiel zerfiel zergeht zergeht zergeht zerfiel zerstreut</Line>
   <Line>hitzige hitzige hitzige heftige heftige heftige hitzig dreisitzig</Line>
   <Line>jetzt jetzt jetzt ritzt ritzt ritzt jetzt jetzt ritzt ritzt jetzt</Line>
   <Line>zerstreut zerstreut zerstreut zersetzte zersetzte zerstreut zerrt</Line>
   <Line>ehrgeizig ehrgeizig ehrgeizig ersetztes ersetztes kulturell sitzt</Line>
   <Line>zuletzt zuletzt zuletzt zuerst zuerst zuerst zuletzt zuerst herzu</Line>
   <Line>reduziert reduziert reduziert kulturell kulturell kulturell ziert</Line>
   <Line>heftig gestört, heute erzielt, heftig gestört, er zahlt es jetzt,</Line>
   <Line>erst reduziert, es ist heiter, erst reduziert, sie zögerte jetzt,</Line>
   <Line>zuerst ersetzt, sie liest gut, zuerst ersetzt, er ist jetzt hier,</Line>
   <Line>zeige das, zeige es klar, du hast gehört, du hattest alles gehört</Line>
   <Line>leite es, leite es gut, leite alle gut, er hat alles gut geleitet</Line>
   <Line>er zahlte es, er zahlte alles aus, er zahlte alles erst jetzt aus</Line>
   <Line>sie teilt es auf, er teilt es jetzt auf, er teilt jetzt alles auf</Line>
   <Line>er hat alles ersetzt, sie hatte alles gut ersetzt, er hatte dies,</Line>
   <Line>du hast alles gehört, du hattest alles gut gehört, sie sagte aus,</Line>
   <Line>sie sagte es klar, sie sagte das alles sehr klar, er hört darauf,</Line>
   <Line>er hat gezahlt, er hat jetzt gezahlt, sie hat es jetzt ausgezahlt</Line>
  </Level>
  <Level>
   <NewCharacters>v und m</NewCharacters>
   <Line>asded frfgf ölkik jujhj frftf jujzj jk,kö ök,kj frftf jujzj jk,kö</Line>
   <Line>satt, zart, gute, zage, rate, zart, riet, zage, treu, zart, rate,</Line>
   <Line>frf fvf fvf fvf fvö fvl fvk fvj fva fvs fvd fvf fvd fvs fvs fvfvf</Line>
   <Line>viel viel viel vier vier vier viel viel vier vier viel vier viele</Line>
   <Line>verlas verlas verlas versah versah verlas verfasse verliere viele</Line>
   <Line>verzeiht verzeiht verkehrt verkehrt verödet verödet verödet aktiv</Line>
   <Line>verzagte verzagte verzagte verhörte verhört verhört verdaut aktiv</Line>
   <Line>aktiver aktiver aktiver relativ relativ relativ aktiv vegetatives</Line>
   <Line>juj jmj jmj jmj jma jms jmd jmf jmö jml jmk jmj jmö jml jmk jmjmj</Line>
   <Line>dem dem dem kam kam kam mag mag mag dem dem kam kam mag mag mager</Line>
   <Line>mir mir mir arm arm arm mit mit mit mir mir arm arm mit mit armes</Line>
   <Line>mehr mehr mild mild male male mehr mild male male mild mehr milde</Line>
   <Line>merke merke immer immer fremd fremd merke immer fremd merke fremd</Line>
   <Line>filme filme emsig emsig mager mager filme emsig mager filme emsig</Line>
   <Line>vermeide vermeide vermerke vermerke vermeide vermerke jedem merke</Line>
   <Line>vermehrt vermehrt vermehrt verfilme verfilme verfilme milde filme</Line>
   <Line>verfiel immer mehr, verlief immer mild, verriet heute immer mehr,</Line>
   <Line>vieles ist gefilmt, vielerlei merkt er, er vermittelte mir alles,</Line>
   <Line>vermittle es heute, sie verliert heute, höre jetzt aufmerksam zu,</Line>
   <Line>hier malt er emsig, du vermittelst das, sie ist hier vökkig fremd</Line>
   <Line>merke dir dies gut, verkaufe das heute, verleihe das alles heute,</Line>
   <Line>er hat das gemerkt, er verkaufte alles, sie verliest jetzt alles,</Line>
   <Line>melde es mir heute, melde es ihm, melde es heute, meldet es jetzt</Line>
   <Line>lies aufmerksam, lies immer aufmerksam, leite es jetzt aufmerksam</Line>
   <Line>vermittle es, vermittle es ihm, vermeide das, vermeide dies heute</Line>
   <Line>er vermag es, dies ist relativ, er verteilte meist alles sehr gut</Line>
   <Line>dies ist seltsam, diea alles ist sehr seltsam, verleihe es heute,</Line>
   <Line>hier verkauft er viel, sie verkaufte hier mehr, das mag er jetzt,</Line>
   <Line>sie vermittelt es, sie vermittelte es mehrmals, merke dir das gut</Line>
   <Line>er merkt alles, er vermerkte das meiste, sie verlieh heute alles,</Line>
  </Level>
  <Level>
   <NewCharacters>b und n</NewCharacters>
   <Line>frf fvf juj jmj frfvf jujmj fgf jhj frf fvf juj jmj k,k k,ö frfvf</Line>
   <Line>am, im, mit, mir, mag, mal, mehr, viel, immer, jedem, damit, mir,</Line>
   <Line>fvf fbf fbf fbf fbö fbl fbk fbj fvf fbf fbd fbs fba fbs fbd fvfbf</Line>
   <Line>bis bis bis bei bei bei bis bis bis bei bei bis bis bei bis bilde</Line>
   <Line>beim beim halb halb aber aber bald bald beim halb aber bald halbe</Line>
   <Line>fbfrf fbfr fbr bri briet briet breit breit brav brav breite brave</Line>
   <Line>frfbf frfb frb arb arbeite arbeite arbeitet verdarb verdarb erbe,</Line>
   <Line>fbftf fbft fbt ibt gibt gibt gibt lebt lebt lebt labt lebte labte</Line>
   <Line>jmj jnj jnj jnj jna jns jnd jnf jnö jnl jnk jnj njö jnl njk jnjnj</Line>
   <Line>den den den ein ein ein neu neu neu den den ein ein neu neu einen</Line>
   <Line>sein sein kein kein lang lang mein mein sein kein lang mein seine</Line>
   <Line>allen allen gegen gegen einen einen allen gegen einen allen gegen</Line>
   <Line>gehen gehen dient dient ihren ihren gehen dient ihren gehen dient</Line>
   <Line>sagen sagen sehen sehen keine keine sagen sehen keine sagen sehen</Line>
   <Line>geben geben geben haben haben haben geben geben haben haben geben</Line>
   <Line>neben neben neben leben leben leben neben neben leben leben neben</Line>
   <Line>binden binden binden darben darben darben binden darben mag binde</Line>
   <Line>antik antik antik beige beige beige antik antik beige beige antik</Line>
   <Line>unfair unfair unfair genial genial genial unfair genial unfair ab</Line>
   <Line>abstrakt abstrakt abstrakt basieren basieren basieren abstrakt ab</Line>
   <Line>sie halten nun immer daran fest, sie halten nun immer daran fest,</Line>
   <Line>er behandelt es als eilig, sie behandeln es heute als sehr eilig,</Line>
   <Line>sie dankten, sie bieten, sie sehen es ein, sie bitten jetzt darum</Line>
   <Line>sie senden, sie geben, sie kennen, sie beten, sie behandelten es,</Line>
   <Line>sie können es, sie kann viel, sie könnten es aber heute verlieren</Line>
   <Line>jetzt bitten sie darum, jetzt hört sie, jetzt lernen sie es aber,</Line>
   <Line>er arbeitet mit, sie arbeitet nit, alle arbeite, jetzt immer mit,</Line>
   <Line>er diktiert gut, sie diktiert gut, alle diktieren jetzt aber gut,</Line>
   <Line>er behandelt es, sie behandelt es, alle behandeln es jetzt eilig,</Line>
   <Line>er lernt eifrig, sie lernt eifrig, alle lernen jetzt aber eifrig,</Line>
  </Level>
  <Level>
   <NewCharacters>Punkt</NewCharacters>
   <Line>asdfbf ölkjnj fbfdsa jnjklö frfded jujkik fvfbfv jmjnjm k,k k,k,k</Line>
   <Line>an, ab, in, im, er, es, an, ab, in, im, er, es, an, ab, in, ihre,</Line>
   <Line>jmj k,k l.l l.l l.l l.a l.s l.d l.f l.j l.k l.ö l.j l.k l.j l.l.l</Line>
   <Line>ab, ab. er, er. im, im. in, in. ab. er. im. in. ab. er. im. Aber.</Line>
   <Line>bis, bis. die, die. mir, mir. sei, sei. mir, mir. die, die. Dies.</Line>
   <Line>ihr, ihr. ihn, ihn. her, her, hin, hin. ihr. ihn. her. hin. Nein.</Line>
   <Line>vier, vier. viel, viel. gelb, gelb. vier. viel. gelb. viel. Gelb.</Line>
   <Line>können, können. stehen, stehen. binden, binden. sein. Anderseits.</Line>
   <Line>eignen, eignen. dienen, dienen. andere, andere. kein. Verbreitet.</Line>
   <Line>gemein, gemein. gesagt, gesagt. besser, besser. nein. Verbessert.</Line>
   <Line>stellt, stellt. breite, breite. dauert, dauert. fein. Unangenehm.</Line>
   <Line>bringt, bringt. bittet, bittet. meinte, meinte. neue. Verkauften.</Line>
   <Line>sie können es erfahren, bestimmt können sie heute alles erfahren.</Line>
   <Line>sie sind gut trainiert, allerdings sind jetzt alle gut trainiert.</Line>
   <Line>alle arbeiten gern mit, seitdem arbeitete sie aber immer gut mit.</Line>
   <Line>es ist ganz klar bestimmt, das ist jetzt aber ganz klar bestimmt.</Line>
   <Line>sie könnte dazu beitragen, sie hatte immer viel dazu beigetragen.</Line>
   <Line>frf juj ftf jzj fgf jhj fvf jmj fbf jnj frf juj ftf jzj fgf jujzj</Line>
   <Line>fbfvfdsa jnjmjklö fbfvfdsa jnjmjklö fbfvfdsa jnjmjklö fbfvf jnjmj</Line>
   <Line>ftfrfded jzjujkik ftfrfded jzjujkik ftfrfded jzjujkik ftfrf jzjvj</Line>
   <Line>aber dann jede sein kein mein mehr denn hier bald gute halb beste</Line>
   <Line>neue seid vier fest halt lebe gebe hebe alle leer kann ihre neues</Line>
   <Line>feine danke blaue liebe bitte genau lange gegen sende gönne reine</Line>
   <Line>jetzt merke nehme ganze hatte dabei lerne kenne darum kaufe binde</Line>
   <Line>klage, klage. neues, neues. altes, altes. meine, meine. sein, ja.</Line>
   <Line>bauen, bauen. trage, trage. fahre, fahre. denke, denke. dein, ab.</Line>
   <Line>sagen, sagen. hörte, hörte. halbe, halbe. fange, fange. mein, an.</Line>
   <Line>bestimmt hielt sie daran fest. bestimmt halten sie es jetzt fest.</Line>
   <Line>dies ist ganz klar festgelegt. es ist jetzt aber klar festgelegt.</Line>
   <Line>er kann hierzu aber beitragen. alle könnten heute dazu beitragen.</Line>
  </Level>
 </Levels>
</KTouchLecture>
