<?xml version="1.0" encoding="UTF-8"?>
<RasytiLecture>
<Title>Greek (simple)</Title>
<Comment>created by Manfred Schulenburg</Comment>

<Levels>

<Level>
<NewCharacters>φξ</NewCharacters>
<Line>φξ φξ φξ φξ φξ φξ φξ φξ φξ φξ φξ φξ φξ φξ φξ φξ φξ φξ φξ φξ φξ φξ φφ ξξξ ξφ ξφξ</Line>
<Line>ξξξ φξξφ ξφξ φξξφ φ ξ φξξ ξφφ ξ φξξ ξφ ξξξ φξξφ φ φ φξφ φξξφ ξφφ ξξξ φφ ξφ φξξφ</Line>
</Level>


<Level>
<NewCharacters>δκ</NewCharacters>
<Line>δκδκ δκδκ δκδ δκδκ δκδκ δκδκ δκδκ δκδκ δκδκ δκδ δκδκ κδκ δκδκ</Line>
<Line>κδκδ δκδκ κδκδ δκδκ κδδ δκκ κδδ δκδκ κδκδ δκδκ κδκδ δκδκ κδκδ</Line>
</Level>


<Level>
<NewCharacters>σλ</NewCharacters>
<Line>σλσλ σλσλ σλσλ λσλσ σλσλ σλσλ σλσλ σλσλ λσλσ λσλσ σλσλ σλσλ λσλσ σ λ λσλσ</Line>
<Line>λσλσ σλσλ λσλσ σλσλ σλσλ λσλσ σλσλ λσλσ σλσλ σλσλ λσλσ σλσλ φλ σ λλσλσλσ</Line>
</Level>


<Level>
<NewCharacters>γη</NewCharacters>
<Line>γηγη γηγη ηγηγ γηγη γηγη ηγηγ ηγη ηηγ γηηγηγγη γηγη γηγ γηγη ηγηγ γηγη</Line>
<Line>ηγηγ γηγη ηγηγ γηη ηγηγ γηγη γηγη γηγη ηγηγ ηγηγ γηγη γηγη γηγη ηγηγ</Line>
</Level>



<Level>
 <!-- 5 -->
<NewCharacters>αά</NewCharacters>
<Line>αά αάαά αά αάαά αά αά αάαά αά αάαά αάαά αάαά αά αάαά αάαά αάαά αάαά αά</Line>
<Line>αά αάά αά αάα αά αά άαά αά ααά αάαά ααά αά αάαά αάαά ααά αάαά αά</Line>
</Level>


<Level>
 <!-- 6 -->
<NewCharacters>ρθ</NewCharacters>
<Line>ρθρθ ρθ ρθρ θρρθρ θρθρ θρθρθρθ θρθρ ρθρ θρθρθρθ ρθρθρθ ρθρ θρθρθ θρ θρθρθ</Line>
<Line>ρθρθ ρθρ θρθρθρθρθρ θρ θρθρθρθρθ ρθρρθρ ρθ ρθ ρθρθ ρθρθ ρθρθ ρθρθρ θρθθ</Line>
</Level>


<Level>
 <!-- 7 -->
<NewCharacters>τυ</NewCharacters>
<Line>τυτυ τυ τυτ υτ υτ υτυ τ τυ τυττ υυ τυ τυτυ ττυυ τυ τυτυτ τυ τυτ υτ υτυ τυτ υτυ</Line>
<Line>τυτυ τυ τυ τ υ τυτυ τυ τυτ υτ υτ υτυ τ τυ τυττ υυ τυ τυτυ ττυυ τυ τυτυτ τυ τυτ υτ</Line>
</Level>



<Level>
 <!-- 8 -->
<NewCharacters>ει</NewCharacters>
<Line>ει ειει ειε ιειειε ιει ειε ιειειε ιει ειε ιιειε ιειε ιε ιε ιειε ιε ιε ιει</Line>
<Line>ειε ιεεε ιει ε ιε ιειειε ιει ειε ιιειε ιειε ιε ιε ιειε ιειε ιειειε ιε ιει</Line>
</Level>


<Level>
 <!-- 9 -->
<NewCharacters>ος</NewCharacters>
<Line>ος ος οςοςο ςοςο ςοςος οος ςςο ςος ος οςο ςος ος ο ς ος ο ςος</Line>
<Line>οςοςο ςοςο ςοςοςος ος ος ςςο ςος ος οςο ος ος ςος ος ο ς ος ο</Line>
</Level>


<Level>
<NewCharacters>π;</NewCharacters>
<Line>π; ;π;π; π;π ;π ;π;π;π ;π ;π ;π;π ;π ;π ;π;π ; π;π ;π;</Line>
<Line>π;; π;π ;; π;π ;π; π;π; π; π;π; π; π; π ; π; π ; π;π</Line>
</Level>


<Level>
<NewCharacters>ωμ</NewCharacters>
<Line>ωμω μωω ω μ ωμ ω μω μωμ ωμωμ ωμ ωμ ωμ ωμω μω μωμ ωμω μωμω μ ωμ ωμω μ</Line>
<Line>ωμ ωω ω μωμ ω μω μωμ ωμμ ωμ ωμωμ ω μω ω μω μ ωμω μωμω μ ωμ ωμωμ</Line>
</Level>


<Level>
<NewCharacters>βν</NewCharacters>
<Line>βνβ νββ β ν βν β νβ νβν βνβν βν βν βν βνβ νβ νβν βνβ νβνβ ν βν βνβ ν</Line>
<Line>βν ββ β νβν β νβ νβν βνν βν βνβν β νβ β νβ ν βνβ νβνβ ν βν βνβν</Line>

</Level>

<Level>
<NewCharacters>ψ,</NewCharacters>
<Line>,ψ, ψ,, , ψ ,ψ , ψ, ψ,ψ ,ψ,ψ ,ψ ,ψ ,ψ ,ψ, ψ, ψ,ψ ,ψ, ψ,ψ, ψ ,ψ ,ψ, ψ</Line>
<Line>,ψ ,, , ψ,ψ , ψ, ψ,ψ ,ψψ ,ψ ,ψ,ψ , ψ, , ψ, ψ ,ψ, ψ,ψ, ψ ,ψ ,ψ,ψ</Line>
</Level>



<Level>
<NewCharacters>χ.</NewCharacters>
<Line>χ.χ .χχ χ . χ. χ .χ .χ. χ.χ. χ. χ. χ. χ.χ .χ .χ. χ.χ .χ.χ . χ. χ.χ .</Line>
<Line>χ. χχ χ .χ. χ .χ .χ. χ.. χ. χ.χ. χ .χ χ .χ . χ.χ .χ.χ . χ. χ.χ.</Line>

</Level>

<Level>
<NewCharacters>ζ;</NewCharacters>
<Line>ζ;ζ;ζ;; ζ;ζ; ζ; ζ; ζ;ζ ζ ;ζ ;ζ ;ζ; ζ;; ;ζ; ζ;ζ; ;ζ; ζ;ζ ζζ; ζζ ;ζ ;ζ; ζ ;ζ; ζ;</Line>
<Line>ζ; ζ ; ζ;ζ ;;ζ ; ζ; ζ;ζ ;ζ; ζ; ζ;ζ ζ; ζ ;ζ ;ζ;ζ ;ζ ζζ ;ζ ;ζ; ζ;ζ</Line>
</Level>


 </Levels>
</RasytiLecture>
