<?xml version="1.0" encoding="UTF-8"?>
<RasytiLecture>
<Title>Greek</Title>
<Comment>created by Manfred Schulenburg</Comment>

<Levels>

<Level>
<NewCharacters>φξ</NewCharacters>
<Line>φξ φξ φξ φξ φξ φξ φξ φξ φξ φξ φξ φξ φξ φξ φξ φξ φξ φξ φξ φξ φξ φξ φφ ξξξ ξφ ξφξ</Line>
<Line>ξξξ φξξφ ξφξ φξξφ φ ξ φξξ ξφφ ξ φξξ ξφ ξξξ φξξφ φ φ φξφ φξξφ ξφφ ξξξ φφ ξφ φξξφ</Line>
<Line>ξξξ φ ξ ξξξ ξξ φφ φξφ φξξ φ φ φφ ξξξ ξξ φξφ φ φφ φ φξξφ φξξ φξξ φ ξ φξφ φ ξξ ξξ</Line>
<Line>φξφ φξξ φ ξφ ξ ξφ ξ φξξ φξξφ ξξ ξφφ φ ξφφ ξφφ ξ φ ξ φ ξφφ φ ξξξ ξ φξφ φ φξξφ ξ ξφφ</Line>
<Line>ξφφ ξφφ φ φξφ ξξ ξξ φ ξφξ ξ φξξ ξξξ ξφφ ξξ φξξ ξφξ φ φξξ φξξφ ξξ ξξ ξφ ξφφ φφ φ ξφ</Line>
<Line>φ ξ φφ ξξ ξ φξφ ξφξ ξξ ξξ ξφ ξ φ ξ φφ ξ φξξφ ξφφ φ φξξ ξφφ ξ ξφ φξφ ξ φξξφ φξξ ξ ξξ</Line>
<Line>ξφ φ φξξ ξ ξ ξξξ ξξ ξφ ξ φφ φξφ ξξ ξξξ φφ ξφ ξ ξξξ φ φφ φφ ξ ξφ ξξξ ξφφ ξφφ φ ξφ ξ ξφξ</Line>
<Line>ξφξ ξφφ φ φ ξ ξ ξ φ φ ξξ ξξξ φ φξξ ξ φξξφ φξξ φ φξξφ φξφ φφ φ ξφ φξξφ φξξ φξξ ξ φ ξφ φ</Line>
<Line>φ φξξφ ξφ ξξξ φ φξξφ φξξφ ξ ξ φ ξφξ φ ξξξ ξ φ φξξφ φ ξ ξξ ξξ φξξ φξξφ φ φ ξφφ ξξ ξφφ φ ξ</Line>
<Line>ξφ ξ ξφξ ξ φξξφ ξφφ φφ φξξ φ ξ φ ξ φ φ ξξ φ φξξ ξφ ξξξ φξξφ ξ φ φ ξξ ξξ ξξξ φφ ξ φξφ φ φξξ</Line>
<Line>ξξ ξφ ξξ ξφξ ξφφ φξξ ξφ ξξ ξφ ξφ ξξ ξξ φ φξξφ ξφ ξ φ φξξφ φφ ξξξ ξφ φξφ ξξ φξξφ φ ξφφ</Line>
<Line>φ ξξ φφ ξφξ ξξ ξ ξφξ ξξ φ ξξ ξξ ξφ ξφ ξξ ξξξ ξφξ ξ ξφξ ξξξ ξφξ ξφ ξξξ ξ ξ ξφ ξφξ φξξ</Line>
<Line>ξφ ξφξ ξξξ ξφ φφ φφ ξφφ φ φξξ ξφξ ξ ξφξ ξξ ξξξ ξφ φ φξξφ ξ φφ ξξξ ξφξ ξφφ ξφφ φ φξξφ φξξ</Line>
</Level>

<Level>
<NewCharacters>(μόνο) δκ</NewCharacters>
<Line>δκδκ κδκδ δκδκ κδκδ δκδκ κδκδ δκδκ κδκδ κδκδ δκδκ δκδκ κδκδ δκδκ κδκδ δκδκ δκδκ κδκδ</Line>
<Line>δκδ κδκ δκκ δκδ κδκ δκκ δδκ δκκ δκδ κδκ δκ κδκ δκκ κκ δκκ δκδκ δκδκ</Line>
</Level>

<Level>
<NewCharacters>δκ</NewCharacters>
<Line>δκδκ δκδκ δκδκ δκδκ δκδκ δκδκ δκδκ δκδκ δκδκ δκδκ δκδκ δκδκ δκδκ ξξδ φδφξ φδ δξδ</Line>
<Line>φκ δφφ δ δκκφ φδ φκ φδφξ φκ κ δκκφ δξδ δφφ δκδ δφφ δκδ κδκ κ δκκφ κ ξκ φκκκ</Line>
<Line>ξδ δδ ξξδ φδ δκδ δκφ κδκ φδφξ δ κδκ δξδ κ φκ φδ δδ φκ δφφ δφφ κδκ δκδ δκφ</Line>
<Line>δκκφ φκ φκ φδφξ φκ φκ φδ ξξδ κ κ δκκφ δ φδ δκδ δδ φδ ξξδ φκ φδ φκ κ ξκ φδ φδ</Line>
<Line>δκδ δδ κ φδ φκ ξξδ φξκ φδ φδ φξκ φκ κ δφξ φδ δδ δκδ δ κ δδ κδκ φξκ φκ δκκφ δφξ</Line>
<Line>δξδ κδκ φκκκ δ δφξ ξκ φκ ξδ ξφκδ ξδ κδκ δφφδ δδ δκφ δφφδ ξκ ξκ ξδ φδ δκφ κ ξφκκκ</Line>
<Line>δφφδ δδ φκ ξξδ φκ κ κ δ δφξ φδφξ κ φκ φκ δκδ δκκφ δφφδ δφφδ κ φκκκ δκφ ξκκδκ δφφδ</Line>
<Line>φδ ξκ δφφδ φκ φδ φδ φδφξ δ φκ δ δφφ φκκκ φκ φκ ξδ φκκκ δξδ φκ φδφξ ξδφκ</Line>
<Line>ξκ φδ φκ κ δφφδ φκ δξδ ξξδ φκ δκδ δδ δφφδ φκ φκ κδκ φδφξ δφξ φδ φκ δδφδφξ</Line>
<Line>φκ φδ δκδ δξδ κδκ φκ φκ δφξ φκ φδφξ κ δκφ δκκφ δφφδ κ φκ φκ ξφκδ ξκ δφφδδκκφ φδ</Line>
<Line>ξδ ξφκδ δφφδ δ δξδ δκδ φδφξ φκ δφφ φκ φδφξ ξκ φκ δφξ δ δκφ φδ φδ ξδ φδ ξφκδ</Line>
<Line>φκ φκ δ φκκκ δκκφ ξξδ δκφ φδφξ φκκκ δξδ κ φκ κ ξδ δδ δκδ δξδ κ κδκ φδ δξδκκ</Line>
<Line>ξφκδ ξξδ ξξδ φκ ξδ φκ ξκ δφξ δ φκκκ κ ξξδ ξκ φξκ δδ φδ ξδ φδφξ ξδ δφξ ξκδκδ</Line>
<Line>δδ φκ φκ ξκ δφφδ φκ δκδ φξκ ξκ κ ξκ δξδ φδφξ φκ δδ ξδ</Line>
</Level>


<Level>
<NewCharacters>(μόνο) σλ</NewCharacters>
<Line>σλσλ σλσλ σλσλ σλσλ σλσλ λσλσ λσλσ σλσλ λσλσ σλσλ λσλσ λσλσ σλσλ λσλσ σλσλ λσλσ</Line>
<Line>σλσ σσλ σλσ σλλ σσλ λσσ λσλ σλσλ λσλσ σσλ λσλλσλσ σλ σλσ σλσλ λσλσσλσλ</Line>
</Level>

<Level>
<NewCharacters>σλ</NewCharacters>
<Line>σλσλ σλσλ σλσλ σλσλ σλσλ σλσλ σλσλ σλσλ σλσλ σλσλ σλσλ σλσλ φλ σ λ λδκ λ σ σλξλκξ</Line>
<Line>λ λδφ σ λδ λλ λ λλ λδκ ξξδλ δλκκ φλ φσ δσσ φλδ φλ κλ φλ φλ λκξ φλδ λδ φλδ ξσ λ δσσξλ</Line>
<Line>κλ λσ σλξ κλ λδφ κλ δσσ φσ λσ ξσ σ δλκκ ξσ κλ ξσ λσ φλδ ξλ ξξδλ λλ ξξδλ λλ φσ λδφ φσδκσ</Line>
<Line>φλ σφ δκσ λδκ σλξ κλ σφ δλκκ φλ σ κλ λ λλ φλ σλξ λλ σ σ σ δδσ σ σφ φλδ κσ κσ σ λλ δσσ</Line>
<Line>λλ δλκκ φσ ξλ λ λλ λσ λ λδκ λδκ ξσ δσσ φσ σ σλξ λ δκσ φλδ ξλ κσ δσσ δλκκ λσ κλ κσ κλ ξσλσ σ</Line>
<Line>φσ ξξδλ σλκ λδκ σλκ δδσ λκξ λκξ σ ξξδλ φλ λ σ κλ σλκ ξξσσ λσ λλ δσσ σφ σλξ δλκκ ξλ φλ κλδλκκ κλ</Line>
<Line>σ λδκ φλ φλ κσ λ κλ λδφ ξσ σλκ φλδ δδσ λ λδκ λλ δλκκ ξξσσ λ λκξ σλκ ξλ φλ λδφ λλ φλ λ φλκκ</Line>
<Line>φλδ λδ σ λσ δλκκ λδ κλ ξλ κλ φλ λσ κλ λσ κλ λ σφ λ λσ λδφ δλκκ κλ σφ φλ κσ λκξ φλ ξξδλ λδκσ</Line>
<Line>λλ ξξδλ σλξ φλδ δλκκ σ ξσ λ ξξδλ σ σ κσ λδ λλ λκξ δδσ λδκ λσ φλ λδκ δσσ ξλ σφ φλδ κλ φσ φσλδκ</Line>
<Line>ξλ δκσ λ δλκκ λ κσ φσ κσ δκσ κσ φλδ δδσ δσσ λδκ κλ σ κσ δκσ σλκ φλ σλξ δδσ φλ σ ξσ ξξσσ κλξξδλ λ</Line>
<Line>σλκ λδκ φσ κλ λδ λλ κλ λλ φλ ξξσσ λσ λδφ λλ ξξσσ κλ λλ ξξδλ ξξσσ σφ λδ ξξδλ κσ λδ ξσ λλ</Line>
<Line>σλξ φλ δσσ ξσ λκξ φλδ κσ λκξ κσ λδκ ξξσσ λλ λδ λ κλ ξσ φλ φσ λσ σ σ σφ δδσ ξλ φλδ λ λκξ λσσλκ</Line>
<Line>δλκκ ξλ κσ λ δδσ λδ λκξ λλ ξξσσ λδ ξξσσ σ δσσ σ κλ λδκ δδσ φλ σ λδφ κλ σφ σλξ κλ σφ λκξξδλ</Line>
<Line>φλ ξσ ξλ σφ κλ κλ ξλ ξλ λδφ λλ δδσ δδσ σ λλ σλκ δκσ σλξ λκξ φλδ κλ κσ φσ φλ κλ λδκ λδ λ</Line>
</Level>


<Level>
<NewCharacters>(μόνο) γη</NewCharacters>
<Line>γηγη γηγη γηγη ηγηγ ηγηγ γηγη ηγηγ γηγη γηγη ηγηγ ηγηγ γηγη ηγηγ γηγη ηγηγ γηγη ηγηγ γηγη γηγη</Line>
<Line>γηγ γγη γηη ηγγ ηγηγ ηγη ηγηγ γηη γηη ηγη ηγ γηη ηγγ γγη ηγη γγη γηγ γηγη γηγη ηγγ ηγηγ ηγη</Line>
</Level>

<Level>
<NewCharacters>γη</NewCharacters>
<Line>γηγη γηγη γηγη γηγη γηγη γηγη γηγη γηγη γηγη γηγη γηγη γηγη γηγη γηγη φγφ ξηξ φγφ ξηξ φγφ</Line>
<Line>ξηξ φγφ ξηξ φγφ ξηξ φγφ ξηξ φγφ ξηξ φγφ ξηξ φγφ δφ γη ξκλ δφ γη ξκλ δφ γη ξκλ δφ γη ξκλ δφ γη ξκλ</Line>
</Level>


<Level>
<NewCharacters>(μόνο) αά</NewCharacters>
<Line>αάαά άαάα αάαά άαάα αάαά αάαά άαάα αάαά άαάα αάαά άαάα αάαά άαάα αάαά άαάα άαάα αάαά άαάα αάαά</Line>
<Line>αάα αάα αάά αάα αάά άαά άαά άαά άαα αά άαά αά άαα αά αάα αάα αά άάα άαά αά άαά αά άαά αά άαά αά άαά</Line>
</Level>

<Level>
<NewCharacters>αά</NewCharacters>
<Line>άάάά άάάά άάάά άάάά άάάά άάάά άάάά άάάά άάάά άάάά άάάά άάάά άάάά καλά δάση σκάφη αφή</Line>
<Line>άσκηση αλλαγή καλά δάση σκάφη αφή άσκηση αλλαγή άλλη φάση κακή γάλα δασκάλα σάλα άλλη φάση κακή</Line>
<Line>γάλα δασκάλα σάλα άλλα δάδα κλάση άσκηση άλλα δάδα κλάση άσκηση</Line>
</Level>

<Level>
<NewCharacters>(μόνο) ρθ</NewCharacters>
<Line>ρθρθρ ρθρθ θρθρ ρθρθ θρθρ ρθρθ θρθρ ρθρθ ρθρθ θρθρ ρθρθ θρθρ ρθρθ θρθρ ρθρθ θρθρ ρθρθ θρθρ ρθρθ ρθρθ</Line>
<Line>ρθρρ ρθ θρθ ρρθ θρρ ρθρ θρθ ρρθ θρθ θρθ ρθρθ θθρ ρρθ θρθρ θρθ ρθρ ρθ ρθρ ρρθ ρθθ</Line>
</Level>

<Level>
<NewCharacters>ρθ</NewCharacters>
<Line>ρθρθ ρθρθ ρθρθ ρθρθ ρθρθ ρθρθ ρθρθ ρθρθ ρθρθ ρθρθ ρθρθ ρθρθ ρθρθ φρφ ξθξ φρφ ξθξ</Line>
<Line>φρφ ξθξ φρφ ξθξ φρφ ξθξ φρφ ξθξ φρφ ξθξ φρφ ξθξ ράγα ράγα ράγα ράγα ράγα ράγα ράγα</Line>
<Line>ράγα ράγα ράγα θα ράγα θα ράγα θα ράγα θα άρα θα άρα θα άρα θα άρα θα άρα θα θα άρα</Line>
<Line>θα θα άρα λάθη λάθη λάθη άρα θα άρα θα λάθη λάθη λάθη άρα θα θα άρα θα άρα θα άρα άρα</Line>
<Line>άρα άρα λάθη λάθη λάθη λάθη λάθη λάθη λάθη λάθη λάθη λάθη λάθη λάθη λάθη γράσα γράσα</Line>
<Line>γράσα θα γράσα θα γράσα θα θα γράσα γράσα θα γράσα θα γράσα θα γράσα θα καρά θα καρά θα θα</Line>
<Line>καρά θα καρά καρά θα καρά θα καρά θα θα ραφή θα ραφή θα ραφή θα ραφή θα ραφή θα φράση θα</Line>
<Line>φράση θα φράση θα φράση θα φράση θα φράση θα φράση αργά θα θα αργά θα αργά θα αργά θα αργά</Line>
<Line>αργά αργά αργά αργά αργά ήθη ήθη ήθη ήθη ήθη ήθη ήθη ήθη ήθη ήθη ήθη ήθη ήθη ήθη ήθη ήθη</Line>
<Line>αήρ θα αήρ θα αήρ θα αήρ θα αήρ θα αήρ θα αήρ θα αήρ θα αήρ θα θα αήρ θα αήρ θα θα αήρ θα αήρ</Line>
<Line>θα αήρ θα αήρ θα αήρ θα θα κράση θα κράση θα κλάση θα κλάση θα κλάση θα κράση θα κράση</Line>
<Line>κράση θα κράση θα κράση θα κράση θα κράση θα κράση θα δάση θα δάση θα δάση θα δάση θα</Line>
<Line>θα δάση θα θα δάση δάση καθαρά καθαρά θα δάση θα δάση θα δάση θα δάση θα θα θα δάση</Line>
<Line>καθαρά θα καθαρά θα καθαρά θα καθαρά θα καθαρά θα καθαρά θα κλάση θα θα κλάση</Line>
<Line>θα κλάση θα κλάση θα δηλαδή θα δηλαδή θα δηλαδή θα δηλαδή θα δηλαδή θα θα θα θάλασσα</Line>
<Line>θάλασσα θάλασσα θάλασσα ράσα θήρα καρά ξηρά ραφή ράδα φράση αργά ήθη αήρ κράση δάση</Line>
<Line>ραφή θα ραφή θα ραφή θα ραφή θα ραφή θα φράση θα θα φράση θα φράση αργά θα αργά θα</Line>
<Line>δηλαδή θα δηλαδή θα δηλαδή θα θάλασσα θάλασσα θάλασσα κλάση θα κλάση θα κλάση ραφή θα ραφή θα</Line>
</Level>

<Level>
<NewCharacters>(μόνο) τυ</NewCharacters>
<Line>υτυτ τυτυ τυτυ υτυτ τυτυ υτυτ τυτυ υτυτ τυτυ υτυτ τυτυ υτυτ τυτυ υτυτ υτυτ τυτυ υτυτ τυτυ</Line>
<Line>υυτ τυτ ττυ υττ τυτ τυτ ττυ υττυτυ τυτ υτυυτ ττυ υτυτ υττ τυυ υττ ττυ</Line>
</Level>


<Level>
<NewCharacters>τυ</NewCharacters>
<Line>τυτυ τυτυ τυτυ τυτυ τυτυ τυτυ τυτυ τυτυ τυτυ τυτυ τυτυ τυτυ τυτυ τυτυ τυτυ φτφ ξυξ φτφ ξυξ</Line>
<Line>φτφ ξυξ φτφ ξυξ φτφ ξυξ φτφ ξυξ φτφ ξυξ φτφ ξυξ φτφ τάξη τάξη τάξη τάξη τάξη τάξη τάξη τάξη τάξη</Line>
<Line>τάξη τάξη τάξη τάξη τάξη αύξηση αύξηση αύξηση αύξηση αύξηση αύξηση αύξηση αύξηση αύξηση θύρα θύρα</Line>
<Line>θύρα θύρα θύρα θύρα θύρα θύρα θύρα θύρα θύρα θύρα λήξη λήξη λήξη λήξη λήξη λήξη λήξη λήξη λήξη λήξη</Line>
<Line>λήξη λήξη λήξη λήξη κατά κατά κατά κατά κατά κατά κατά κατά κατά κατά κατά κατά κατά αυγά αυγά αυγά</Line>
<Line>αυγά αυγά αυγά αυγά αυγά αυγά αυγά αυγά αυγά αυγά γάτα γάτα γάτα γάτα γάτα γάτα γάτα γάτα γάτα γάτα</Line>
<Line>γάτα γάτα γάτα σφύρα σφύρα σφύρα σφύρα σφύρα σφύρα σφύρα σφύρα σφύρα σφύρα φύλλα φύλλα φύλλα φύλλα</Line>
<Line>φύλλα φύλλα φύλλα φύλλα φύλλα φύλλα θλάση θλάση θλάση θλάση θλάση θλάση θλάση θλάση θλάση θλάση θλάση</Line>
<Line>τήξη τήξη τήξη τήξη τήξη τήξη τήξη τήξη τήξη τήξη τήξη τήξη τήξη τήξη δάκτυλα δάκτυλα δάκτυλα</Line>
<Line>δάκτυλα δάκτυλα δάκτυλα δάκτυλα ύστατη ύστατη ύστατη ύστατη ύστατη ύστατη ύστατη ύστατη συρραφή</Line>
<Line>συρραφή συρραφή συρραφή συρραφή συρραφή αυτή αυτή αυτή αυτή αυτή αυτή αυτή αυτή αυτή αυτή αυτή</Line>
<Line>αυτή υδρορροή υδρορροή υδρορροή υδρορροή υδρορροή υδρορροή τάξη θύρα λήξη κατά αυγά φύλλα θλάση υδρορροή</Line>
</Level>

<Level>
<NewCharacters>(μόνο) ει</NewCharacters>
<Line>ιειε ειει ειει ιειε ειει ειει ιειε ειει ιειε ειει ιειε ειει ιειε ειει ιειε ειει ειει</Line>
<Line>ιεε ειι ειε ιεε ειει ιει ιεειει ιεε ειει ειε ειι ιει ειε ιεε ειειει</Line>
</Level>


<Level>
<NewCharacters>ει</NewCharacters>
<Line>ειει ειει ειει ειει δεκ κικ δεκ κικ δεκ κικ δεκ κικ δεκ κικ δεκ κικ δεκ κικ δεκ κικ δεκ κικ</Line>
<Line>δεκ κικ λέξη λέξη λέξη λέξη λέξη λέξη λέξη λέξη λέξη λέξη λέξη λέξη λέξη λέξη λέξη κλειδί κλειδί</Line>
<Line>κλειδί κλειδί κλειδί κλειδί κλειδί κλειδί κλειδί κλειδί κλειδί κερί κερί κερί κερί κερί κερί</Line>
<Line>κερί κερί κερί κερί κερί κερί κερί κερί κλαδί κλαδί κλαδί κλαδί κλαδί κλαδί κλαδί κλαδί κλαδί</Line>
<Line>κλαδί κλαδί σειρά σειρά σειρά σειρά σειρά σειρά σειρά σειρά σειρά σειρά σειρά θηρία θηρία θηρία</Line>
<Line>θηρία θηρία θηρία θηρία θηρία θηρία θηρία θηρία στίξη στίξη στίξη στίξη στίξη στίξη στίξη στίξη</Line>
<Line>στίξη στίξη στίξη στίξη θέλετε θέλετε θέλετε θέλετε θέλετε θέλετε θέλετε θέλετε θέλετε ελαφρά</Line>
<Line>ελαφρά ελαφρά ελαφρά ελαφρά ελαφρά ελαφρά εκείθε εκείθε εκείθε εκείθε εκείθε εκείθε εκείθε εκείθε εκε</Line>
<Line>ίθε είδα είδα είδα είδα είδα είδα είδα είδα είδα είδα είδα είδα είδα γραφεία λέξη ισάξ</Line>
<Line>ια εξάσκηση είδα γραφεία λέξη ισάξια εξάσκηση είδα</Line>
</Level>


<Level>
<NewCharacters>ος</NewCharacters>
<Line>ος ος ος ος ος ος ος ος ος ος ος ος ος ος ος ος ος ος ος ος ος ος ος ος ος ος σςσ λολ σςσ λολ</Line>
<Line>σςσ λολ σςσ λολ σςσ λολ σςσ λολ σςσ λολ σςσ λολ σςσ λολ ίσος ίσος ίσος ίσος ίσος ίσος ίσος ίσος ίσος ίσος</Line>
<Line>ίσος ίσος ίσος ίσος ίσος καλός καλός καλός καλός καλός καλός καλός καλός καλός καλός καλός δουλειά</Line>
<Line>δουλειά δουλειά δουλειά δουλειά δουλειά δουλειά δουλειά δουλειά αυτός αυτός αυτός αυτός</Line>
<Line>αυτός αυτός αυτός αυτός αυτός αυτός αυτός φόρος φόρος φόρος φόρος φόρος φόρος φόρος φόρος</Line>
<Line>φόρος φόρος γέρος γέρος γέρος γέρος γέρος γέρος γέρος γέρος γέρος γέρος γέρος θεός θεός θεός</Line>
<Line>θεός θεός θεός θεός θεός θεός θεός θεός θεός θεός οδικά οδικά οδικά οδικά οδικά οδικά οδικά οδικά</Line>
<Line>οδικά οδικά πρόοδος πρόοδος πρόοδος πρόοδος πρόοδος πρόοδος πρόοδος ειδήσεις ειδήσεις ειδήσεις</Line>
<Line>ειδήσεις ειδήσεις ειδήσεις ειδήσεις ιατρείο ιατρείο ιατρείο ιατρείο ιατρείο ιατρείο ιατρείο ιατρείο</Line>
<Line>ιατρείο δεύτερος δεύτερος δεύτερος δεύτερος δεύτερος δεύτερος απολογισμός απολογισμός απολογισμός</Line>

</Level>

<Level>
<NewCharacters>π;</NewCharacters>
<Line>π; π; π; π; π; π; π; π; π; π; π; π; π; π; π; π; π; π; π; π; π; π; π; π; π; π; π; π; π; α;α λπλ</Line>
<Line>α;α λπλ α;α λπλ α;α λπλ α;α λπλ α;α λπλ α;α λπλ α;α λπλ α;α λπλ πηγή πηγή πηγή πηγή πηγή πηγή πηγή</Line>
<Line>πηγή πηγή πηγή πηγή πηγή πηγή πηγή πρέπει πρέπει πρέπει πρέπει πρέπει πρέπει πρέπει πρέπει πρέπει πρέπει</Line>
<Line>παύσης παύσης παύσης παύσης παύσης παύσης παύσης παύσης πλοίο πλοίο πλοίο πλοίο πλοίο πλοίο πλοίο πλοίο</Line>
<Line>πλοίο πλοίο πλοίο πλοίο προτροπή προτροπή προτροπή προτροπή προτροπή προτροπή προτροπή παπάς παπάς παπάς παπάς</Line>
<Line>παπάς παπάς παπάς παπάς παπάς παπάς παπάς παππούς παππούς παππούς παππούς παππούς παππούς παππούς παππούς περισσότερο</Line>
<Line>περισσότερο περισσότερο περισσότερο περισσότερο αξιόπιστος αξιόπιστος αξιόπιστος αξιόπιστος αξιόπιστος αξιόπιστος</Line>
<Line>πληκτρολόγιο πληκτρολόγιο πληκτρολόγιο πληκτρολόγιο δακτυλογραφία δακτυλογραφία δακτυλογραφία δακτυλογραφία</Line>
<Line>διότι διότι διότι διότι διότι διότι διότι διότι διότι διότι διότι διότι πλήκτρο πλήκτρο πλήκτρο πλήκτρο πλήκτρο</Line>
<Line>πλήκτρο πλήκτρο παράθυρο παράθυρο παράθυρο παράθυρο παράθυρο παράθυρο συγγραφεύς συγγραφεύς συγγραφεύς συγγραφεύς</Line>
<Line>συγγραφεύς σύνταξη σύνταξη σύνταξη σύνταξη σύνταξη σύνταξη σύνταξη ελευθερία τυπογραφία απαραίτητος δακτυλογραφία απαλλάσσεται</Line>
</Level>


<Level>
<NewCharacters>ωμ</NewCharacters>
<Line>ωμωμ ωμωμ ωμωμ ωμωμ ωμωμ ωμωμ ωμωμ ωμωμ ωμωμ ωμωμ ωμωμ ωμωμ φωφ ξμξ φωφ ξμξ φωφ ξμξ φωφ ξμξ φωφ ξμξ</Line>
<Line>φωφ ξμξ φωφ ξμξ φωφ ξμξ μήλο μήλο μήλο μήλο μήλο μήλο μήλο μήλο μήλο μήλο μήλο μήλο μήλο ώρα ώρα ώρα ώρα</Line>
<Line>ώρα ώρα ώρα ώρα ώρα ώρα ώρα ώρα ώρα ώρα τώρα τώρα τώρα τώρα τώρα τώρα τώρα τώρα τώρα τώρα τώρα τώρα πτώμα</Line>
<Line>πτώμα πτώμα πτώμα πτώμα πτώμα πτώμα πτώμα πτώμα πτώμα κρέμα κρέμα κρέμα κρέμα κρέμα κρέμα κρέμα κρέμα κρέμα</Line>
<Line>κρέμα κύκλωμα κύκλωμα κύκλωμα κύκλωμα κύκλωμα κύκλωμα κύκλωμα θέμα θέμα θέμα θέμα θέμα θέμα θέμα θέμα θέμα θέμα</Line>
<Line>θέμα θέμα θέμα μέρος μέρος μέρος μέρος μέρος μέρος μέρος μέρος μέρος μέρος μέρος γράμμα γράμμα γράμμα γράμμα</Line>
<Line>γράμμα γράμμα γράμμα γράμμα γράμμα μελωδία μελωδία μελωδία μελωδία μελωδία μελωδία μελωδία μελωδία δωμάτιο δωμάτιο</Line>
</Level>


<Level>
<NewCharacters>βν</NewCharacters>
<Line>βνβν βνβν βνβν βνβν βνβν βνβν βνβν βνβν βνβν βνβν βνβν βνβν βνβν βνβν φβφ ξνξ φβφ ξνξ φβφ ξνξ φβφ ξνξ φβφ ξνξ φβφ</Line>
<Line>ξνξ φβφ ξνξ φβφ ξνξ ναύτης ναύτης ναύτης ναύτης ναύτης ναύτης ναύτης ναύτης ναύτης ναύτης ναυτιλία ναυτιλία ναυτιλία ναυτιλία</Line>
<Line>ναυτιλία ναυτιλία ναυτιλία ναυτιλία βάση βάση βάση βάση βάση βάση βάση βάση βάση βάση βάση βάση νεαρός νεαρός νεαρός νεαρός</Line>
<Line>νεαρός νεαρός νεαρός νεαρός νεαρός μαούνα μαούνα μαούνα μαούνα μαούνα μαούνα μαούνα μαούνα ανεβαίνω ανεβαίνω ανεβαίνω ανεβαίνω</Line>
<Line>ανεβαίνω ανεβαίνω ανεβαίνω μαύρος μαύρος μαύρος μαύρος μαύρος μαύρος μαύρος μαύρος μαύρος βιβλιοθήκη βιβλιοθήκη βιβλιοθήκη βιβλιοθήκη</Line>
<Line>βιβλιοθήκη βιβλιοθήκη βλέμμα βλέμμα βλέμμα βλέμμα βλέμμα βλέμμα βλέμμα βλέμμα βλέμμα βιβλία βιβλία βιβλία βιβλία βιβλία βιβλία βιβλία</Line>
<Line>βιβλία βιβλία βιβλία βωμός βωμός βωμός βωμός βωμός βωμός βωμός βωμός βωμός βωμός</Line>
</Level>


<Level>
<NewCharacters>ψ,</NewCharacters>
<Line>ψ, ψ, ψ, ψ, ψ, ψ, ψ, ψ, ψ, ψ, ψ, ψ, ψ, ψ, ψ, ψ, ψ, ψ, ψ, ψ, ψ, ψ, ψ, ψ, ψ, ψ, ψ, κ,κ δψδ κ,κ δψδ κ,κ δψδ κ,κ δψδ κ,κ δψδ κ,κ</Line>
<Line>δψδ κ,κ δψδ κ,κ δψδ κ,κ δψδ ψάρι, ψάρι, ψάρι, ψάρι, ψάρι, ψάρι, ψάρι, ψάρι, ψάρι, ψάρι, ψάρι, ψάρι, ψάρι, ψωμί, ψωμί, ψωμί, ψωμί</Line>
<Line>ψωμί, ψωμί, ψωμί, ψωμί, ψωμί, ψωμί, ψωμί, ψωμί, ψεκάζω, ψεκάζω, ψεκάζω, ψεκάζω, ψεκάζω, ψεκάζω, ψεκάζω, ψεκάζω, ψηλός, ψηλός, ψηλός</Line>
<Line>ψηλός, ψηλός, ψηλός, ψηλός, ψηλός, ψηλός, ψηλός, ψαλίδι, ψαλίδι, ψαλίδι, ψαλίδι, ψαλίδι, ψαλίδι, ψαλίδι, ψαλίδι, ψαλίδι, ψαλίδι, ψέμα</Line>
<Line>ψέμα, ψέμα, ψέμα, ψέμα, ψέμα, ψέμα, ψέμα, ψέμα, ψέμα, ψέμα, ψέμα, ύψος, ύψος, ύψος, ύψος, ύψος, ύψος, ύψος, ύψος, ύψος, ύψος, γύψος</Line>
<Line>γύψος, γύψος, γύψος, γύψος, γύψος, γύψος, γύψος, γύψος, γύψος, ψήφος, ψήφος, ψήφος, ψήφος, ψήφος, ψήφος, ψήφος, ψήφος, ψήφος, ψεύτης</Line>
<Line>ψεύτης, ψεύτης, ψεύτης, ψεύτης, ψεύτης, ψεύτης, ψεύτης, ψεύτης, υψώνω, υψώνω, υψώνω, υψώνω, υψώνω, υψώνω, υψώνω, υψώνω</Line>
</Level>


<Level>
<NewCharacters>χ.</NewCharacters>
<Line>χ. χ. χ. χ. χ. χ. χ. χ. χ. χ. χ. χ. χ. χ. χ. χ. χ. χ. χ. χ. χ. χ. χ. χ. χ. χ. χ. χ. χ. χ. χ. σχσ λ.λ σχσ λ.λ σχσ λ.λ</Line>
<Line>σχσ λ.λ σχσ λ.λ σχσ λ.λ σχσ λ.λ σχσ λ.λ σχσ λ.λ χρειάστηκα. χρειάστηκα. χρειάστηκα. χρειάστηκα. χρειάστηκα. χρειάστηκα. αρχίζω.</Line>
<Line>αρχίζω. αρχίζω. αρχίζω. αρχίζω. αρχίζω. αρχίζω. αρχίζω. άχρηστος. άχρηστος. άχρηστος. άχρηστος. άχρηστος. άχρηστος. σχολεία. σχολεία</Line>
<Line>σχολεία. σχολεία. σχολεία. σχολεία. σχολεία. σχέση. σχέση. σχέση. σχέση. σχέση. σχέση. σχέση. σχέση. σχέση. σχολείο. σχολείο. σχολείο.</Line>
<Line>σχολείο. σχολείο. σχολείο. σχολείο. χρήσιμος. χρήσιμος. χρήσιμος. χρήσιμος. χρήσιμος. χρήσιμος. ψυχίατρος. ψυχίατρος. ψυχίατρος. ψυχίατρος</Line>
<Line>ψυχίατρος. χρήμα. χρήμα. χρήμα. χρήμα. χρήμα. χρήμα. χρήμα. χρήμα. χρήμα.</Line>
</Level>

<Level>
<NewCharacters>ζ</NewCharacters>
<Line>ζαλωνόσουν φτερούγιζα φεγγίζαμε ζαρωνόταν ζωφόροι ισκιάζεται ριζόμορφα αδειάζομαι κοχλάζει</Line>
<Line>δείπνιζα εστιάζαμε σαλπίζουν ουρατζής ξεριζώσαμε σαγίζονταν πηνίζεται έβγαζες ψηφιζόσουν</Line>
<Line>φράζοντας συνδυάζετε διαμέλιζες παλαμίζουν ρεζίλης ξεκάπνιζες τζίτζιφο νεανίζει ζήλου ζευγών</Line>
<Line>ζαβώνω ζαλώνομαι γιορτάζω ζούμαρες ρεζέδων χορδίζεται χεζόσασταν ναζιάρικης οζαινώδης</Line>
<Line>εξορίζω ξορκίζεται διχάζατε εμβάζαμε σφάζομαι βασίζεις υποζυγίου εντόπιζα γαρμπόζοι έκτιζε</Line>
<Line>λίζινγκ ρυάζεται χιόνιζε σφυρίζανε ριζαφτιού ζαρίφισσα ατενίζουμε ζυθοποιείο ριζώνω</Line>
<Line>ξεζούμισες άζυμου ζορισμένε ζητιάνικος σαπίζοντας κουζουλού ζαρωμάτων</Line>
<Line>τσικνίζω ζαλώθηκες οριζοντίως γκαβίζαμε ξαραχνιάζω συζητήσεις επισιτίζει</Line>
<Line>λάκτιζε ζούλισες αποζήταγαν ριζίτικες εζήτησε γκαβίζω φιλοζωικής έσφαζαν βυθίζω</Line>
<Line>αττικίζω απεκόμιζε ερεθίζει κομπάζετε κλυδωνίζει αζωτούχο χρυσίζατε διασκελίζω</Line>
<Line>ζαρώθηκε κυμάτιζε τραντάζω κορνίζες θαύμαζα χαχανίζατε ζηλοτυπεί εξισλάμιζε εγκωμίαζες</Line>
<Line>αρωμάτιζες πατσίζατε μαγιονέζας βαπτίζομαι μήδιζες θωρακίζω ζαχαράτη</Line>
<Line>ζητούμενης ζούπαγα ζούνε κούραζαν στοιβάζει κοτζάμ ξενίζεστε χορδίζομαι φωνάζεις ζητήσατε</Line>
<Line>σκεπάζομαι ζήση κοίμιζες φλιτζανιού μαζωχτό γατζωμένοι συσκοτίζω ζυμωθήκαμε στοιβάζετε</Line>
<Line>σελεμίζω ζαφειριού κηροζίνες κοιμίζω μυρίζαμε κιτρίνιζε τραπεζιού φλόγιζα φάνταζαν</Line>
<Line>τζάμια μούντζωνε συζητήσεων καθάγνιζαν ανασώζω παιδιακίζω επιζωοτική κλονίζετε μαραζώνουν</Line>
<Line>γαντζώναμε θυσιάζομαι ισάζομαι έγγιζες φρεζάρετε βράδιαζα οριζόμουν ζαλωνόταν ξέζωστη</Line>
<Line>ορίζονται νεανίζατε συνδύαζες ζηλεύεστε ορίζομαι κάπνιζαν κρεμνίζαμε ψεκάζεσαι οργίζομαι</Line>
<Line>ζουλήξετε μετοίκιζε ριζίδιον αρμόζω πιτσίλιζαν πεζουλιού καθιζάνω ησύχαζε νομιζόταν ζαχαριέρες</Line>
<Line>σουβλίζεις ξεζωθεί αλαζονική πάσχιζε ερτζιανό στολίζετε μάτιζες περίπαιζε ξεφράζαμε σφραγίζει</Line>
<Line>γρυλίζω συζητήσεώς δώριζες διχάζουν αηδιάζαμε οικίζονται ζουπίζω φωνάζεται θαμαζόμουν</Line>
<Line>τοπάζι ζαρωμένης καλαμίζαμε ψεκάζατε μπατίριζε εμπαιζόταν ξασπρίζατε χιμπαντζή τέζα</Line>
<Line>χαζογελάτε υφαρπάζει πεζολόγησα μπάζωσα φριτέζες κομμάτιαζα χαζολογάς δεμάτιαζαν</Line>
<Line>χαζούς ζουλίζω ζωομορφικέ πιπιλίζεις εξορίζουμε τζιτζικιών λατερνατζή τάζουν ριζωμένε</Line>
<Line>ζοφερού φενακίζατε ναζιστικέ ιδεάζουν συνάθροιζα ποτίζανε κουζουλάδα κολάζονται χαζεύοντας</Line>
<Line>ζεστότερων φανατίζαμε χαρτομαζών γραναζιού γυαλίζει πλωρίζω γουρσουζιά ζαχαρένιε ζυγίζουμε</Line>
<Line>αναζητάμε ρέλιαζαν ξορκίζαμε οργίζετε ξεριζωμών σκιτζήδες μπαζώσει καβούρδιζα</Line>
<Line>διανθίζει ζούφιων τηγάνιζες απολεπίζω θρονιάζετε δείλιαζα ζήλος πικρίζω μπανίζουν τερερίζω</Line>
<Line>ζημιωθούν τζατζικιού τιτιβίζεις αβγάτιζαν υβρίζοντα ταγιζόταν ακμάζατε ξεσκονίζω επωάζει</Line>
<Line>σφάζαμε λακίζουμε θέριζα μαφιόζικα ενθύμιζα ζευκτήρας καρπίζουμε αλαζονικά σκονίζετε ζάρες</Line>
<Line>αφορμίζεις λαμπύριζες γεμίζοντας θωράκιζες ομόζυγο διαφώτιζε Δελμούζος ποζάτους γουστόζικο</Line>
<Line>κοιμίζεται γιομάτιζε πουδράριζε ζωτικότατε βράζαμε σκεπάζαμε μπηζόσουν</Line>
<Line>αρίζωτη τσάπιζαν αζημίωτη αγγίζονταν ηωζωικά ζηλεμένε ζευκτήριος θωρακίζει κάζου απόσχιζες</Line>
<Line>τρεμόπαιζε ισοζύγιζε αζύγιστης φωτίζοντας ζωηρότερης ζωολόγων ξαφρίζεστε διαχειμάζω</Line>
<Line>ζουπίζουν ουζάκια σαφηνίζει γυρίζουν κοπρίζουμε ζευγάρωνα διύλιζαν συναζόμουν χρίζετε</Line>
<Line>βιάζομαι διχάζαμε αθροίζεσαι σκευάζει οκαζιόν φωσφόριζες χτιζόμουν σατίριζες υπεζωκότος πεζοί</Line>
<Line>διάσχιζαν ζαλώνουμε συνηθίζει ζύγισης εξουσιάζει εφόπλιζες απομύζησις βιάζοντας</Line>
<Line>κράζετε κοκαλιάζω πολυζήτητε βαυκαλίζω ιονίζονται θύμιζα υλοζωιστή χαριζόσουν</Line>
<Line>ζαβλάκωσε παραμερίζω ζην προσπορίζω καπνιζόταν οργίζεται άδειαζε κομιζόμουν</Line>
</Level>

<Level>
<NewCharacters>αβγδεζηθικλμνξοπρστυφχψω΄,.</NewCharacters>
<Line>τεστ καλά δάση σάλα φακή κακή αλλά τεστ καλά δάση σάλα φακή κακή αλλά τεστ άλλη φάκα καλή</Line>
<Line>γάλα σκάλα κλάδα τεστ άλλη φάκα καλή γάλα σκάλα κλάδα τεστ σκάφη σάκκα κλήση άσκηση τεστ σκάφη σάκκα</Line>
<Line>κλήση άσκηση τεστ τάξη θύρα ταγή αυτά τήξη ρητά κατά τεστ τάξη θύρα ταγή αυτά τήξη ρητά κατά τεστ σφύρα φύλλα θλάση</Line>
<Line>δάκτυλα ύστατη τεστ σφύρα φύλλα θλάση δάκτυλα ύστατη τεστ συρραφή θρασύτητα υδρορροή τεστ συρραφή θρασύτητα υδρορροή</Line>
<Line>τεστ λέξη θεία θετά κερί σειρά θηρία τεστ λέξη θεία θετά κερί σειρά θηρία τεστ στίξη θέλετε ελαφρά εκείθε ραφεία τεστ</Line>
<Line>στίξη θέλετε ελαφρά εκείθε ραφεία τεστ γραφεία ισότητα ισάξια εξάσκηση ευπείθεια τεστ γραφεία ισότητα ισάξια εξάσκηση</Line>
<Line>ευπείθεια τεστ ίσος ιστός θείος αυτός φόρος γέρος τεστ ίσος ιστός θείος αυτός φόρος γέρος τεστ θεός οικείος πρόοδος ειδήσεις</Line>
<Line>τεστ θεός οικείος πρόοδος ειδήσεις τεστ ιστορίας δεύτερος ισολογισμός τεστ ιστορίας δεύτερος ισολογισμός τεστ παύσης πρέπει</Line>
<Line>πείρας παππούς πλοηγός προτροπή τεστ παπάς αξιόπιστος περισσότερα απαραίτητος πληκτρολόγιο τεστ διότι πλήκτρα επιστολή συγγραφεύς</Line>
<Line>σύνταξη τεστ ελευθερία τυπογραφία απαραίτητος δακτυλογραφία ώρα μήλα τώρα μελωδία μισθωτής θεωρώ ωραίος γράμμα κρέμα βάση νέος άννα</Line>
<Line>βαίνω βωμός βλέμμα ναυτιλία βιβλιοθήκη βιβλιοθήκη μαυροπίνακας βιβλιοπωλείο βιβλιοθήκη μαυροπίνακας βιβλιοπωλείο ψωμί, ψύξη, ψέμα</Line>
<Line>ύψος, ψηλορείτης, υψόμετρο, ψωμί, ψύξη, ψέμα, ύψος, ψηλορείτης, υψόμετρο, ψιθύρισμα, υψώνω, ψαλίδι, ψάρι, ψηφοδέλτια, ψιθύρισμα, υψώνω</Line>
<Line>ψαλίδι, ψάρι, ψηφοδέλτια, χρήσιμος. χρειάζομαι. σχολή. ψυχίατρος. αρχή. χρήσιμος. χρειάζομαι. σχολή. ψυχίατρος. αρχή. διαφωνώ με ότι λες</Line>
<Line>όμως θάδινα και την ίδια μου τη ζωή για να έχεις το δικαίωμα να το λες.</Line>
</Level>


 <Level>
 <NewCharacters>1234567890=+-</NewCharacters>
	<Line>1+3=4 2-1=1 5+3=8 11-5=6 12-3=9</Line>
	<Line>2-1=1 5+3=8 12-3=9 13+1=14</Line>
	<Line>13+1=14 22-13=9 29+11=40 28+3=31</Line>
	<Line>22-13=9 29+11=40 11-5=6 1+3=4 28+3=31</Line>
 </Level>

<Level>
<NewCharacters>μερικές προτάσεις</NewCharacters>
<Line>Είναι το μεγαλύτερο χερσαίο θηλαστικό της Ευρώπης, με μεγάλη μυϊκή δύναμη, ιδιαίτερα στο λαιμό, στα μπροστινά άκρα και στις ωμοπλάτες.</Line>
<Line>Οι καφέ αρκούδες έχουν μακρύ παχύ τρίχωμα, που στα περισσότερα υποείδη είναι καστανό.</Line>
<Line>Η αρκούδα βαδίζει πατώντας σε όλο το πέλμα των ποδιών της και μπορεί να τρέξει με ταχύτητα έως και 56 χιλιόμετρα την ώρα.</Line>
<Line>Ο κοκκινολαίμης είναι στρουθιόμορφο πτηνό της οικογενείας των Μυιοθηριδών, που απαντά και στον ελλαδικό χώρο.</Line>
<Line>Μεγάλο ταξινομικό ενδιαφέρον παρουσιάζουν οι πληθυσμοί των Καναρίων Νήσων.</Line>
<Line>Επίσης, αρχικές μετρήσεις έδειξαν μεγαλύτερες πτέρυγες κατά 10% στα πουλιά της Τενερίφης.</Line>
<Line>Ως Μεσόγειος είναι γνωστή από τα αρχαιότατα χρόνια μεγάλη κλειστή θάλασσα, που βρίσκεται ανάμεσα σε τρεις ηπείρους: την Ευρώπη, την Ασία και την Αφρική.</Line>
<Line>Υπήρξε σημαντικό εμπορικό και ταξιδιωτικό πέρασμα από τα αρχαία χρόνια, καθώς στην ευρύτερη περιοχή της αναπτύχθηκαν πολλοί σημαντικοί πολιτισμοί.</Line>
<Line>Ο Κορμοράνος είναι ένα διαδεδομένο θαλασσοπούλι, που απαντάται και στον ελλαδικό χώρο.</Line>
<Line>Ζει συνήθως κοντά στη θάλασσα, σε λιμνοθάλασσες, λίμνες και ποτάμια.</Line>
<Line>Συναντάται επίσης και στο Δέλτα του Αξιού.</Line>
<Line>Το χειμώνα αποδημεί προς το Νότο κατά μήκος των ακτών.</Line>
<Line>Ζει συνήθως κοντά στη θάλασσα, σε λιμνοθάλασσες, λίμνες και ποτάμια.</Line>
</Level>

 </Levels>
</RasytiLecture>
