<?xml version="1.0" encoding="UTF-8"?>
<RasytiLecture>
<Title>Greek</Title>
<Comment>created by Manfred Schulenburg</Comment>

<Levels>

<Level>
<!-- 1 -->
<NewCharacters>φξ</NewCharacters>
<Line>φξ φξ φξ φξ φξ φξ φξ φξ φξ φξ φξ φξ φξ φξ φξ φξ φξ φξ φξ φξ φξ φξ φφ ξξξ ξφ ξφξ</Line>
<Line>ξξξ φξξφ ξφξ φξξφ φ ξ φξξ ξφφ ξ φξξ ξφ ξξξ φξξφ φ φ φξφ φξξφ ξφφ ξξξ φφ ξφ φξξφ</Line>
<Line>ξξξ φ ξ ξξξ ξξ φφ φξφ φξξ φ φ φφ ξξξ ξξ φξφ φ φφ φ φξξφ φξξ φξξ φ ξ φξφ φ ξξ ξξ</Line>
<Line>φξφ φξξ φ ξφ ξ ξφ ξ φξξ φξξφ ξξ ξφφ φ ξφφ ξφφ ξ φ ξ φ ξφφ φ ξξξ ξ φξφ φ φξξφ ξ ξφφ</Line>
<Line>ξφφ ξφφ φ φξφ ξξ ξξ φ ξφξ ξ φξξ ξξξ ξφφ ξξ φξξ ξφξ φ φξξ φξξφ ξξ ξξ ξφ ξφφ φφ φ ξφ</Line>
<Line>φ ξ φφ ξξ ξ φξφ ξφξ ξξ ξξ ξφ ξ φ ξ φφ ξ φξξφ ξφφ φ φξξ ξφφ ξ ξφ φξφ ξ φξξφ φξξ ξ ξξ</Line>
<Line>ξφ φ φξξ ξ ξ ξξξ ξξ ξφ ξ φφ φξφ ξξ ξξξ φφ ξφ ξ ξξξ φ φφ φφ ξ ξφ ξξξ ξφφ ξφφ φ ξφ ξ ξφξ</Line>
<Line>ξφξ ξφφ φ φ ξ ξ ξ φ φ ξξ ξξξ φ φξξ ξ φξξφ φξξ φ φξξφ φξφ φφ φ ξφ φξξφ φξξ φξξ ξ φ ξφ φ</Line>
<Line>φ φξξφ ξφ ξξξ φ φξξφ φξξφ ξ ξ φ ξφξ φ ξξξ ξ φ φξξφ φ ξ ξξ ξξ φξξ φξξφ φ φ ξφφ ξξ ξφφ φ ξ</Line>
<Line>ξφ ξ ξφξ ξ φξξφ ξφφ φφ φξξ φ ξ φ ξ φ φ ξξ φ φξξ ξφ ξξξ φξξφ ξ φ φ ξξ ξξ ξξξ φφ ξ φξφ φ φξξ</Line>
<Line>ξξ ξφ ξξ ξφξ ξφφ φξξ ξφ ξξ ξφ ξφ ξξ ξξ φ φξξφ ξφ ξ φ φξξφ φφ ξξξ ξφ φξφ ξξ φξξφ φ ξφφ</Line>
<Line>φ ξξ φφ ξφξ ξξ ξ ξφξ ξξ φ ξξ ξξ ξφ ξφ ξξ ξξξ ξφξ ξ ξφξ ξξξ ξφξ ξφ ξξξ ξ ξ ξφ ξφξ φξξ</Line>
<Line>ξφ ξφξ ξξξ ξφ φφ φφ ξφφ φ φξξ ξφξ ξ ξφξ ξξ ξξξ ξφ φ φξξφ ξ φφ ξξξ ξφξ ξφφ ξφφ φ φξξφ φξξ</Line>
</Level>


<Level>
<!-- 2 -->
<NewCharacters>δκ</NewCharacters>
<Line>δκδκ δκδκ δκδκ δκδκ δκδκ δκδκ δκδκ δκδκ δκδκ δκδκ δκδκ δκδκ δκδκ ξξδ φδφξ φδ δξδ</Line>
<Line>φκ δφφ δ δκκφ φδ φκ φδφξ φκ κ δκκφ δξδ δφφ δκδ δφφ δκδ κδκ κ δκκφ κ ξκ φκκκ</Line>
<Line>ξδ δδ ξξδ φδ δκδ δκφ κδκ φδφξ δ κδκ δξδ κ φκ φδ δδ φκ δφφ δφφ κδκ δκδ δκφ</Line>
<Line>δκκφ φκ φκ φδφξ φκ φκ φδ ξξδ κ κ δκκφ δ φδ δκδ δδ φδ ξξδ φκ φδ φκ κ ξκ φδ φδ</Line>
<Line>δκδ δδ κ φδ φκ ξξδ φξκ φδ φδ φξκ φκ κ δφξ φδ δδ δκδ δ κ δδ κδκ φξκ φκ δκκφ δφξ</Line>
<Line>δξδ κδκ φκκκ δ δφξ ξκ φκ ξδ ξφκδ ξδ κδκ δφφδ δδ δκφ δφφδ ξκ ξκ ξδ φδ δκφ κ ξφκκκ</Line>
<Line>δφφδ δδ φκ ξξδ φκ κ κ δ δφξ φδφξ κ φκ φκ δκδ δκκφ δφφδ δφφδ κ φκκκ δκφ ξκκδκ δφφδ</Line>
<Line>φδ ξκ δφφδ φκ φδ φδ φδφξ δ φκ δ δφφ φκκκ φκ φκ ξδ φκκκ δξδ φκ φδφξ ξδφκ</Line>
<Line>ξκ φδ φκ κ δφφδ φκ δξδ ξξδ φκ δκδ δδ δφφδ φκ φκ κδκ φδφξ δφξ φδ φκ δδφδφξ</Line>
<Line>φκ φδ δκδ δξδ κδκ φκ φκ δφξ φκ φδφξ κ δκφ δκκφ δφφδ κ φκ φκ ξφκδ ξκ δφφδδκκφ φδ</Line>
<Line>ξδ ξφκδ δφφδ δ δξδ δκδ φδφξ φκ δφφ φκ φδφξ ξκ φκ δφξ δ δκφ φδ φδ ξδ φδ ξφκδ</Line>
<Line>φκ φκ δ φκκκ δκκφ ξξδ δκφ φδφξ φκκκ δξδ κ φκ κ ξδ δδ δκδ δξδ κ κδκ φδ δξδκκ</Line>
<Line>ξφκδ ξξδ ξξδ φκ ξδ φκ ξκ δφξ δ φκκκ κ ξξδ ξκ φξκ δδ φδ ξδ φδφξ ξδ δφξ ξκδκδ</Line>
<Line>δδ φκ φκ ξκ δφφδ φκ δκδ φξκ ξκ κ ξκ δξδ φδφξ φκ δδ ξδ</Line>
</Level>


<Level>
<!-- 3 -->
<NewCharacters>σλ</NewCharacters>
<Line>σλσλ σλσλ σλσλ σλσλ σλσλ σλσλ σλσλ σλσλ σλσλ σλσλ σλσλ σλσλ φλ σ λ λδκ λ σ σλξλκξ</Line>
<Line>λ λδφ σ λδ λλ λ λλ λδκ ξξδλ δλκκ φλ φσ δσσ φλδ φλ κλ φλ φλ λκξ φλδ λδ φλδ ξσ λ δσσξλ</Line>
<Line>κλ λσ σλξ κλ λδφ κλ δσσ φσ λσ ξσ σ δλκκ ξσ κλ ξσ λσ φλδ ξλ ξξδλ λλ ξξδλ λλ φσ λδφ φσδκσ</Line>
<Line>φλ σφ δκσ λδκ σλξ κλ σφ δλκκ φλ σ κλ λ λλ φλ σλξ λλ σ σ σ δδσ σ σφ φλδ κσ κσ σ λλ δσσ</Line>
<Line>λλ δλκκ φσ ξλ λ λλ λσ λ λδκ λδκ ξσ δσσ φσ σ σλξ λ δκσ φλδ ξλ κσ δσσ δλκκ λσ κλ κσ κλ ξσλσ σ</Line>
<Line>φσ ξξδλ σλκ λδκ σλκ δδσ λκξ λκξ σ ξξδλ φλ λ σ κλ σλκ ξξσσ λσ λλ δσσ σφ σλξ δλκκ ξλ φλ κλδλκκ κλ</Line>
<Line>σ λδκ φλ φλ κσ λ κλ λδφ ξσ σλκ φλδ δδσ λ λδκ λλ δλκκ ξξσσ λ λκξ σλκ ξλ φλ λδφ λλ φλ λ φλκκ</Line>
<Line>φλδ λδ σ λσ δλκκ λδ κλ ξλ κλ φλ λσ κλ λσ κλ λ σφ λ λσ λδφ δλκκ κλ σφ φλ κσ λκξ φλ ξξδλ λδκσ</Line>
<Line>λλ ξξδλ σλξ φλδ δλκκ σ ξσ λ ξξδλ σ σ κσ λδ λλ λκξ δδσ λδκ λσ φλ λδκ δσσ ξλ σφ φλδ κλ φσ φσλδκ</Line>
<Line>ξλ δκσ λ δλκκ λ κσ φσ κσ δκσ κσ φλδ δδσ δσσ λδκ κλ σ κσ δκσ σλκ φλ σλξ δδσ φλ σ ξσ ξξσσ κλξξδλ λ</Line>
<Line>σλκ λδκ φσ κλ λδ λλ κλ λλ φλ ξξσσ λσ λδφ λλ ξξσσ κλ λλ ξξδλ ξξσσ σφ λδ ξξδλ κσ λδ ξσ λλ</Line>
<Line>σλξ φλ δσσ ξσ λκξ φλδ κσ λκξ κσ λδκ ξξσσ λλ λδ λ κλ ξσ φλ φσ λσ σ σ σφ δδσ ξλ φλδ λ λκξ λσσλκ</Line>
<Line>δλκκ ξλ κσ λ δδσ λδ λκξ λλ ξξσσ λδ ξξσσ σ δσσ σ κλ λδκ δδσ φλ σ λδφ κλ σφ σλξ κλ σφ λκξξδλ</Line>
<Line>φλ ξσ ξλ σφ κλ κλ ξλ ξλ λδφ λλ δδσ δδσ σ λλ σλκ δκσ σλξ λκξ φλδ κλ κσ φσ φλ κλ λδκ λδ λ</Line>
</Level>


<Level>
<!-- 4 -->
<NewCharacters>γη</NewCharacters>
<Line>γηγη γηγη γηγη γηγη γηγη γηγη γηγη γηγη γηγη γηγη γηγη γηγη γηγη γηγη φγφ ξηξ φγφ ξηξ φγφ</Line>
<Line>ξηξ φγφ ξηξ φγφ ξηξ φγφ ξηξ φγφ ξηξ φγφ ξηξ φγφ δφ γη ξκλ δφ γη ξκλ δφ γη ξκλ δφ γη ξκλ δφ γη ξκλ</Line>
</Level>



<Level>
 <!-- 5 -->
<NewCharacters>αά</NewCharacters>
<Line>αγκαλά άσκησα λάλα αλάλαξα λάσα κάλλη άλση φαγά άδηλα κάλφα</Line>
<Line>λαδά γάλα γκαγκ άσκηση κάδη φάλαγγα φαξ κλάκα κλάδα γκάφα άλαλη</Line>
<Line>κλακ δάση γκαλά άλγη άκακα δασκάλα άδηλη άφαγα φάση καλά</Line>
<Line>λάλαγα αλλά άγη λαγκάδα άφαγη δάδα κάσκα αγά φλάσκα άσκαφη άφησα</Line>
<Line>φάσα λάκα κάηκα λάσκα λαλά άλαλα άλφα αδηφάγα κάσα άλλη αγλαά</Line>
<Line>άλλαξα κακά άλλα λάλησα κλάση αγκάλη φάκα άκακη άδηλη κλάδα λάκα</Line>
<Line>άσκησα άλλαξα κλάκα κλάση κάλφα φάκα φάλαγγα κάδη καλά γκαγκ φαγά γκαλά</Line>
<Line>λαδά αγκάλη λαλά άφαγη λάλαγα αγλαά φλάσκα άλση άλγη λάλα λάσκα φάσα</Line>
<Line>άλαλα άφαγα άλφα άγη κάλλη κλακ αγκαλά άσκηση άφησα φαξ γάλα κάσκα κάηκα</Line>
<Line>αγά άκακη φάση αδηφάγα άσκαφη άδηλα άλαλη λαγκάδα άκακα δάδα</Line>
<Line>γκάφα αλάλαξα άλλα δασκάλα λάλησα άλλη αλλά λάσα κακά δάση κάσα </Line>

</Level>


<Level>
 <!-- 6 -->
<NewCharacters>ρθ</NewCharacters>
<Line>άφραγα κάργα αρακά καράφα γράσαρα άσαρκη καρακάξα άργασα αλάργα</Line>
<Line>γαρ φάλαρα άρθρα φάρδη αγκάθα κρησάρα αλαφράδα άφραγκη γράδα άρα φράγκα</Line>
<Line>φράση άγραφη αθάλη αλαφρά γαργάλησα άκαρδα γδάρθηκα άσαρκα άργησα</Line>
<Line>κάθαρση ράσα δράση κάδρα γκρά αγαθά καράφλα θάρρη άκρη θάλασσα άγρα</Line>
<Line>άκληρη γαργάλα γλαρά άδραξα φθάρηκα ράγα θράση λάσκαρα αράδα δράκα</Line>
<Line>θράκα φαλακρά λαγαρά καλάθα θράφηκα ξηρά ραγάδα δάρθηκα καραφλά</Line>
<Line>άφραγκα άθρησκα αργά γαργαλά ράκη θλάση αγκράφα φαράκλα άφθα αρά</Line>
<Line>φάρα άφραγη φράκαρα κράση άγραφα θάλασσά κάρα λάθρα γάργαρα άθρησκη</Line>
<Line>άκρα λάθη άκληρα γκρα φράκα καλαθά άραξα ηλάγρα γαργάρα άθληση καρδάρα</Line>
<Line>κρακ κλάρα ξηράθηκα φάρσα φαλάκρα καρά γράσα φράξα δρα ράδα αδρά άκαρδη</Line>
<Line>γαργάλαγα άρση καθαρά γάργαρη γαρ γλαρά θάλασσά άδραξα κλάρα θάρρη γράσαρα</Line>
<Line>γαργάλησα φαλάκρα καθαρά αρά άθληση θάλασσα άκληρα γδάρθηκα καλάθα κράση</Line>
<Line>άκαρδα καράφα φάρδη ράγα αθάλη καρακάξα γαργάλαγα αλάργα καραφλά φθάρηκα</Line>
<Line>γκρά κάδρα άθρησκη άγρα ράκη φάρσα άγραφη αγκάθα γράσα ράδα αρακά άρα κάργα</Line>
<Line>φράκαρα άφθα άκρη φαλακρά ξηράθηκα αλαφράδα άργασα γαργάρα φράκα δρα</Line>
<Line>φράγκα λάθρα αδρά λαγαρά αγαθά άρθρα φράση φαράκλα ραγάδα ράσα γάργαρη</Line>
<Line>άκληρη καρδάρα γαργαλά δράση δάρθηκα άρση άκαρδη θλάση άκρα θράφηκα κρησάρα</Line>
<Line>καρά θράση δράκα γκρα φάρα λάθη αργά άφραγκα γάργαρα λάσκαρα γράδα άραξα</Line>
<Line>κάρα άφραγη κάθαρση άσαρκα κρακ θράκα καράφλα ηλάγρα καλαθά φάλαρα φράξα</Line>
<Line>άφραγκη αγκράφα άσαρκη άφραγα αλαφρά άγραφα αράδα άθρησκα ξηρά γαργάλα άργησα</Line>

</Level>


<Level>
 <!-- 7 -->
<NewCharacters>τυ</NewCharacters>
<Line>άρρητη θηλάστηκα γάτα αυτάρκη αλάλητη άκρατα κατάξηρη αυθάδη τσάσκα</Line>
<Line>φρυδά ακατάτακτα δάκρυα κάθυγρη κατάσφαξα άφατα κυλλά καρυδάτη κάλυξ</Line>
<Line>κατάρατη άληκτη άλατά άρρηκτη λάφυρα άγλυκα άλτη αλάλητα γραφτά άφταστη</Line>
<Line>άτακτη κυρά ταγκά φθαρτά καλτ γδάρτη άρατα κατάκαρδα άτρυτη γλυκάθηκα</Line>
<Line>ακατάληκτα κρυφτά άστυφτα ακατάτακτη άργητα φασάτη άθραυστη κάλυκα</Line>
<Line>άρατη άκαυστα κρασάτη κατακτά ακράτητη άφθαρτα τάρα γδαρτά άξυλη</Line>
<Line>κατακράτησα τακτά γλυκά αργάτη φυρά κασάτα τσατσά άτηκτα άτακτα αφράτη</Line>
<Line>άκλαυτα φράκτη άγκυρα γλαυκά κάρυα δραγάτη κάστρα λαλητά λυσσά άκυρα</Line>
<Line>ταλκ κυράτσα κράταγα άστυφτη κατσάδα κατάδηλη καρυδάτα άφθαστη τάλαρά</Line>
<Line>άφατη άκαυτα φάλτσα άταφη άλυτα κατακράτηση γλαυξ ακράτητα κατατάραξα</Line>
<Line>άτσαλα γάλατα κατσαρά άξυλα κατάκτηση άθαφτα άφρακτη ακατάστατα κατάσταση</Line>
<Line>αδάκρυτα λυράρη άτρητη κατάκτησα άδηκτα φυτά λυγά τράκαρα δυάρα κάρτα</Line>
<Line>ασυγκράτητα ξυστά αλάθητα κάλτσα άφραστα κατάταξη άτσαλη άκρατη άφτρα</Line>
<Line>δάκτυλά κατάργησα αφράτα άδυτα γλυφά γλαφυρά άσκαφτη κάκητα κατάφυση</Line>
<Line>φτυστά τράτα λάρυγγά ακατάκτητη άθλαστη ταυ ακατάστατη άγδυτα άθαφτη γδυτά</Line>
<Line>κρασάτα φυσά άδυτη κρατά τραστ γλυκάδα άκλητα άστατη άξυστα γλυφάδα ακάθαρτη</Line>
<Line>κατακάθαρη φρυδάτα τρακ άλυτη κρυάδα άφρακτα καταστράφηκα ρηγάτα άστη</Line>
<Line>κατάσαρκα κλητά γυαλάδα ακαταστάλακτα κυφά κατάφυτη φάρυγγα κατάστηθα</Line>
<Line>τσαγκάρη αγαστά κατάρατα λάρυγγα γαλατά άγλυκη άφταστα αυστηρά θάφτηκα άρρηκτα</Line>
<Line>τράκα κατάφαση ακάθαρτα ταράτσα κράτα ακατάσταλτη κατάκλαση ταγκάδα άδηκτη</Line>
<Line>δυάδα άσυλα τρυγά άγδαρτα τρυφηλά τρατάρη ρητά κυρ φασάτα γυάλα φυγά τάρτα άστυ</Line>
<Line>φυγάδα φυλά ράτσα τάση ηλακάτη άληκτα άφυλλη ατάσθαλη καστ ταφτά αδάκρυτη τάραξα</Line>
<Line>κατασκάφτηκα άρρητα φυλακτά κατρακυλά αγάλακτη ακατάλληλα γάστρα κατάδυση</Line>
<Line>κλαυτά καθαυτά τσάκα κατάκρυα κυρτά άσκαφτα δάκρυ τσάγαλα θαφτά άκλητη ατάκα</Line>
</Level>



<Level>
 <!-- 8 -->
<NewCharacters>ει</NewCharacters>
<Line>διακηρυκτικά δικάσει άσκησε κατασταλτικά καθηγητικά γιε διαισθητικά ταιριάξετε</Line>
<Line>άθελά διατάσσει φρυδάτε ξεγλιστράγατε διαγράφετε αλιάδα αστεράκια άρδευα</Line>
<Line>διαφυλάξει κατασιγάστε αδιασάλευτα δράστε λαδικά τάσσεται κράξατε φυλάσσεστε</Line>
<Line>διφασικά άλεσα διακλαδικά καταδυτικά ξυραφάκι εγγράφηκα αρτεργάτρια</Line>
<Line>τιγράκι διδάξει ρεγάλα αθειάφιστη τσεκάρετε θρησκευτικά δυάρι φευγάτη τσάρε</Line>
<Line>κατασιγάσατε κατρακυλάτε αξεκαθάριστη και διάστιξη καταγράφεσαι κακάρισε</Line>
<Line>τιάρα ιδρυτικά φιλάει άφτερη γαυριά κελαρυστά θυσιάστε εξιτάρισε ρισκάρετε</Line>
<Line>φυλλαράκι καράτι αλητάκια κατάστερα λάσκε εδάφια τάισα αδιάλυτη εγγράφει</Line>
<Line>θυγατρικά ταράξετε αξάφριστα ατιθάσευτα ιδεάσει αυτάρκειά άγκιστρα τετ αεράτα</Line>
<Line>αλεηλάτητα αγρικά ιατρικά δασκάλευε ασκιά φασκιά κατακτάτε καθάριε φελά</Line>
<Line>ευκατάστατη τυράκι κατάστερη ξεφυσάει καρτεράτε ραγιάδικε διατάξει άσειστη γλιστρά</Line>
<Line>φυσερά εξασφάλισα δελεαστικά φαγκριά λάγγευα κάθιδρε αξεδιάλυτα τραγελαφικά</Line>
<Line>τάγισα ξεγυριστά εφεκτικά τετράστηλα δεκτικά άθρησκε αδερφάκι γατάκι εστιάστηκε</Line>
<Line>θεάτρισα διαταράξει φεγγαριάτικη διάλυε κεκράκτη γιάτρισσα γαλατάδικα φασάτε</Line>
<Line>ελεητικά γρικάτε άφαγε κεφάκια αδιάρρηκτη δικατάληκτε ακάθαρτε ξεγράφτηκα</Line>
<Line>θεατράκια άκεφε φαφλάτισε κατάφυτε φαρυγγικά τεράστιε φυγάδευσα αυτάκια</Line>
<Line>κατασιγάστηκε κεφαλαιακά δηλητηριάστηκα ξεγελάσει εξαγιάστηκε φιξάρετε</Line>
<Line>καταφθάσει γλιστράτε εξατάξιε γαλακτικά ασάφειά άξεστα καταλάγιασε αηδιάσατε</Line>
<Line>θεατρικά τυλιγάδια άθελε άφησε κατσικάκια κερασιά εισαγάγατε αλητάκι αφαγιά</Line>
<Line>διαγράφεσαι λιθαράκια ευάερε ελκυστικά φρικάρει αδελφάκι εκκαθάρισε καθισιά</Line>
<Line>εκτάρια κακάδι καράφλιασα κρεατερά διαφυλάξατε άλφιτα τράγια εγκάθετη θαλάσσιε</Line>
<Line>φαλλικά κατάλυσε καλάθια κατακτάει αλλάξει ράφτηκε γελαδάρη εισάγεται θηκάρια</Line>
<Line>αλυγαριά φερτά κλειδιά ξεσκαρτάρατε εξελικτικά δηλητηριάσει διάκειται φυλάγεται</Line>
<Line>τσάτισε θεάρεστε φαγάδικη αλφαδιάστηκα ξυραφάκια διασάφηση γλιστερά καθαγιάσετε</Line>
<Line>αφιλτράριστε λαδάδικα ρετάλια άρρηκτε τραγιά φεγγαράδα κερασάκι αλάλητε καταδικάστηκε</Line>
<Line>ευδιάθετα τεστάρει αλάλιασε τρισάγια κατάρτι κατάδηλε κακάδια αστράγγιστε άφευκτη</Line>
<Line>τυλιγαδιάσατε κατασκευάστε κατάγραφε εκσκάφτηκα διακρατικά καθεδρικά τάγισε</Line>

</Level>


<Level>
 <!-- 9 -->
<NewCharacters>ος</NewCharacters>
<Line>αγιάτρευτο αεράτο ρολογάδες ασάλευτη καφεδιάς κάκιστο τρελάθηκες λαδάδικο</Line>
<Line>κλεφτουριά ράγες ιεροδιδάσκαλοι εκατοστάρες ορυκτά κατακουράστηκα κασελιάστε</Line>
<Line>άτεγκτο τουρκοφάγε ρελιάσετε τάρασσε θελξικάρδιου αρθρογράφοι τσαγκαράδικου</Line>
<Line>άρκεσες κατεδαφιστικά εργοτάξια ακροθαλάσσια αστράγγιστης ρηγάτου δάκτυλου</Line>
<Line>αξυρισιά άλουστη άσσο αργάστε άγουστου κοτσάρει άφησε δεκάκις αδιάστροφοι</Line>
<Line>άλυτος άροση αρθρογράφο καθάριου φάλτσους αλφαδιάστηκες άφταστος τσιφουτιά</Line>
<Line>αλιγάτορα αξάκριστο δυσδιάκριτη άλλος διάολο άθρησκοι κεφάτο αλογοουρά γδάρτης</Line>
<Line>κατάφορτο ιαγουάρου κατάφορτους εκατοστάρα καταφάσεις άκληρης άσιτε</Line>
<Line>κατάσφαξε δασιάς λεξικογράφε κουτσοδουλειά ακαθάριστα αγοράκι εκφράστηκε</Line>
<Line>φοράδας θεοκατάρατης κορφιάτικη γιορτάστηκες κρυσταλλάκια καλογεράκια άγουστες</Line>
<Line>ακατάρτιστες διαφορικά εστιάσετε κουρελιάρικου διαταράσσεις άξιους κραδαστικά</Line>
<Line>λάτρας άστυφτος τάισε εικοσάρης ξάδερφοι άριστοι αξεσκάλιστους λογοκριτικά ράγισε</Line>
<Line>κασάτα κατασφάξατε κακάο φεγγαριάτικοι διαταράσσετε αθειάφιστος αδιάρρηκτος</Line>
<Line>λαοκράτης διάφεγγου κακοτάξιδους αστράγαλος αδάκρυτος γλάρους άκουροι</Line>
<Line>φθογγολογικά άστριφτου αδιάστροφη κατάρρευσης λουλουδάτες ξάφρισε άγευστο</Line>
<Line>φάλτσαρες αυθάδικους δικαιοστάσιο άγουρα αδιάστροφε αεροσκάφους ευδιάλυτης</Line>
<Line>καυτηριάσεις τσάτσος αραδιάστηκε φάσας τσατσάρα κουρελιάρας ηθογράφος άσαρκες</Line>
<Line>αξεδιάλυτος λουλουδιστά άδοξες αδιάσειστο κολλάρατε ξυλογραφικά άκλητους</Line>
<Line>κατάσφαξα αξιολάτρευτε κουκουλάρικος θεάτρου ξελαγάρισε άσφαιρος αθάρρευτο</Line>
<Line>ηλεκτρολογικά τιάρες διαφυλάσσεσαι άθικτους κλοτσάτε αθειάφιστους φυλλοκάρδια</Line>
<Line>αδειάστε οικοδιδασκάλου φλυάρησες ακατάτακτο φαλλοκράτες ρογιάτικο φρυδάτης</Line>
<Line>κουλουράκι αλαφιάστε φουλάρι αθάρρευτης γάδος άξυστα φουλαριστά κουράγια</Line>
<Line>φυγάδες ξιδάτο κατάστικτης οισοφάγος άσειστε ξιδάτους υγροστάτες ταράσσεστε</Line>
<Line>άγκιστρου κάρες δικογράφου αράγιστα αγυάλιστοι ξεράστε θειάφισε κυττάρου</Line>
<Line>γυφτιάς εφτασφράγιστε κατασφάξει φασκιάς δασκαλικά αφιλτράριστος αδασκάλευτα</Line>
<Line>ταξιδιάρικου κουτριά οικολογικά αλαφιάστηκες δροσιάς κυτταρολογικά κάλλιστε άσοφο</Line>
<Line>λαλάς φτυάρισες κράτησα καρδιογράφου τάκο ασφουγγάριστης λαογράφος αλασκάριστες</Line>
<Line>φευγάτισες άφτιαστα δασκάλευα άρδευση τσάρους κακοθάλασση εκτελεστά θεοκατάρατα άκαιρο</Line>
<Line>φεουδαλικά εξουσιάστριας κλοτσάγατε ξυράφισε δράττεστε αθεάτριστη κάθετος καθάρσεις</Line>
<Line>κρυοστάτη άφαγης γιορτιάτικε δυσδιάκριτε άγλυκους αφιλτράριστο καταγράφεστε κατασιγάσει</Line>
</Level>


<Level>
 <!-- 10 -->
<NewCharacters>π</NewCharacters>
<Line>επιδιαιτητικά διάπυρα υπάγατε πυραυλικά αποφράδες κοροπλάστη επάλληλε</Line>
<Line>απογραφικά προσφυγάκι κάλπης πακετάρετε ιεραποστολικά πηροδάκτυλος</Line>
<Line>ακάρπιστος γυροσκοπικά προτάξει άπλας παράκυκλοι καθυποτάσσεται άκοπος</Line>
<Line>παρακράτησα άσπιτου ποδηλάτης ξυλοκοπάγατε παλάγκα παλαιάς δυσεξάλειπτε</Line>
<Line>ξεποδαριάστε πιάτσες πάλλεστε κατάκοποι αποφράσσεσαι θεοκάπηλε καλπιά</Line>
<Line>επικολλάστε ποπολάρε εικοσάλεπτε αθεράπευτοι παρουσιάστριας άπρακτο</Line>
<Line>εικοσάλεπτη άπλαστης διάπλατε άπεπτους επάργυρο παρασκευάσατε παράλλαξης</Line>
<Line>υπάκουα παράγετε κατασπαταλάσαι παραστιά τετράδιπλου πατατιάς παράλληλο</Line>
<Line>πυργιά επικουρικά αποσφράγισα προσφυγάκια κατασπατάλαγα περιλάλητοι</Line>
<Line>τάπητας καθυποτάξεις απασπάλιστοι επιτάφιας επεξεργάστηκες επιφάσεις</Line>
<Line>πλουτοκράτη επιφυλάσσετε άπλευστοι παράταιρους απογαλάκτισα απαρακάλεστοι</Line>
<Line>παράκαιρε πολυδάκρυτης διάσπαρτοι πειράξετε επιστολογράφοι περιλάλητου</Line>
<Line>διάπλαση εφταπλάσιου ποδοπατάς υφαρπάξτε παραγγελτικά παραπετάει παλιάτσο</Line>
<Line>παράκαιρους οπτά απολειφάδι οκταπλάσια απειράγαθοι άπιστες άπορος πάρε</Line>
<Line>άτοπο πράο απαράγγελτος άκαρπες πριάπειας παραλλάσσει περιγελάσεις τάπας</Line>
<Line>τοπογράφος άσκοπες πηδάς πλάγιους απροπαράσκευοι παράτυφοι επισκευάστριας</Line>
<Line>υπεραγάπησε προεισπράττει πιτσιρικά κάποιο πελελάδας καταπικράθηκα</Line>
<Line>αυτεπάγγελτη αδιάκοπης προσάγεις πατροπαράδοτες παράπλευρη κολποκοιλιακά</Line>
<Line>αυταπάτης εφτάδιπλος πάγκαλη απροφάσιστο αποφράξει προδικάστηκες ιπποφάγου</Line>
<Line>πάλλεται πάρλαρε παρουσιάσθηκε προικιά κατάσκοπε πολλαπλάσιας διάσπαρτης</Line>
<Line>πάροικοι άσπαστου ξάσπρισα πετράδι επιστολάριο άπλετες προικιάτικη</Line>
<Line>επτασφράγιστης αξιαγάπητου κάπρους πλάγιο παρτσάδες αδιάλειπτους γιαπιά</Line>
<Line>πάτε πάφιλα πολυγράφους αυταπάτη πηγάδα παραφυάδας άσπιτο πάγοι πάρθιος</Line>
<Line>κρυπτογράφησε άπλυτους επιτάθηκε πριάπειος αδιάπλαστης οκταπλάσιος απιδιάς</Line>
<Line>πλάγιασε απαράσκευοι άλυπη άπλευστης πάρλα πάτριο ποδιάς πλαστογράφησε</Line>
<Line>επικολλάτε αγαπάει πουδράρισα πιπεράτε πάγκο επτάστεροι επιφυλάξου</Line>
<Line>παραδοξογράφο καταπάταγε διάρπαξε παλαιογράφοι διάπλατου άπορα αδιάστρεπτου</Line>
<Line>πασσάλου παράκαιρος άκαρπης προικιάτικος άπλευστου καλπάκι ουρηθροσκοπικά</Line>
<Line>προαστιακά παράφυλλο πολιτειακά πλυστικά απροσάρτητους ακάρπιστο παρυδάτιες</Line>
<Line>απαράθετης προσάραξη φυτοπαράσιτο πισσασφάλτους ποια αλληλεπιδράτε παραπετάξεις</Line>
<Line>ποροσκοπικά άπιστο αποτάξει καπελάδικου παράκαιροι ποιου επισκιάσετε παραστάτης</Line>
<Line>ταπετσάρει επιτακτικά πράττει πάσσαλο επιπάσεις άπλυτου αποθετικά πετραδάκια κάτασπρης</Line>
<Line>κατραπακιάς τριπλασιάσει ιπποκράτειες προσάπτεστε παράγεις ασπριδερά πικροκάρδισε</Line>
</Level>


<Level>
<!-- 11 -->
<NewCharacters>π;</NewCharacters>
<Line>επιδιαιτητικά; διάπυρα; υπάγατε; πυραυλικά; αποφράδες; κοροπλάστη; επάλληλε</Line>
<Line>απογραφικά; προσφυγάκι; κάλπης; πακετάρετε; ιεραποστολικά; πηροδάκτυλος</Line>
<Line>ακάρπιστος; γυροσκοπικά; προτάξει; άπλας; παράκυκλοι; καθυποτάσσεται; άκοπος</Line>
<Line>παρακράτησα; άσπιτου; ποδηλάτης; ξυλοκοπάγατε; παλάγκα; παλαιάς; δυσεξάλειπτε</Line>
<Line>ξεποδαριάστε; πιάτσες; πάλλεστε; κατάκοποι; αποφράσσεσαι; θεοκάπηλε; καλπιά</Line>
<Line>επικολλάστε; ποπολάρε; εικοσάλεπτε; αθεράπευτοι; παρουσιάστριας; άπρακτο</Line>
<Line>εικοσάλεπτη; άπλαστης; διάπλατε; άπεπτους; επάργυρο; παρασκευάσατε; παράλλαξης</Line>
<Line>υπάκουα; παράγετε; κατασπαταλάσαι; παραστιά; τετράδιπλου; πατατιάς; παράλληλο</Line>
<Line>πυργιά; επικουρικά; αποσφράγισα; προσφυγάκια; κατασπατάλαγα; περιλάλητοι</Line>
<Line>τάπητας; καθυποτάξεις; απασπάλιστοι; επιτάφιας; επεξεργάστηκες; επιφάσεις</Line>
<Line>πλουτοκράτη; επιφυλάσσετε; άπλευστοι; παράταιρους; απογαλάκτισα; απαρακάλεστοι</Line>
<Line>παράκαιρε; πολυδάκρυτης; διάσπαρτοι; πειράξετε; επιστολογράφοι; περιλάλητου</Line>
<Line>διάπλαση; εφταπλάσιου; ποδοπατάς; υφαρπάξτε; παραγγελτικά; παραπετάει; παλιάτσο</Line>
<Line>παράκαιρους; οπτά; απολειφάδι; οκταπλάσια; απειράγαθοι; άπιστες; άπορος; πάρε</Line>
<Line>άτοπο; πράο; απαράγγελτος; άκαρπες; πριάπειας; παραλλάσσει; περιγελάσεις; τάπας</Line>
<Line>τοπογράφος; άσκοπες; πηδάς; πλάγιους; απροπαράσκευοι; παράτυφοι; επισκευάστριας</Line>
<Line>υπεραγάπησε; προεισπράττει; πιτσιρικά; κάποιο; πελελάδας; καταπικράθηκα</Line>
<Line>αυτεπάγγελτη; αδιάκοπης; προσάγεις; πατροπαράδοτες; παράπλευρη; κολποκοιλιακά</Line>
<Line>αυταπάτης; εφτάδιπλος; πάγκαλη; απροφάσιστο; αποφράξει; προδικάστηκες; ιπποφάγου</Line>
<Line>πάλλεται; πάρλαρε; παρουσιάσθηκε; προικιά; κατάσκοπε; πολλαπλάσιας; διάσπαρτης</Line>
<Line>πάροικοι; άσπαστου; ξάσπρισα; πετράδι; επιστολάριο; άπλετες; προικιάτικη</Line>
<Line>επτασφράγιστης; αξιαγάπητου; κάπρους; πλάγιο; παρτσάδες; αδιάλειπτους; γιαπιά</Line>
<Line>πάτε; πάφιλα; πολυγράφους; αυταπάτη; πηγάδα; παραφυάδας; άσπιτο; πάγοι; πάρθιος</Line>
<Line>κρυπτογράφησε; άπλυτους; επιτάθηκε; πριάπειος; αδιάπλαστης; οκταπλάσιος; απιδιάς</Line>
<Line>πλάγιασε; απαράσκευοι; άλυπη; άπλευστης; πάρλα; πάτριο; ποδιάς; πλαστογράφησε</Line>
<Line>επικολλάτε; αγαπάει; πουδράρισα; πιπεράτε; πάγκο; επτάστεροι; επιφυλάξου</Line>
<Line>παραδοξογράφο; καταπάταγε; διάρπαξε; παλαιογράφοι; διάπλατου; άπορα; αδιάστρεπτου</Line>
<Line>πασσάλου; παράκαιρος; άκαρπης; προικιάτικος; άπλευστου; καλπάκι; ουρηθροσκοπικά</Line>
<Line>προαστιακά; παράφυλλο; πολιτειακά; πλυστικά; απροσάρτητους; ακάρπιστο; παρυδάτιες</Line>
<Line>απαράθετης; προσάραξη; φυτοπαράσιτο; πισσασφάλτους; ποια; αλληλεπιδράτε; παραπετάξεις</Line>
<Line>ποροσκοπικά; άπιστο; αποτάξει; καπελάδικου; παράκαιροι; ποιου; επισκιάσετε; παραστάτης</Line>
<Line>ταπετσάρει; επιτακτικά; πράττει; πάσσαλο; επιπάσεις; άπλυτου; αποθετικά; πετραδάκια; κάτασπρης</Line>
<Line>κατραπακιάς; τριπλασιάσει; ιπποκράτειες; προσάπτεστε; παράγεις; ασπριδερά; πικροκάρδισε</Line>
</Level>


<Level>
<!-- 12 -->
<NewCharacters>ωμ</NewCharacters>
<Line>άρμπουρο υπογράφομε ακυμάτιστοι φαρμπαλάδες ταραμάς διάκοσμοι καλάρισμα</Line>
<Line>παροιμιογράφου μιας ξεθυμάσματα μετατάσσεται πρωτομάστορη προγράμματά</Line>
<Line>μακάρισα μετρητά αλλάξουμε πολυμιλάει ασθματικά εξωστικά μελιστάλακτοι</Line>
<Line>αστάθμιστου οπλιταγωγά εκτάκτως οπισθοδρομικά θηριοδαμάστρια μεταλλάσσεστε</Line>
<Line>μαλλιά αραδιάσω τομεακά εκσπερμάτωσης μαυράδια τραμπάκουλου ακαπάρωτοι</Line>
<Line>μάκτρου αρματαγωγά ροδομάγουλο τρομοκράτησες πληθάριθμο άλιωτη δικάσω</Line>
<Line>μασουλάω εξωράισα παράμεσους αποθεματικά μάλαξης μπογιάς αφάγωτη μεταλλάκτες</Line>
<Line>μάταιης πλασάρομαι διαγράφουμε υάλωμα κλάδωσε διαμαρτυρικά κυμάτιο φτιάξαμε</Line>
<Line>κράξουμε πρωτοκάθισες αμυαλιάς ακομμάτιστη καλομιλάς απάστωτης αμάτιαστε ελάττωση</Line>
<Line>εμφράξεως ξεμάτιασμα εκμεταλλευτικά προεισπράξεως ποτάμιους μπολιάσει</Line>
<Line>παρουσιάσιμος ματιάσματα θυμιάσουμε απάστωτος κωλαράκι τσιμπά κατράμωσα</Line>
<Line>μικροδάκτυλε άδειασμα προημιτελικά ομοιοπάθεια λοξοκοιτάξουμε κυματογράφου</Line>
<Line>άστρωτο καταπλάσματα μπουά αλητάμπουρας μυθοπλάστης αξιομακάριστα κωμωδιογράφου</Line>
<Line>αστράμματα αλάδωτα λαμποκοπάμε εξάρθρωμα κουράσω ξυλογράφημα παλμογράφους</Line>
<Line>επιδοκιμάσει μεταδοτικά κατωτάτης μετάξια εξομάλιση κατάφωτο μεταπουλάω δεκάωρου</Line>
<Line>μπάρες άμαθη άμαξες κρεμάσματα μπατάλικα αμπάλωτου τετράμετρα μελισσοφάγε άμμου</Line>
<Line>άλκιμους ξεμασκάλισμα δαμάστηκα πηδηματάκι φαμπρικάρει κομπλεξικά καθυποτάσσω</Line>
<Line>τιμοκατάλογος ροδομάγουλους ξεφτάω μαδαρά μπεκιάρικος ξαποστάματος λαλάγαμε μισάωρου</Line>
<Line>τρομπάρουμε ξεπουλάμε προσπεράσω περάσω υποθαλάμιους μυρουδιά κατηγορηματικά</Line>
<Line>τρομοκράτησε μάστισε διερωτάται μαλαματικά αποκρυστάλλωση αστιγματικά υποκατάστημά</Line>
<Line>κομμάτι ασυμπάθιστο παράπτωμά λευκάσματος κάμπτεται αμαρκάριστες αμυγδάλου τσαμπάκι</Line>
<Line>δράσεως διαδραμάτισε ολιγάριθμοι εφημεριδοφάγου ευθυγράμμισε δυσάλωτε μαρμαράδικο</Line>
<Line>εμποροράφτης τομάρια μάταιοι μυρωδάτης ατμακάτους ισοπεδωτικά καλοπεράσαμε φράγματος</Line>
<Line>πετάγαμε κατασκευάσιμα γάμου οξυμετρικά πειράξω μισάωρα ξάσπρισμα άτμητος</Line>
<Line>αιματοκυλάγαμε αρμαθιάσατε φωτογράφο άωρε μαρτυριάρη πλαγιάσματα πολυγράμματους</Line>
<Line>πάθουμε μπάγκοι μεταλλάσσει μακελάρηδες ασυμπάθιστης μεταγράφηκα υπερκομματικά</Line>
<Line>ξεμπλοκάρομαι λιμάρεις παραφράσουμε αστάρωτες μαρμάρου υπεξάγομαι εισπράττουμε</Line>
<Line>πρωτομάθητε μισογεμάτους κολάσουμε μαρμελάδας αμάρτυρα μισοάδειες φορμάικες</Line>
<Line>πολυάριθμα μικροκάμωτη καταδικάσιμο καρτεράω μυταρά μάγειρα κριτικάρισμα παράμερου</Line>
<Line>εφιδρωτικά κλοτσάγαμε κάμπιες ασάλιωτης φυτογεωγραφικά διάμεσους προθεματικά</Line>
<Line>προσωπογράφο οφθαλμολογικά υποτάξεως διπλωματικά επάγγελμα πλάγιασμα</Line>
</Level>


<Level>
<!-- 13 -->
<NewCharacters>βν</NewCharacters>
<Line>κουρσεμάτων μισάνθρωπους κανελιάς ξεμωραμάτων φλιτάρονταν ακαταδάμαστων</Line>
<Line>φτηνιάρικο ενάγουσα αδιάβλητη ανασπά μποναμάς ξεδοντιάρικο ναυτεργάτες</Line>
<Line>πλατωμάτων ανθυγιεινά οικονομάν πασπάλισαν ανακάθονταν επανεντάξουμε επιλαμβάνεσαι</Line>
<Line>μεσουράνησης μπαταρισμάτων διάνοιας λιμάνια αναταράσσουν αποβρασμάτων πεντάδας</Line>
<Line>υπονομευτικά πλάνευες αποβλάκωσης περισυνάγεται πλάνων προφυλάσσονταν τρελάναμε</Line>
<Line>αυταπάρνηση ανακάθισε τιτάνες νικάγαμε ανάρμοστο αλανιάρικες εκγυμνάστηκα υφιστάμενη</Line>
<Line>κτηνάνθρωπου αναλαμβάνοντας πικάρουν επαναστάτησε κρεμάμενα αναταράξεως βλάκες</Line>
<Line>ενοικιάσατε κεντάγατε αντιστράτηγοι φλεβαριάτικους δαπανηρά παράγγελναν πενηντάρικους</Line>
<Line>θερμάνετε προσκυνάς άστρινους ξαναπατάς πετροβολάμε εφοδιάσουν αγαλμάτινοι παρακάθονται</Line>
<Line>άντεξε ενθουσιάστε άνοιξαν παρακεντάν καπλαντισμάτων διαγνωστικά αντιπυραυλικά</Line>
<Line>άξαφνου πανάκι αντράκι εμβάπτισαν καταλαμβάνω μπουμπουνητά αντιφεγγιά</Line>
<Line>κάτωθεν αποτελμάτωνε αποσυνάγωγους γραμμοσκιάσεων άνηθους θάμνων</Line>
<Line>προαπαντημάτων ξετινάξω υπερνικάει μπερμπάντικων άβαθοι πρυτανικά κβάντα</Line>
<Line>καταλογάδην πολυδάπανη επανακτάσαι γάνωμα αμιάντων ρεπουμπλικάνου δοντάκια</Line>
<Line>δυσβάστακτες δεκάμηνος βλαστημάει κατατσάκισαν ανάπτυξα κληροδοτημάτων</Line>
<Line>διαμεσολάβησε ξεβοτάνισαν πάνδροσα ανάπρωροι άμβλυνε αντιστάθμισα διηγημάτων</Line>
<Line>δεκάμηνους κυβερνάμε αριβάρει μεταβιβάσαν μοιράστηκαν αγονάτιστης θωρακισμάτων</Line>
<Line>αναταράσσεις εισβάλλουν ανάμερες εντυπωτικά αντανακλάσαι ξεκουτιάρηδων εκβάλει</Line>
<Line>αντιρρυπαντικά πειθαναγκάσαμε ισοβάθμιων πλάσθηκαν εκατοντάβαθμος τετάρτων αλάφρωνες</Line>
<Line>ανθηρά πεντάσημος δεντράκι ελληνικά λογιάσουν κορβανάς ξετρελάνει νοικάρης ακατάβλητα</Line>
<Line>λιμνάσετε γδάρθηκαν γυναικάδελφοι ανθράκευαν κουκουνάρες άργασαν ακανάκευτου</Line>
<Line>άβραστες υπεργολάβους βαθυπράσινης διαφεντεμάτων ολιγοδάπανων αποδυνάμωσα</Line>
<Line>παντρολογάγαμε μισάνθρωπων ανάσκελε βαρκάδα μωράνετε αναδεντράδων βαρδιάτορας</Line>
<Line>ταμπονάραμε κανονάκι αριβάρετε ανασκάβετε δαπάνησα φαντάσου κολλάροντας κακαβιάς</Line>
<Line>επαναστάτισσα κοκάλωνε απεικασμάτων διπλοσάγονων κρεμάσουν άοσμων διάτονου τυράννα</Line>
<Line>παράκλητων κρυστάλλινοι φρονιμάδα δαπάνης ανεξάσκητου αφανιστικά ακάρφωτων βιάσου</Line>
<Line>παραδουνάβιου εκβάσεων καταλάβαμε μεσημεριανά ανάρπαστοι περισυνάγομαι ταλάντων</Line>
<Line>άνοστου τσαγκρουνιά τάνυσε ωσάν φάνταγμα παρασκευάσουν κάρβουνο καδρονιάσουν</Line>
<Line>παρουσιάσθηκαν κουβαλάω διδάξαντα διαλευκάνατε αροκάνιστους περάστηκαν άρδευσαν</Line>
<Line>κυνηγά ενοικιάσεων κατανάλωσαν μονάκριβοι ξερνάς ανάκλασαν φρικιάσεων</Line>
<Line>αδυνάστευτων δροσάτων κάνεις άνοστα κυνικά επουράνιας δυνάστης πεντάγλωσσε</Line>
<Line>εκβάλουν ανάρθρωτους γλυκανάλατοι ενανθράκωνε ρημάτων τσεκάροντας</Line>
<Line>αποδυνάμωνες φληνάφημα πολιτογράφησαν πινάκιο ναυτασφάλεια υπερουράνιας</Line>
</Level>

<Level>
<!-- 14 -->
<NewCharacters>ψ</NewCharacters>
<Line>ψάρεψα ψηλαφισμάτων κάψαμε μελαψά μικρανεψιά εγγράψατε κάψες κάμψης</Line>
<Line>αψηφά υπογράψατε ψειριάρα ρεψιμάτων υπογράψτε προστάτεψε ψηλοτάκουνες</Line>
<Line>ψαράδικων κλάψα ψοφάνε ψεγαδιάσματα ράψε κοψομεσιάσω αψιάς ψοφολογάγαμε</Line>
<Line>ψάθινου ανάκαμψη ψιλολογάτε ανακάμψω εκσκάψουν ψάμμων ψαρομάλληδες βάψε</Line>
<Line>ψάρευε ψάλτε ψεγάδιασμα ψάλτρια υπερκάλυψες κακοπάντρεψες προσάψεις κλάδεψες</Line>
<Line>αντιγράψτε θάρρεψαν μπαστάρδεψε θρυψάλιασα κλαψιάρικων πάλεψες κανάκεψαν</Line>
<Line>αντιπάλεψα κλαψιμάτων ψοφάν ψάλανε αψηλάφητη ψαράκια πάψατε μικρανεψιάς μεταγράψουν</Line>
<Line>αψηφισιά ανασκάψεις ξεδιψάν ψειριάρικε κανάκεψες άστραψε πάντρεψα ψαράδικης κάψουν</Line>
<Line>άψυκτοι ψιττάκισε άψογε άμειψε κλάψει άψητοι ανασκάψτε αψηφάν υποψιάσθηκαν άλειψες</Line>
<Line>αψηφάτε ψαλμικά ψαριά ξεδιψάμε διψάσαμε ψωριάσετε κοψιμάτων μάντεψες επάλειψε</Line>
<Line>αποψιλωτικά ξεθαψιμάτων δασκάλεψες ξεβάψατε καψαλισμάτων ιψενικά εκσκάψετε</Line>
<Line>αψεγάδιαστε θαψιμάτων ψάθινα ψεκάσαμε αψηφάς μονογράψατε λάμψουν κλεψιά παραγράψει</Line>
<Line>κλαψιάρης εξάψουμε καταγράψουμε ανασκάψω άψογων ανάψουμε ψωμάδικο ψιλοπραμάτων</Line>
<Line>ψεματάκια ψιλά ψάρεμα ανάσκαψε άψιλης ανακάμψει προδιαγράψουμε άψογες ψεκάσεις</Line>
<Line>ψηλοτάβανων βλάψετε αναθάρρεψαν εκκολάψεων διαγράψετε κατάκαψα επικάλυψες διάσκεψη</Line>
<Line>επανάκαμψης υποθάλψεις προμάντεψα κυψελιδικά εκλάμψεως ψάλλομαι γράψει αδιάψευστο</Line>
<Line>παρακλάδεψα εγγράψιμη κοψιάς περικάλυψαν άκομψα ψάθινες ψηλοτάβανα απεκάλυψαν ψάξει</Line>
<Line>υπογράψετε βάψουν αναψηλάφηση λάμψεις ψάμμους υψωματάκι ψειριάρες μασκάρεψες</Line>
<Line>αψηλάφητοι μονογράψετε μπερδεψιά ξεθάρρεψες ανακάμψουν ανασκάψου ανιψάκια εκλάμψεων</Line>
<Line>πασάλειψαν υπερκάλυψης γραψιμάτων ξεγράψω λάμψε πιλάτεψα διψάσουν ξεψειριάσατε</Line>
<Line>μονογράψτε άναψαν ξεβάψου γιάτρεψες ακαψάλιστο άστραψα ψιλορωτάγατε αψηλάφητε</Line>
<Line>ψειριάρης κλάψιμο εξάλειψα μπαστάρδεψαν πάλεψα ψαλιδωτά ψαράδικοι άψιλα ξαναγράψετε</Line>
<Line>μονογράψαμε άλειψαν ψωριάρη κρυψιμάτων ξεδιψάτε ψεκάστηκαν ξεθάψω διαγράψτε</Line>
<Line>ψευτοδουλειάς ψηφοθηρικά ψάρεψες ψάλε αποκάλυψες ξεψειριάσματα ανασκάλεψες</Line>
<Line>ψειριάσματος εγγράψω ψάθωνε θάψε μονογράψουν περιγράψτε ξεψειριάστηκαν βλάψε καψάλα</Line>
<Line>ψαροκάλαθων ψωριάσουμε κλάψω παραβλάψει ψωριάρικα μάντεψε λάμψης ψυλλισμάτων</Line>
<Line>δασκάλεψε άψογος εξάψτε άψιλους άψητου άψιλη επανάληψιν μονογράψω τετράψηλοι</Line>
<Line>εγκατάλειψης ανάψω ακαψάλιστου ανακάλυψαν ξεβάψουν πάντρεψες μειοψηφικά κάψανε</Line>


</Level>

<Level>
<!-- 15 -->
<NewCharacters>ψ,</NewCharacters>
<Line>ψάρεψα, ψηλαφισμάτων, κάψαμε, μελαψά, μικρανεψιά, εγγράψατε, κάψες, κάμψης</Line>
<Line>αψηφά, υπογράψατε, ψειριάρα, ρεψιμάτων, υπογράψτε, προστάτεψε, ψηλοτάκουνες</Line>
<Line>ψαράδικων, κλάψα, ψοφάνε, ψεγαδιάσματα, ράψε, κοψομεσιάσω, αψιάς, ψοφολογάγαμε</Line>
<Line>ψάθινου, ανάκαμψη, ψιλολογάτε, ανακάμψω, εκσκάψουν, ψάμμων, ψαρομάλληδες, βάψε</Line>
<Line>ψάρευε, ψάλτε, ψεγάδιασμα, ψάλτρια, υπερκάλυψες, κακοπάντρεψες, προσάψεις, κλάδεψες</Line>
<Line>αντιγράψτε, θάρρεψαν, μπαστάρδεψε, θρυψάλιασα, κλαψιάρικων, πάλεψες, κανάκεψαν</Line>
<Line>αντιπάλεψα, κλαψιμάτων, ψοφάν, ψάλανε, αψηλάφητη, ψαράκια, πάψατε, μικρανεψιάς, μεταγράψουν</Line>
<Line>αψηφισιά, ανασκάψεις, ξεδιψάν, ψειριάρικε, κανάκεψες, άστραψε, πάντρεψα, ψαράδικης, κάψουν</Line>
<Line>άψυκτοι, ψιττάκισε, άψογε, άμειψε, κλάψει, άψητοι, ανασκάψτε, αψηφάν, υποψιάσθηκαν, άλειψες</Line>
<Line>αψηφάτε, ψαλμικά, ψαριά, ξεδιψάμε, διψάσαμε, ψωριάσετε, κοψιμάτων, μάντεψες, επάλειψε</Line>
<Line>αποψιλωτικά, ξεθαψιμάτων, δασκάλεψες, ξεβάψατε, καψαλισμάτων, ιψενικά, εκσκάψετε</Line>
<Line>αψεγάδιαστε, θαψιμάτων, ψάθινα, ψεκάσαμε, αψηφάς, μονογράψατε, λάμψουν, κλεψιά, παραγράψει</Line>
<Line>κλαψιάρης, εξάψουμε, καταγράψουμε, ανασκάψω, άψογων, ανάψουμε, ψωμάδικο, ψιλοπραμάτων</Line>
<Line>ψεματάκια, ψιλά, ψάρεμα, ανάσκαψε, άψιλης, ανακάμψει, προδιαγράψουμε, άψογες, ψεκάσεις</Line>
<Line>ψηλοτάβανων, βλάψετε, αναθάρρεψαν, εκκολάψεων, διαγράψετε, κατάκαψα, επικάλυψες, διάσκεψη</Line>
<Line>επανάκαμψης, υποθάλψεις, προμάντεψα, κυψελιδικά, εκλάμψεως, ψάλλομαι, γράψει, αδιάψευστο</Line>
<Line>παρακλάδεψα, εγγράψιμη, κοψιάς, περικάλυψαν, άκομψα, ψάθινες, ψηλοτάβανα, απεκάλυψαν, ψάξει</Line>
<Line>υπογράψετε, βάψουν, αναψηλάφηση, λάμψεις, ψάμμους, υψωματάκι, ψειριάρες, μασκάρεψες</Line>
<Line>αψηλάφητοι, μονογράψετε, μπερδεψιά, ξεθάρρεψες, ανακάμψουν, ανασκάψου, ανιψάκια, εκλάμψεων</Line>
<Line>πασάλειψαν, υπερκάλυψης, γραψιμάτων, ξεγράψω, λάμψε, πιλάτεψα, διψάσουν, ξεψειριάσατε</Line>
<Line>μονογράψτε, άναψαν, ξεβάψου, γιάτρεψες, ακαψάλιστο, άστραψα, ψιλορωτάγατε, αψηλάφητε</Line>
<Line>ψειριάρης, κλάψιμο, εξάλειψα, μπαστάρδεψαν, πάλεψα, ψαλιδωτά, ψαράδικοι, άψιλα, ξαναγράψετε</Line>
<Line>μονογράψαμε, άλειψαν, ψωριάρη, κρυψιμάτων, ξεδιψάτε, ψεκάστηκαν, ξεθάψω, διαγράψτε</Line>
<Line>ψευτοδουλειάς, ψηφοθηρικά, ψάρεψες, ψάλε, αποκάλυψες, ξεψειριάσματα, ανασκάλεψες</Line>
<Line>ψειριάσματος, εγγράψω, ψάθωνε, θάψε, μονογράψουν, περιγράψτε, ξεψειριάστηκαν, βλάψε, καψάλα</Line>
<Line>ψαροκάλαθων, ψωριάσουμε, κλάψω, παραβλάψει, ψωριάρικα, μάντεψε, λάμψης, ψυλλισμάτων</Line>
<Line>δασκάλεψε, άψογος, εξάψτε, άψιλους, άψητου, άψιλη, επανάληψιν, μονογράψω, τετράψηλοι</Line>
<Line>εγκατάλειψης, ανάψω, ακαψάλιστου, ανακάλυψαν, ξεβάψουν, πάντρεψες, μειοψηφικά, κάψανε</Line>
</Level>

<Level>
<!-- 16 -->
<NewCharacters>χ</NewCharacters>
<Line>άχροες βλάχικους οχτωβριάτικου πετάχτηκε χαμηλοτάκουνοι άσιαχτων εξιχνιάσου</Line>
<Line>εικοσάχρονε αχαράκωτη άχρηστου κοχυλάκι αποξεχάσει ανάδοχων αντιπαχυντικά</Line>
<Line>αλληλοδιάδοχη χασομεράν άψαχτος μοσχοπουλάει κατάσχω ιεράρχησαν χαλκοπράσινοι</Line>
<Line>βατράχια εναλλάχτηκε άχραντης τρανταχτά αρπαχτικά χαρισάμενης κοινοτάρχες αγκομάχημα</Line>
<Line>άσπλαχνος χωμάτινη αρχιπελάγη χαιρετάς φιλάρχαιε βαρυχειμωνιάς χαραμάδες χαλάσουμε</Line>
<Line>πανάχραντου εξάχρονε απειθάρχητης άβρεχτης χινοπωριάτικη χωριάτικα φρουράρχους</Line>
<Line>βράχνιασμα ιχθυοφάγου λαχανιασμάτων λαχάνιασε χαλκωμάτων χάλκευσης ησυχάσουμε</Line>
<Line>εργοστασιάρχες φτιάχνοντάς χοντρικά μυγιάγγιχτα βραχμάνων υπάρχοντας φτωχά υποναυάρχων</Line>
<Line>ψυχοπλάνους προσκυνοχάρτι φελάχων χουντικά πειθαρχικά περιχαράκωσε άχροη ενοχλημάτων</Line>
<Line>τετράδραχμου χάμπουργκερ κατσάβραχα χωμάτισα προσχημάτισαν πάμφτωχε αρχοντάνθρωπος</Line>
<Line>χριστιανομάχο λειχηνιάρα πανάχραντε βατράχους ταξιάρχες ανασχεδιάσατε καυχησιάρικων</Line>
<Line>ορειχάλκινους αποξεχάσαμε χαρτογράφων μάχαιραν πεντάτευχους χαλκογράφου χαβαδάκι</Line>
<Line>δωδεκάχρονες βραχυκατάληκτα μηχανογράφων οχτάπλευρος πολιτάρχης μαραθωνομάχου</Line>
<Line>πατάχτηκε εξάχνωσης επιτυγχάνουμε χάρηκες παραχάραξες χρονικογράφο ανιχνευτικά</Line>
<Line>εισπράχτηκαν τετράχρωμε αχυράνθρωπου χαρτάκι πενταδάχτυλος φτιάχνω οχτάωρε χεροκάμωτος</Line>
<Line>πανάρχαιος ενεχυριάσεων εκατοντάχρονες πενηντάδραχμων προμάχων πλανητάρχη ξετινάχτηκα</Line>
<Line>ορειχάλκινες λάχω εγχάραξαν άχροης μηχανοστάσια αποξεχνάει άτυχε χαμογελάει φυγομάχησαν</Line>
<Line>περιμάχητης πάχτωμα πολυτάραχου αχάιδευτο επτάστιχος τετράπαχους χάη δωδεκάχρονους</Line>
<Line>αναχωμάτωσε διαταράχτηκε κοπροχωμάτων ξαναχτυπάτε μυγιάγγιχτους χαρτοφυλάκια</Line>
<Line>εκχριστιάνισε αρπάχτηκε πλουσιοπάροχοι εξιχνιάσουν πολυκάτεχος πολυάσχολα παράχορδα</Line>
<Line>αλληλοδιάδοχου κακάσχημου γιουχάρονται τάχιστες κοψοχρονιά απειθάρχητα τσεχοσλοβάκικα</Line>
<Line>πλουσιοπάροχο απαράδεχτης χοροπηδάγατε χαιρετάω χαμογελαστά χαρτογιακάδων</Line>
<Line>παιχνιδιάρικων ξαστοχιά χαλάκι παραχαράκτης βροχερά δωδεκάχρονης χτικιάρικων κυριάρχηση</Line>
<Line>αρχάς χωρά ασχημάνθρωπους χιονοστιβάδων παραχαράξτε εγχάρακτο άταχτοι απαραχάρακτα</Line>
<Line>τσεχοσλοβάκικη μονομάχησαν ανταλλάχτηκες φοροτεχνικά άναρχους χαράκωσε λαχταράγαμε</Line>
<Line>άπλεχτο χάσης τροχιά χρυσοβάφεται αράχνινων χοντρουλά χωνευτά πεντάχορδο χαλκά νυχάτου</Line>
<Line>απαραχάρακτων εγχάρακτες αναπάντεχης ξενυχιάστε αχνά άσκιαχτε πρωτάρχισα ορειχάλκινων</Line>
<Line>ποθοπλάνταχτοι μεταψυχικά ενωμοτάρχης εγχαράχτηκες μηχανογράφησε χιλιαπλάσιο</Line>
<Line>χριστιανομάχων πάμπτωχους χιονοστιβάδας άμαχης διαχωριστικά μάχιμης πατριάρχης</Line>
<Line>εξιχνιάστηκα κάτισχνοι άλλαχτη ναυμάχησες ελάχιστε καυχάστε προπτυχιακά ξωμάχους άμοχθους</Line>
<Line>τράχυνση χαλκογράφος χάθηκες ανεπάντεχου αντιτάχτηκε χαρατσωμάτων αναπάντεχου χάρασσες</Line>
<Line>αχωνεψιά άπηχτο άρχουσα άχαρη χοιράδες ψάχνονται ναυάρχου άχολες ξεχαρβάλωτε διαμάχομαι</Line>
</Level>

<Level>
<!-- 17 -->
<NewCharacters>χ.</NewCharacters>
<Line>άχροες. βλάχικους. οχτωβριάτικου. πετάχτηκε. χαμηλοτάκουνοι. άσιαχτων. εξιχνιάσου.</Line>
<Line>εικοσάχρονε. αχαράκωτη. άχρηστου. κοχυλάκι. αποξεχάσει. ανάδοχων. αντιπαχυντικά.</Line>
<Line>αλληλοδιάδοχη. χασομεράν. άψαχτος. μοσχοπουλάει. κατάσχω. ιεράρχησαν. χαλκοπράσινοι.</Line>
<Line>βατράχια. εναλλάχτηκε. άχραντης. τρανταχτά. αρπαχτικά. χαρισάμενης. κοινοτάρχες. αγκομάχημα.</Line>
<Line>άσπλαχνος. χωμάτινη. αρχιπελάγη. χαιρετάς. φιλάρχαιε. βαρυχειμωνιάς. χαραμάδες. χαλάσουμε.</Line>
<Line>πανάχραντου. εξάχρονε. απειθάρχητης. άβρεχτης. χινοπωριάτικη. χωριάτικα. φρουράρχους.</Line>
<Line>βράχνιασμα. ιχθυοφάγου. λαχανιασμάτων. λαχάνιασε. χαλκωμάτων. χάλκευσης. ησυχάσουμε.</Line>
<Line>εργοστασιάρχες. φτιάχνοντάς. χοντρικά. μυγιάγγιχτα. βραχμάνων. υπάρχοντας. φτωχά. υποναυάρχων.</Line>
<Line>ψυχοπλάνους. προσκυνοχάρτι. φελάχων. χουντικά. πειθαρχικά. περιχαράκωσε. άχροη. ενοχλημάτων.</Line>
<Line>τετράδραχμου. χάμπουργκερ. κατσάβραχα. χωμάτισα. προσχημάτισαν. πάμφτωχε. αρχοντάνθρωπος.</Line>
<Line>χριστιανομάχο. λειχηνιάρα. πανάχραντε. βατράχους. ταξιάρχες. ανασχεδιάσατε. καυχησιάρικων.</Line>
<Line>ορειχάλκινους. αποξεχάσαμε. χαρτογράφων. μάχαιραν. πεντάτευχους. χαλκογράφου. χαβαδάκι.</Line>
<Line>δωδεκάχρονες. βραχυκατάληκτα. μηχανογράφων. οχτάπλευρος. πολιτάρχης. μαραθωνομάχου.</Line>
<Line>πατάχτηκε. εξάχνωσης. επιτυγχάνουμε. χάρηκες. παραχάραξες. χρονικογράφο. ανιχνευτικά.</Line>
<Line>εισπράχτηκαν. τετράχρωμε. αχυράνθρωπου. χαρτάκι. πενταδάχτυλος. φτιάχνω. οχτάωρε. χεροκάμωτος.</Line>
<Line>πανάρχαιος. ενεχυριάσεων. εκατοντάχρονες. πενηντάδραχμων. προμάχων. πλανητάρχη. ξετινάχτηκα.</Line>
<Line>ορειχάλκινες. λάχω. εγχάραξαν. άχροης. μηχανοστάσια. αποξεχνάει. άτυχε. χαμογελάει. φυγομάχησαν.</Line>
<Line>περιμάχητης. πάχτωμα. πολυτάραχου. αχάιδευτο. επτάστιχος. τετράπαχους. χάη. δωδεκάχρονους.</Line>
<Line>αναχωμάτωσε. διαταράχτηκε. κοπροχωμάτων. ξαναχτυπάτε. μυγιάγγιχτους. χαρτοφυλάκια.</Line>
<Line>εκχριστιάνισε. αρπάχτηκε. πλουσιοπάροχοι. εξιχνιάσουν. πολυκάτεχος. πολυάσχολα. παράχορδα.</Line>
<Line>αλληλοδιάδοχου. κακάσχημου. γιουχάρονται. τάχιστες. κοψοχρονιά. απειθάρχητα. τσεχοσλοβάκικα.</Line>
<Line>πλουσιοπάροχο. απαράδεχτης. χοροπηδάγατε. χαιρετάω. χαμογελαστά. χαρτογιακάδων.</Line>
<Line>παιχνιδιάρικων. ξαστοχιά. χαλάκι. παραχαράκτης. βροχερά. δωδεκάχρονης. χτικιάρικων. κυριάρχηση.</Line>
<Line>αρχάς. χωρά. ασχημάνθρωπους. χιονοστιβάδων. παραχαράξτε. εγχάρακτο. άταχτοι. απαραχάρακτα.</Line>
<Line>τσεχοσλοβάκικη. μονομάχησαν. ανταλλάχτηκες. φοροτεχνικά. άναρχους. χαράκωσε. λαχταράγαμε.</Line>
<Line>άπλεχτο. χάσης. τροχιά. χρυσοβάφεται. αράχνινων. χοντρουλά. χωνευτά. πεντάχορδο. χαλκά. νυχάτου.</Line>
<Line>απαραχάρακτων. εγχάρακτες. αναπάντεχης. ξενυχιάστε. αχνά. άσκιαχτε. πρωτάρχισα. ορειχάλκινων.</Line>
<Line>ποθοπλάνταχτοι. μεταψυχικά. ενωμοτάρχης. εγχαράχτηκες. μηχανογράφησε. χιλιαπλάσιο.</Line>
<Line>χριστιανομάχων. πάμπτωχους. χιονοστιβάδας. άμαχης. διαχωριστικά. μάχιμης. πατριάρχης.</Line>
<Line>εξιχνιάστηκα. κάτισχνοι. άλλαχτη. ναυμάχησες. ελάχιστε. καυχάστε. προπτυχιακά. ξωμάχους. άμοχθους.</Line>
<Line>τράχυνση. χαλκογράφος. χάθηκες. ανεπάντεχου. αντιτάχτηκε. χαρατσωμάτων. αναπάντεχου. χάρασσες.</Line>
<Line>αχωνεψιά. άπηχτο. άρχουσα. άχαρη. χοιράδες. ψάχνονται. ναυάρχου. άχολες. ξεχαρβάλωτε. διαμάχομαι.</Line>
</Level>

<Level>
<!-- 18 -->
<NewCharacters>ζ</NewCharacters>
<Line>ξεμασκάλιζαν ζάπλουτε ζοχαδιάστηκε βραζιλιανά διπλασιάζω πιρουνιάζοντας κομπάζετε</Line>
<Line>γάντζωσε εστιάζω ανασχημάτιζε μοιράζατε επονομάζει παραχάραζα παραμυθιάζεται</Line>
<Line>αγοράζονται αρραβωνιάζω αποφάσιζες κουρελιάζει ξεκοκάλιζες μετζοσοπράνο ζιζάνιο</Line>
<Line>τζάνερων παρασκευάζω κράζεις ζαβά τεχνάζονταν ζαχάρων αναμηρυκάζετε ζυγιάσατε</Line>
<Line>ξεβοτάνιζε βάφτιζες αλαφιάζομαι ζαγανιάρης πρωτοκάθιζαν ξενυχιάζει προαγοράζαμε</Line>
<Line>διαμοιράζονται ρελιάζετε παρτιζάνε νοικιάζατε παρακουράζομαι γριπιάζονται καταδικάζουν</Line>
<Line>ανεμομαζεμάτων παραχαράζαμε ομοτράπεζα θυσιάζεστε ξεπαραδιάζεσαι κατακάθιζαν</Line>
<Line>ησυχάζουμε αβαντζάρισα ντουμανιάζει ξεπαραδιάζεται μετονομάζεσαι ξελογιάζουμε</Line>
<Line>μεταβιβάζεστε καταυγάζουν γάζωσαν τάιζα βαστάζεστε τριζοβολάν αναστενάζω βαστάζοι</Line>
<Line>αδυνάτιζες κομπάζεις τζιτζιφιάς βαριοκάρδιζε ροζιασμάτων περιαρπάζω βαθυγάλαζε τρυπογάζια</Line>
<Line>ζάβαλη εκβιάζω διαβάθμιζα καλαθιάζομαι γρανάζι κατακουράζεστε διατάζοντας κοψομεσιάζεστε</Line>
<Line>καταχωνιάζαμε φωτοσκιάζεστε ασυμμάζευτης τινάζεται ομοτράπεζης ναζιάρικες χρωμάτιζε</Line>
<Line>αλλάζεσαι παρασκευάζετε μανατζάρομαι παιδιάριζες ξελαιμιάζονταν δελεάζουν ξεψειριάζατε</Line>
<Line>διαδραμάτιζα παλάντζαρα μηρυκάζομαι εγκωμιάζω μοιάζεις λογιάζεσαι τάνυζα ζάχαρα</Line>
<Line>ξεμοναχιάζει κολάζουμε χαράζεστε ενσταλάζαμε οχταπλασιάζετε χτικιάζω ξελογιάζει παραζάλισαν</Line>
<Line>εκτροχιάζονται ετοιμάζετε απουσιάζοντες βαθυγάλαζα ροζιάρικες τραπεζάκια ισοζυγιάστηκαν</Line>
<Line>ράντιζε ταράζατε προεικάζονταν μπάντζο προγευμάτιζαν δοξάζω μάτιζε μεταφράζονται</Line>
<Line>μπιζελιά υποβαστάζεστε ξεδοντιάζει απάρτιζε κουράζετε καδρονιάζονταν χορταριάζω εκχυδάιζα</Line>
<Line>ενταφιάζεις θυμιάζουν ξαραχνιάζατε υπενοικιάζει οργιάζανε αλφαδιάζοντας βράζαμε ζωγραφικά</Line>
<Line>κολάζει παρονομάζεις ιδεάζονταν ατιμάζεσαι ονομάζεται χειμάζεται παχνιάζεστε δελεάζεται</Line>
<Line>αναγκάζεστε χαζολογάς τραυμάτιζα περονιάζεται παραδιαβάζουν γκάριζες εξωράιζα βάζων</Line>
<Line>γυμνάζουν προοιμιάζεσαι αναμαλλιάζουμε ξαναδιαβάζει νοιάζονται εξαναγκάζονται</Line>
<Line>παρασκευάζαμε φάνταζαν φαφλάτιζες αναγκάζοντας ζητάω ξανάζησαν πειθαναγκάζετε</Line>
<Line>κατασιγάζονται ξεμοναχιάζατε γαργάριζαν φαντάζω καρπαζιάς ξαφνιάζουμε επανεξετάζω</Line>
<Line>αλατζάδες κακοστομαχιάζω καταδαμάζεσαι θυμιάζεις ζαλισμάτων καλπουζάνικου ουρλιάζω</Line>
<Line>δαμάζεις μετριάζονται καλοζυγιάζει καλοζυγιάζεσαι εξιχνιάζετε βάζανε επηρεάζαμε εξιχνιάζοντας</Line>
<Line>θηλάζω παραβιάζατε κατακομμάτιαζα ζαχάρωσα καταλαγιάζουν εξαφάνιζα αναμαλλιάζω</Line>
<Line>διπλασιάζαμε λαμπαδιάζεις ανάβλυζε παρουσιάζεις φευγάτιζαν βαθυγάλαζες κορνιζάρισε ισάζω</Line>
<Line>ξεκατινιάζαμε φωτοσκιάζονται χαλάλιζε υπερφαλάγγιζε ξεβγάζω κατευνάζουμε κατάσφαζα</Line>
</Level>

<Level>
<!-- 19 -->
<NewCharacters>αβγδεζηθικλμνξοπρστυφχψω΄,.;</NewCharacters>
<Line>ιδιάζουσας, βαδίζω; πλαστικοποιητές. απευθυνόμενων; ροδισμένο, ακριβότερο</Line>
<Line>διακοσμούταν; προϋπολογίζατε. γεματούτσικοι, ολόρθου; καταρρεύσεις; μετρά, δείκτες</Line>
<Line>ανυπόστατων. παστωθούν; διέγνωσε, παρονομάζω; ριγούμε, κάθιδρο. ερωτόληπτου</Line>
<Line>τσαλαβουτούμε; οχυρώσετε; απεχθέστερων, ετοιμάστηκαν. ζουλισμένοι; μερών</Line>
<Line>γενναίο, σοφιστευόταν; στριφωθούμε. ακασσιτέρωτο; συγχωνεύοντας, οστεορραφία</Line>
<Line>οκταγωνικό; κακοτυχία. διαγουμίζονταν; παλαμίζω; κομματικοποιούσατε, τορνάρεσαι</Line>
<Line>συγχωρητικών; αποτολμάμε. αίσχη; μηδενισμένα; σπάζω, αεροψεκασμού; ηδυνόντουσαν</Line>
<Line>σφαλερότητας. τρυγητών; εφέσεων, σελινιού; ξανακτιστούμε. απαραχάρακτε</Line>
<Line>προγεύσεις, βρεφοκομικό; ξεσκονίζεσαι; καταματώνει, πρωτάρη. χημείες; παραφραστείς</Line>
<Line>αποτελείωναν, τζίρου; φορητοί. αναποδογύρισες, κρεολούς; υαλογραφιών; πειράξαμε</Line>
<Line>καταψηφίζατε. γευσιγνώστρια, εγκεφαλονωτιαίες; καταμέριζε; γλυκοκοιταζόσουν</Line>
<Line>υπερτερήσατε. κορδονέτο, ευσπλαγχνιζόμασταν; ποσοστό; αποναρκωθήκατε. στοίχισε</Line>
<Line>δυτικότατο, προσευχής; τομεακό; αποζημιώνονταν. αρρωστιάρικες, σελωνόσασταν</Line>
<Line>κονταροχτύπησα; λαμβάνων; κοσμηθεί. απαθώς, καψαλιστού; κηδεμονευμένος</Line>
<Line>διαγράμμιζα; ξενοικιαζόμασταν, βαπτίζετε; βουρκωθείς. προβάτων, προγεννητικοί</Line>
<Line>κοινώνησα; πωλητήριου; τονισθούν, μαστικών. αμέριμνος; πρωτεϊνικών, ακαταδάμαστης</Line>
<Line>κατενθουσιασμένε; ακαταδίκαστα. μπουτίκ. λιμαριστήκαμε, χορωδίες; φυτεύετε</Line>
<Line>χρονοδιακόπτη; κάθαρση. οδοντογραφικών, μπουρεκάκι; αποδοτικού; εμπορεύσιμη</Line>
<Line>συγχρόνισες, αποψίλωσης; κυριευμένη. δραγάτη, απαυγάσματα; κατσικοπόδαρες</Line>
<Line>οξυμένοι; εκφορτωμένε, σκιερό. αναρπάξουν; επανακάμπτεσαι, συνεκτιμήσει; αναλυόσουν</Line>
<Line>τζαμαϊκανά. επιδόσεων; ιδεαστήκαμε, ψιλολόγησε; ηλεκτρομαγνητικές. αξιαζούμενος</Line>
<Line>εσώτερα; κατάφυτε, καμπύλες; αφθαρσίας. ανατρέψιμης; Ρέμο, λυσσάσματος; εποπτεύσει</Line>
<Line>κασελάκι. ξεφτίζουμε; πραγματοποιούμε, μελανωπών; πλοηγούσε; ξεσπαθωμένοι</Line>
<Line>καταπικραίνετε. γιούσουρι, κήδευσης; δωδεκαετούς; ταβάνωμα. συμβεβλημένους</Line>
<Line>ναυλώθηκε, ξεσκονιστήρια; κοντρολάρεστε, αντιστυλώνονται; νυσταλέων. ακύρωσες</Line>
<Line>στροβιλισμένου, εξανδραποδισμένος; ίδιων; καπελωνόσασταν, φιλειρηνιστικές. προγύμναζαν</Line>
<Line>στενόφυλλες; λαβώναμε; κρέμασε, αξιοποιημένος. μεταφερτού; διαθλώνται; κάδες, αλαφρωμένε</Line>
<Line>αντεργατικό; σεκλετίστηκες. ξεκουτιασμένος; θεόληπτων, κόχης; μαρκαρισμένος. παραλογιστικέ</Line>
<Line>τρεχούμενη; ηχολογώ, κονσερβάριζαν; κεντιδιού. υπεραυξανόμουν, ενδυναμώνω; σμιλευτού</Line>
<Line>κατάκρυος. ανατασσόμαστε, καταχαρούμενης; βουβαλίσια; ισάξιων, αποδελτιωθήκαμε. παλιόγερου</Line>
</Level>

 <Level>
 <!-- 20 -->
 <NewCharacters>ΑΒΓΔΕΖΗΘΙΚΛΜΝΞΟΠΡΣΤΥΦΧΨΩ</NewCharacters>
<Line>Βόλβη Ρόδος Πετρούπολη Ασπρόπυργος Βέροια Διδυμότειχο Καισαριανή</Line>
<Line>Αλμωπία Πάρος Ύδρα Αμαρούσιο Δεσκάτη Κάσος Λιβαδειά Παιονία Μέτσοβο</Line>
<Line>Πάτρα Πρέβεζα Ζίτσα Θέρμο Ηράκλειο Αστυπάλαια Ευρώτας Ωραιόκαστρο Σκύδρα</Line>
<Line>Σφακιά Μύκη Αλόννησος Ορχομενός Αλίαρτος Πύλη Θάσος Κίσσαμος Αριστοτέλης</Line>
<Line>Λαμία Πύργος Αρριανά Σητεία Αιγιάλεια Τριφυλλία Γλυφάδα Φάρσαλα Άλιμος</Line>
<Line>Νεστόριο Ζάκυνθος Κηφισιά Τρίκαλα Αγρίνιο Αμφιλοχία Αιγάλεω Μαλεβίζι Παιανία</Line>
<Line>Κιλκίς Χίος Μύκονος Τήνος Χερσόνησος Ωρωπός Ρέθυμνο Χαλάνδρι Ελασσόνα</Line>
<Line>Αίγινα Άβδηρα Ληξούρι Σαρωνικός Βελβεντός Ηράκλειο Τήλος Σκόπελος Λειψοί</Line>
<Line>Θήβα Βόλος Μυτιλήνη Πωγώνι Κως Κασσάνδρα Αποκορώνας Δωδώνη Παρανέστι</Line>
<Line>Ελευσίνα Ζωγράφου Κάρπαθος Ηγουμενίτσα Ανώγεια Πειραιάς Σίφνος Τόπειρος</Line>
<Line>Κίμωλος Ανάφη Μεσσήνη Άρτα Παγγαίο Στυλίδα Ερέτρια Αγιά Βύρωνας</Line>
<Line>Ηράκλεια Χαλκηδόνα Πόρος Λαγκαδάς Θέρμη Σέρρες Παλλήνη Καρπενήσι Σιθωνία</Line>
<Line>Πρέσπες Κωρωπί Βισαλτία Αγαθονήσι Χάλκη Λοκροί Σπάρτη Αμύνταιο Ίασμος</Line>
<Line>Σικυώνα Καστοριά Θήρα Σαμoθράκη Μεγανήσι Καλαμπάκα Σκιάθος Ορεστιάδα</Line>
<Line>Ξάνθη Πέραμα Τανάγρα Κάλυμνος Άνδρος Χανιά Φλώρινα Ιεράπετρα Μεγαλόπολη</Line>
<Line>Κιλελέρ Ερύμανθος Λέρος Μονεμβασιά Θεσσαλονίκη Ηλίδα Σίκινος Σέριφος</Line>
<Line>Αλεξανδρούπολη Σάμης Έδεσσα Δωρίδα Πάργα Προσοτσάνη Ικαριά Μαραθώνα</Line>
<Line>Διόνυσος Ψαρά Κατερίνη Καλαμαριά Δέλτα Φιλιάτες Ζαχάρω Αλμυρός Σκύρος</Line>
<Line>Καλαμάτα Αμοργός Σύμη Λευκάδα Ιθάκη Πέλλα Πολύγυρος Οινούσσες Σαλαμίνα</Line>
<Line>Κορυδαλλός Παλαμάς Μεγίστη Ελαφόνησος Νεμέα Σούλι Άγραφα Δελφοί Αντίπαρος</Line>
<Line>Νέστος Γρεβενά Σουφλί Ζηρός Αγκίστρι Γόρτυνα Αργοστόλι Δομοκός Μουζάκι</Line>
<Line>Μυλοπόταμος Ίος Αργιθέα Ζαγόρι Καρδίτσα Νάουσα Ξηρόμερο Βιάννος Καβάλα</Line>
<Line>Νίσυρος Σιντική Αχαρνές Σπέτσες Περιστέρι Χαλκίδα Κομοτηνή Μέγαρα Εορδαία</Line>
<Line>Ορεστίδα Τύρναβος Λαυρεωτική Τέμπη Επίδαυρος Σέρβια Φυλή Μεταμόρφωση</Line>
<Line>Δράμα Τρίπολη Δοξάτο Κάρυστος Καλλιθέα Σοφάδες Λήμνος Πεντέλη Πηνειός</Line>
<Line>Κύθηρα Φολέγανδρος Φούρνοι Πάτμος Κέα Βοΐο Κόρινθος Γαύδος Γαλάτσι</Line>
<Line>Ηλιούπολη Μήλος Μεσολόγγι Ναυπακτία Μακρακώμη Λάρισα Ερμιονίδα</Line>
<Line>Παξοί Κόνιτσα Φαιστός Φαρκαδόνα Καλάβρυτα Αμάρι Ιωάννινα Αμφίπολη Χαϊδάρι</Line>
<Line>Γορτυνία Αλεξάνδρεια Οιχαλία Ναύπλιο Πλατανιάς Θερμαϊκός Κοζάνη Βριλήσσια Αθήνα Κύθνος</Line>
 </Level>


 <Level>
 <!-- 21 -->
 <NewCharacters>1234567890=+-</NewCharacters>
	<Line>1+3=4 2-1=1 5+3=8 11-5=6 12-3=9</Line>
	<Line>2-1=1 5+3=8 12-3=9 13+1=14</Line>
	<Line>13+1=14 22-13=9 29+11=40 28+3=31</Line>
	<Line>22-13=9 29+11=40 11-5=6 1+3=4 28+3=31</Line>
 </Level>


<Level>
<!-- 22 -->
<NewCharacters>μερικές προτάσεις</NewCharacters>
<Line>Ο μάραθος (ή μάραθο, ή φινόκιο) είναι ποώδες και αρωματικό φυτό.</Line>
<Line>Οι κύριες χρήσεις του φυτού είναι στη μαγειρική και ζαχαροπλαστική, την αρωματοποιία και την οινοπνευματοποιία.</Line>
<Line>Ρητίνη (ή ρετσίνι) στην πιο ειδική χρήση του όρου είναι μια έκκριση υδρογονανθράκων πολλών φυτών, ειδικά των κωνοφόρων δένδρων.</Line>
<Line>Στερεοποιημένη ρητίνη από την οποία τα πτητικά τερπένια έχουν αφαιρεθεί με απόσταξη είναι γνωστή ως κολοφώνιο.</Line>
<Line>Το μεγαλύτερο μέρος του κεχριμπαριού στον κόσμο είναι ηλικίας 30-90 εκατομμυρίων ετών.</Line>
<Line>Το κεχριμπάρι είναι πολύ ελαφρύ και δίνει την αίσθηση πλαστικού.</Line>
<Line>Ο Παρνασσός είναι βουνό της Στερεάς Ελλάδας που εκτείνεται στους νομούς Βοιωτίας, Φθιώτιδας και Φωκίδας.</Line>
<Line>Στα βορειοδυτικά ενώνεται με τη Γκιώνα ενώ στα νότια συνδέεται με την Κίρφη.</Line>
<Line>Πολλές παραδόσεις της ελληνικής μυθολογίας και της γένεσης του ελληνικού έθνους έχουν συνδεθεί με τον Παρνασσό.</Line>
<Line>Οι αχινοί, ή αχινιοί, (καθαρεύουσα εχίνοι), είναι μικρά, θαλάσσια ζώα με ασβεστολιθικό σφαιρικό κέλυφος που φέρουν αγκάθια.</Line>
<Line>Ειδικότερα, ζουν στη λάσπη του βυθού ή σε μέρη με φύκια ή επάνω σε βράχους, σε μικρό σχετικά βάθος.</Line>
<Line>Σύμφωνα με ένα γενικότερο ορισμό, φωτορύπανση είναι κάθε υπερβολικός, άστοχα κατευθυνόμενος ή ενοχλητικός τεχνητός φωτισμός.</Line>
<Line>Αρκετές οργανώσεις στη βιομηχανία αναγνωρίζουν πλέον τη φωτορύπανση ως σημαντικό ζήτημα.</Line>
<Line>Κάποιες άλλες μορφές φωτορύπανσης είναι πιο αποδεκτές από άλλες.</Line>
<Line>Σύμφωνα με ένα γενικότερο ορισμό, φωτορύπανση είναι κάθε υπερβολικός, άστοχα κατευθυνόμενος ή ενοχλητικός τεχνητός φωτισμός.</Line>
<Line>Αρκετές οργανώσεις στη βιομηχανία αναγνωρίζουν πλέον τη φωτορύπανση ως σημαντικό ζήτημα.</Line>
</Level>

 </Levels>
</RasytiLecture>
