<RasytiLecture>
 <Title>Gaeilge</Title>
 <Comment>created by Manfred Schulenburg</Comment>
 <Levels>
 <Level>
 <!-- 1 -->
 <NewCharacters>dk (ní fíorfhocail iad)</NewCharacters>
 <Line>kk ddd dk dkdd dkk kddk kk dkdd dkk kk ddd kdd kdd kdk dkd ddd</Line>
 <Line>k kddk ddd kddk dkd kddk k d kdd dkk d kdd dk ddd kddk k k kdk</Line>
 <Line>kddk dkk ddd kk dk kddk kddk k kdd kdd dk kdk d dd k d kdd dd ddd</Line>
 <Line>k ddd k kddk d d ddd k d ddd dd kk kdk kdd k k kk ddd dd kdk k</Line>
 <Line>kk k kddk kdd kdd k d kdk k dd dd dkk dd dkd k dk ddd kdd d ddd</Line>
 <Line>dkd kddk k k kdk dd kdk k d kdk kdd k dk d dk d kdd kddk dd dkk k</Line>
 <Line>dkd dkk d k d k dkd k ddd d kdk k kddk d dkk dd d k dk d kk dd kdd</Line>
 <Line>kdk dkd dkd d kdk kddk dd kk kdd k dkk dkk k kdk dd dd k dkd d kdd</Line>
 <Line>ddd dkk dd kdd dkd k kdd kddk dd dd dk dkk kk k dk dd kk kddk d</Line>
 <Line>dkk kdk k k dkd kddk k dd d kdd d kdd dk k k d kk dd d kdk dkd dd</Line>
 <Line>dd dk d k d kk d kddk dkk k kdd dkk d dk kdk d kddk kdd d dd dk</Line>
 <Line>kdd dkd dkd kddk k k ddd dd kdd kddk d kddk dk kddk dk k kdd d d</Line>
 <Line>ddd dd dk d kk kdk dd ddd kk dk d dkd k kk kk d dk ddd dkk dkk k</Line>
 <Line>dk d dkd kdd dkd kddk kdd kddk kddk dd ddd kk dkd d dd k dd dkd</Line>
 <Line>dkk k k d d d k k dd ddd k kdd d kddk kdd k kddk kdk kk k dk kddk</Line>
 <Line>kdd kdd d k dk k kddk kk dk kk dkk dk d kdk k kddk kdd d dkk dd</Line>
 <Line>k dk k kddk dk ddd k kddk kddk d d k dkd k ddd d k kddk k d dd</Line>
 <Line>dd kdd kddk k k dkk dd dkk k d dkk k kk kddk dk kdd kdd dk d dkk</Line>
 <Line>kdk dd dd dd dkd dk d dkd d kddk dkk kk kdd k d k d k k dd k kdd</Line>
 <Line>dk ddd kddk d k k dd dd ddd kk d kdk k kdd dkd dkd kdk dd ddd d</Line>
 <Line>kdd dd dkd ddd dd dd k d d dkk ddd ddd k dd dkk k k k k kdk kddk</Line>
 <Line>dkk d ddd kddk kk kddk d d kdk kdd dd d kddk k ddd dkd dd kddk kdk</Line>
 <Line>kdd ddd d d ddd dk k k d kdd kddk dkd kdd k kk d d dd dk dd dkd</Line>
 <Line>dkk kdd dk dd dk dk dd dd k kddk dk d k kddk kk ddd dk kdk dd kddk</Line>
 <Line>k dkk k d kk kdd d kdd dd kdd dd dk d kddk d dkd kk dk dk kdd</Line>
 <Line>kk d kk k dd kk dkd dd d dkd dd k dd dd dk dk dd ddd dkd d dkd</Line>
 <Line>ddd dkd dk ddd d d dk dkd kdd k dkd kdd kk dkk kdd k d ddd dk k</Line>
 <Line>dkk kdk dk k dd d k d k dkk kk dk dkd ddd dk kk kk dkk k kdd dkd</Line>
 <Line>d dkd dd ddd dk k kddk d kk ddd dkd dkk dkk k kddk kdd kddk k</Line>
 <Line>dkd dd k kk dkk kddk dkk k ddd dkd dd d dkd kk kdd kk d k dd kddk</Line>
 </Level>
 
 <Level>
 <!-- 2 -->
 <NewCharacters>dkjl (ní fíorfhocail iad)</NewCharacters>
 <Line>jjl ljklj l lljl jk jl k ld kljk lj klk k jklkl ldlkkl klk lkl ld jk k</Line>
 <Line>lklj ljl kldlkk klk llj l ldlkkl lj klk ljklj klk k ldlkkl ljl llj lkl llj</Line>
 <Line>lkl klk k ldlkkl k jk klkjj jl k jklkl klk klk jl k l lkl jl k ld l lljd</Line>
 <Line>l klk k k llj llj ld klk klk lj jl ld jjl l lkl ldlkl klk ljklj l klk</Line>
 <Line>ljl k klk l ld klk llj llj klk lkl ldlkl l k jk jklkl jl jjlkl l klk</Line>
 <Line>lkl klk ljl jl lkjl ldlkjl jlkjk ld ljl lj lkjl jlk llj ldlkjl jlk jlk ljjlj</Line>
 <Line>jlk jlk l jjl k k ldlkjl l l lkl ld l jjl jlk lj jlk k jk dlkdl lj lj</Line>
 <Line>ljl k jjl ljl jlk k jljk k dl ljlj klk jl ljl jlk ljlj lj k ljldl jl ljl</Line>
 <Line>klk lkl dl k lj jlk jjl jljk lj l jljk jlk k ljlj lj dl lkl l k dl klk</Line>
 <Line>jljk jlk ldlkjl dl ldlkjl dl l lj jl k jjl k lkjl ljl lkjl k lkl l jl l</Line>
 <Line>jljk ldlkjl ljldl k l ljjlj ljl klk jlkjk l ljlj jk jlk jl jjlkl jl klk ljldl</Line>
 <Line>dl lkjl ljldl jk jk jl lj lkjl k jl jjlkl ljjlj jlkjk k lkjl ljjlj ljlj</Line>
 <Line>lj jl jl dl dl jl dl l lkl ljldl lj jldlkk ljldl dl jlk jjl jlk k k</Line>
 <Line>l ljlj ljjlj k jlk jlk lkl ldlkjl ljldl ljldl k jlkjk lkjl jk lkl ljjlj jjlkl</Line>
 <Line>jl dl jk lj lkjl lkl dl k l k ljjlj ljjlj dl ljldl ljl ljldl klk ljldl</Line>
 <Line>lj jk ljldl jlk lj l ljjlj l jlk l llj jlkjj jlk jlk jl jldlkj ljl jlk ljjlj</Line>
 <Line>jl jjlkl ldlkjl jlkjj ldlkjl klk dl ljlj k jlk ljlj jlk jk lj jl k k klk</Line>
 <Line>k ljlj dl k jjlkl l jlk jk l jlk k ljldl jlk ljl jjl jlk lkl dl ljldl</Line>
 <Line>jlk jlk klk ljjlj ljlj lj jlk dl ljldl dl lkl jlkjj k lkjl ldlkjl k jjlkl</Line>
 <Line>l ljlj k jlk ljjlj llj jlk ljl dl l llj k lj l ljjlj jlk lj lkl ljl</Line>
 <Line>klk jlk jlk llj lk ljlj k lkl ldlkl lldl k lk lk jlkl jk lldl lj llj</Line>
 <Line>lk lkl lk lldad jl llj l ldlkl jl jjl lj ljk lj lk lk llj lldad ljlj</Line>
 <Line>ldlkl lj jl jlkl lldad l ljl lkl ljlj lk llj lk ljlj jk lk llj l lkl</Line>
 <Line>l l jl l jlkl dad jl k lldad lj lkl lk lk k lkl ljl lk jjl jjl</Line>
 <Line>k dad dad jl lk lk lk jlkl lj l lk lk l lkjj lkjl jjl lkl ljlj lkjlk</Line>
 <Line>ljl k lk k jl dad lkl ljl k klk l ljl k jjl k jl llj llj lkl jjl</Line>
 <Line>lk lj l jl ljlj jk lk ljk l k jl lkl l lkl ldlkk jlkl jjl jjl</Line>
 <Line>lk jl lk jk llj l lkljk k jjl jk ljk dad l jl ljlj jl llj jk ldlkl</Line>
 <Line>ldlkk lk lk lldad lk llj jl dad jk llj ljk lj jlkl lk lj jl lj jl k</Line>
 <Line>lldad l lkl ada lk lk jk llada lk lkl ljk jk k jk ljl ljlj lk ada jl</Line>
 </Level>
 
 <Level>
 <!-- 3 -->
 <NewCharacters>dkjls (ní fíorfhocail iad)</NewCharacters>
 <Line>ljksdl ljkl l sljs ljks dlks ljsf kl lsdk ls ls ls lkj slk ks jl jjs</Line>
 <Line>l slj jl lkj lsdk fksdls dk lsdk lsdk lsddlk jjlsdk ljk ljksdls ljsdk lj</Line>
 <Line>kl lj lj lkj ljsdk lsdk ljsdk js ls kl jl jl lsdk ljsdkksdlsljs js kl</Line>
 <Line>lsdk ll lss ljdks sljsf lss ldks jl kl lsljslj kl ldksf kl lssljs ls js</Line>
 <Line>s ldks kk js kl js ls ljdks jl jjldks ldks jjldks ldksfksdldks ldksk slj</Line>
 <Line>slj lj ljdks lkjksdldksf ldkd skk lsljs lj ldkds ldkdsk lks lj lks ldkdsk</Line>
 <Line>slj kl sf ldkk lj ldkds lj slj ldkdsljs sljs ldkds ks ksljs</Line>
 <Line>ldkds lsljs sf lks lj ldkdsf lksljs ldkdsljs jjs ldkds slk kl ldkds ldkdsf</Line>
 <Line>s ldkds ldkdsk ksdjl ldkds lldkdsk js lsljs sljslj lks ljdkds jl</Line>
 <Line>ks ls ldkdskk ldk kl ks kl js kl ldkdsk kl ldk slk ldkd skk lkj slj lks</Line>
 <Line>ldkds lksljs ldkdsf ldkd kk lsljs ldkdsk slk ldkdss lkj lkjksdjjldkds</Line>
 <Line>ljksdkl slk jjs ldk ldkds lsljsf slj ldkd skk jl lj kl lj jlksdl ldkds</Line>
 <Line>lkj lkj ldk lkj kl lj lj ldkds lj lks ldkd skk klksdldkdsk lj lj ks kl</Line>
 <Line>ldkdsf jsljslk ljd kds ldkdss ldk dsk ldkds ld kd skk jjs lkj slk jl</Line>
 <Line>l lj jjs ls ldkdsk ldkds kl slj ldkdsf kl ldkdskk slk jjldkdsljsf ldkds kk</Line>
 <Line>ljdkds ldkdsljs ls ldk dskk ldkds kl jl kl lj ls kl ls kl sf lls ldkdskk kl</Line>
 <Line>sf lj ks lkj lj jjldkds ldsk ls jjlds ldskk ldskk ldsk sljsf slj lds</Line>
 <Line>js ldsf ljds ldsf lks ks lds jjldsljslj ljds ldsk ksdjsl jjlds ljsk sdks lds</Line>
 <Line>lds lkj ldss ldsk ls lj ldsk lss jl sf ljds kl sljs lds lsdfksdlks ls</Line>
 <Line>ls lsdsljlj lsdkk jllslk sf lks lkslj lsdk jl lksllsd kklkslj</Line>
 <Line>ks lks ks ljsd lsds lss lsdk klksdks lksljlk lj slj lsds ljksdjs jjss</Line>
 <Line>kl lkslj lj sljksd lsdf lsljf ls lsd sljf lsds lss jjlsdl slk lsdk</Line>
 <Line>s kl lsd lsd kl lsd lj jjss ls lsdf lsd jjss kl lsd jjlsd jjs sf lsd</Line>
 <Line>jjlsd ks lsd jsl slj jjlsd lj sf lkj klksdjjlsd kslj lsds ls lj slk</Line>
 <Line>lsdl slj lj ls js lkj ljsd ks lkj ks lsdk jjs lsd lsdl kl js lj</Line>
 <Line>s lslj sljf lsds jl ljsdl lkj ls jl ls lj slk lsdf jjlsdl ks lj</Line>
 <Line>ljsd lkj jslj js lsd slk lsd skk jl ksl lsdss lsds lkj lsds jjs lsds jjs s</Line>
 <Line>lsks dkl lsdsk lsdss ljksdl sdsf kl sf slj kl sf lkj lsljlk ls ls ls</Line>
 <Line>lj sf kl lsd kl lsd jjs lsds kl ljsd jjlsd lj js jl sf kl kl jl jl</Line>
 <Line>lsdf lsd lsds lsdslj lsd slk lksljlj lkj ljsd kl kslj lj kl lsdk lsd l</Line>
 </Level>
 
 <Level>
 <!-- 4 -->
 <NewCharacters>dkjlsaf (ní fíorfhocail iad)</NewCharacters>
 <Line>dll dafs sldks fldk fafs faf fldk safs fldsk jdkaf fldk</Line>
 <Line>sds afl safd jdkafs af lafs fldks afld ld dsk fldk ldks</Line>
 <Line>dsk af jdkfa fds ld sfa sds kds kd ffa ffa faj fd k lfa</Line>
 <Line>jdk lds lfa sfal fa jdkfa fa fas sdk fads sfal lds fldk</Line>
 <Line>faffafd falksdjdk fafa ldk lds lfa ldkd ffas fadks fas</Line>
 <Line>fas fldk fal sf sfals jdks jdkfas dsfa dsk fas dj fal fals</Line>
 <Line>dkd sfal dlld sdlsds dlls sd dls sdldls ffas dsk fals dsks</Line>
 <Line>sds jdkfa ldks lds lfa dk lfa sldk ffal faffafds sldks</Line>
 <Line>ffa fa lfa fa fald fa sfa sfafas skd sfafa fldk skdsd jdks</Line>
 <Line>dsfa fas fa fldk dkd fadd lfa fadks k jdkfa ffal fds sfas</Line>
 <Line>fal fald faffafds faf ffals fldk ldk fldk fldks dsks fldk lds</Line>
 <Line>fldk lds ld dkd fldsks fad skds sfa dksd sfa ld skds sfal</Line>
 <Line>sds lfas dsfas fal sfa fal lfas kfa sfasd sldk dsfas lfas</Line>
 <Line>fal faffafd sdk faffafds ffals dsk fds fals dsks lds jdk</Line>
 <Line>dsks fals afdk afls afdks afs dsksksdk jdkaf lds fldk dsafs</Line>
 <Line>d fafl af k kaf affaffd afd fldks sdks afdsd laf safsds</Line>
 <Line>sd skds lafs jdkds af affaffds ldks skd afdk fldks ds skd</Line>
 <Line>afs jdkds afd fldk fafls afs faf safs ld afs dsk aflds safls</Line>
 <Line>afs skds safsds fafl dkd safsd fldk afls fldks lds safafsksdsafsds</Line>
 <Line>dks fldk sdks sds lds af fldks jdks dj dkd afdk fldks</Line>
 <Line>fldk dsk laf fldks afs kaf af jdkds afs dsks afd aflds jdks</Line>
 <Line>affaffd sd fldk safsd dks sds laf kl fd dsks af safl</Line>
 <Line>aflds fafl ldks afl fafls safafs afld skds afls afls jdkafs</Line>
 <Line>dsks safls lds laf lds dsk afdks kaf jdk fldk sdldls fldks</Line>
 <Line>fds sdks sdlsd jdkdsd dlfdlfd ldl dlls dlj ldls ldks fdls</Line>
 <Line>fdll fldks sdadl ldls dll dlldsl dlld k ldl skd ldks dsks</Line>
 <Line>ldk jdkdad fd dads ldl jdkds dadk lds sldk dl kd dsdls</Line>
 <Line>sdll dll k fldk dls sldk dl ldl ldl fdl dsk dll dadks sdls</Line>
 <Line>ldks lds fdlls ldlsd lds dkd ldk skds dlf dl jdk sldks</Line>
 <Line>sdadls dlls ldls sdadl fldksksddllksdld fdl sd ldls fldk ds</Line>
 </Level>
 
 <Level>
 <!-- 5 -->
 <NewCharacters>dkjlsie (ní fíorfhocail iad)</NewCharacters>
 <Line>kdiekdll iei fldiks ldsie skdiie dils iedlk kidk iedlk kdisei didl</Line>
 <Line>kdiieei fdi dsei seideiie dei ideil seidll seidll dlei dils sidks seiedil dsi</Line>
 <Line>dieies dleie eiedls kdiidid idlks idil diidk kidks sidlks idk idki lil</Line>
 <Line>deedi skdi skdildls fdes des edl edlk sedlks skdes dik des ldfe</Line>
 <Line>i fdedls fde idsdl dfe kdies didl fldi kidkies sidlks idedl sidlks de</Line>
 <Line>skdes es dil sedik dke ke fldiie kdidl fldi fldiie sede fdes kdfedi</Line>
 <Line>sdik kdie edls edlks fdes dke edkes ediks dsi slde diiedkies fldeldils</Line>
 <Line>deedkies ki dsi sdilf dli dles dies ke fldes e deediie kidfkei kde dfes</Line>
 <Line>lde dsi sidkei fldeldils diie kdes sedils didl didl dies deedi kdikdiie</Line>
 <Line>edlk fle edsks kdikdiie lel skdildl kdidls sedlks ede dsldie edl fldeldils</Line>
 <Line>ediie fldik kdse fldeldil ediks idel sidkeis i sdils edlks idedl diidl</Line>
 <Line>deedkeis sldies didl kdiiee dies dke sediks edsks sldies fldiks flde</Line>
 <Line>dke e kldik fdedl sedlk de sdil sdildls fdse edls edke fdedls</Line>
 <Line>ldik deedkeis deei kdfedi fldeldils kei ki ediie edkei fdke fldik dies</Line>
 <Line>kdes sdildl sedll ldil kidkei fldiks de deedi fdes edlks kdekdll</Line>
 <Line>fdes dsldie lde ke sldes se skdildl edik sldies fdedl fde sedll sdik</Line>
 <Line>ldes kdieded dkeie edsks jke fdse il skdildl fdes sede des fdedl</Line>
 <Line>di skde dles di skdes die fdedls fdse e diiedkeis di fdi edkeis kdse</Line>
 <Line>kldiie dles kdses fldi fdedl kdiie idsdls kdfedi deei fdiie ldes kei</Line>
 <Line>lde sediks diiedkei kdi diiedkeis sldes kdidls lel idedl didl skdiie</Line>
 <Line>sedll fldeldil kidkseis dfe kdidl die fldes die ldfe sdles edes sidksei</Line>
 <Line>fdes deei edksei skdildls kidksei edkes sedils dse kdes di idel ldilfdlls</Line>
 <Line>fdke dils des e des il edi sedil kdfedi edkes kdi idedl dke des</Line>
 <Line>skdi ldfe dik sldies sede sdik sediks edll ldils fle sedils de</Line>
 <Line>ldik e fldeldils sdildl sedfl fdes ke fde fldik sdildl kei sedfl</Line>
 <Line>dils sdle skde skdies de e kdie ke di fldiks skdildls fldeldils</Line>
 <Line>edls sedil ede kldiks de dils diiedkseis dles es sidkseis dsi ediks</Line>
 <Line>fldeldils sedksei ldils skdildls skdes kdikdi die jke delds fldiks edke</Line>
 <Line>fldeldil kdses skdildls i skdiie edsk kdiiee sel diidl kldiie dfe kdes</Line>
 <Line>edkes flde dies fdses edik di sel e dils kdes fle deedksei dke kdikdiie</Line>
 </Level>
 
 <Level>
 <!-- 6 -->
 <NewCharacters>litreacha nua: no</NewCharacters>
	<Line>aoiseanna eanann lean fios saol sinne linda linn anseo leasanna ansin</Line>
<Line>ionaid faoi eoais leanas ionann aneas solais anois ondain leanann lena leosan</Line>
<Line>seandaoine aineolais dian daoine ionas aois eolas delens ndaoine naoi eolais faoina</Line>
<Line>saoil ionad faoin siadsan saoi anseo dian linda solais aois aoiseanna aineolais fios</Line>
<Line>ionad lena leasanna ndaoine faoina delens saoil eanann eolais leanann saoi eoais</Line>
<Line>faoin ionann ionas sinne linn ansin leosan siadsan seandaoine leanas ionaid</Line>
<Line>anois lean ondain daoine naoi saol eolas faoi aneas</Line>
 </Level>
 
 <Level>
 <!-- 7 -->
 <NewCharacters>litreacha nua: rm</NewCharacters>
	<Line>mian maireann air daonra dearmad maoirseoir oird rinne soir mar iris</Line>
<Line>measann riail fear iam oiread seanaimsea mall dara foirm arm siar mara anoir reifreann</Line>
<Line>eor dreamanna ionam roinneann araile aire rann lear saoire aniar fearr eorna saor ama</Line>
<Line>inar anam ridire mid freisin aird neddamon aer leor forais imeall ndearna airm orainn</Line>
<Line>aimsir rian lenar roinn iriseoirea norm liom ainm aimsire airde riar idir deara mara anoir</Line>
<Line>eor imeall aniar ainm iriseoirea mar liom aimsir ridire fear mall siar dara dearmad anam</Line>
<Line>airm aird daonra araile iam reifreann dreamanna measann leor neddamon ionam rian rinne</Line>
<Line>saor air maireann deara eorna riail seanaimsea ndearna saoire idir roinn mian foirm</Line>
<Line>aer soir lenar inar oiread ama riar orainn aire forais arm roinneann oird norm fearr</Line>
<Line>airde mid lear aimsire freisin iris maoirseoir rann</Line>

 </Level>
 
 <Level>
 <!-- 8 -->
 <NewCharacters>litreacha nua: vt</NewCharacters>
	<Line>leat teoranta rialtas troid veain steirlinn srianta intinn trian diomaite vinil doirte</Line>
<Line>stair teidea tiarnas imirt inti treo mainistrea roinnte altanna fosta riatas intinne</Line>
<Line>dteideal titim dtreo tofa miotaseola riata rialtais tesserae divisions fite trasna teann triail</Line>
<Line>eite stadas tamaill dteannta tais svae malairt roinnt neart liosta tiarna aontas saineolait moite</Line>
<Line>litir teorann eatrom freastal dtaite trom svaeid tamall fanta staire staid tailte leat rialtais stair treo fite</Line>
<Line>neart stadas rialtas eite moite inti riatas dteideal teorann fosta trian teoranta staid litir dtreo</Line>
<Line>tais tiarnas tesserae riata dteannta svaeid eatrom tofa liosta diomaite tamaill intinne</Line>
<Line>divisions imirt titim triail tamall teidea trasna tiarna saineolait fanta freastal</Line>
<Line>srianta mainistrea doirte steirlinn tailte teann vinil miotaseola staire</Line>
<Line>dtaite svae aontas roinnte malairt trom altanna troid roinnt intinn veain</Line>

 </Level>
 
 <Level>
 <!-- 9 -->
 <NewCharacters>litreacha nua: pu</NewCharacters>
	<Line>sula suilt fuaime rua turtar iontu uair luaite patois timpea dtuilleama fuair</Line>
<Line>parlaimint duine sluaite peannairea dul timpeall luas uile muna pei lua fuaite paraimint</Line>
<Line>sampla muid diantuairi fud impune uaisle opera tuairim devolution muintir spairne luiteamas</Line>
<Line>druidim sua suim pinn paraiminte peannairea nuair inniu post rud turas speisialta</Line>
<Line>nua spioraid pearsanta teampaill suite anuas sampla dtuilleama tuairim teampaill fuair</Line>
<Line>fuaime diantuairi parlaimint devolution suilt rua pei fuaite sluaite iontu luaite inniu duine</Line>
<Line>rud luas fud luiteamas nuair uaisle muintir timpeall turas peannairea uair suim paraiminte</Line>
<Line>timpea impune spioraid patois sua paraimint nua pinn dul druidim turtar muna peannairea</Line>
<Line>speisialta suite lua muid sula post pearsanta uile opera spairne anuas</Line>

 </Level>
 
 <Level>
 <!-- 10 -->
 <NewCharacters>litreacha nua: yg</NewCharacters>
	<Line>triail dtreo dteannta teidea rialtas teann moite teorann troid fosta stair</Line>
<Line>dtaite staid svaeid tailte teoranta liosta trian rialtais riata tiarnas svae stadas</Line>
<Line>roinnt divisions leat saineolait srianta treo tesserae intinn diomaite staire aontas</Line>
<Line>eatrom intinne freastal trasna malairt mainistrea tiarna tamaill tamall steirlinn miotaseola</Line>
<Line>trom roinnte tais doirte altanna neart eite fanta litir fite inti titim imirt vinil dteideal</Line>
<Line>tofa riatas veain teangeolai ruaigeanna freagairt delgu tuige pingin gar spreagann fairsing</Line>
<Line>ngorta gan ngeall giorria gaf gur greanta ligean airgid tugtar ngo ngealt tarraingeo drogall</Line>
<Line>againn eaglais spreag airgeadais tarraingt tagairt agus teanga ngeilleaga dteanga nuige dtugtar</Line>
<Line>org rug seanteanga tig dualgais laige teangan easpaig gus lorg eagrais egananny aige leagan</Line>
<Line>dtugann tarraing leagain family eaglasta eagais gairid logainmnea sagairt muga treesvg greanntrag gaire tagann</Line>

 </Level>
 
 <Level>
 <!-- 11 -->
 <NewCharacters>litreacha nua: zh</NewCharacters>
	<Line>zhiz maith aitheanta druideadh litrithe gheimhridh teipthe riartha ruaigeadh</Line>
<Line>aithne eith uimhir deimhin haois atheagair heaglaise tuieadh tugadh luaithe shaor fhoireann</Line>
<Line>mhaith msh riaradh ogham pharaimint fuarthas eanadh earpho luath diaidh leath shuigh</Line>
<Line>uaithi uaillmhian maigheanna taoisigh taamh mhuintir thuaidh hospitalis laethanta fhad zaip</Line>
<Line>tosaithe fhada oirthear uathu theanga fhios toghadh mhaithe tuaithe samhradh zaipire fhill</Line>
<Line>neamhfhorl luaidhe zaipire taighde thug dhiaidh thogh rogha haoise dhruid roimh riamh</Line>
<Line>imigh fhuaim dhath ham ratha polasaithe feidhmeann dhearnadh eathan aighneas foilsithe thromlaigh</Line>
<Line>faigh rithime deiridh fatha ainmhithe thosaigh rinneadh fheighi ngaoth shampla maidhm tharla roimhe</Line>
<Line>zaip thagair sraitheann hainm mhodh thugann athraithe hoifig thoradh amhlaidh foghlamtha uaidh</Line>
<Line>faighte hionadaith leasuithe feidhmeann ndathanna haithint thairis zaipire shin fhanann fhear</Line>
<Line>tharraingt aithris theangeola thiar forleithne ghlaoigh pheann mheas fhoirm leathmhill ndeireadh</Line>
<Line>haghaidh uaighe deireadh iarraidh tithe tagtha roghnaigh ruaigedh zaip thoghadh hoighearao ndiaidh</Line>
<Line>tharraing ghrianghra leasaithe thiteann ghrinn athruithe thuairim modhanna urnaithe aghaidh dhul manaigh</Line>
<Line>thaighdeoi theorainn intuigthe shaol theideal ghlan mhair thagann zaip gearradh eadarthu aghairt</Line>
<Line>fhoghlaim thugadh seanathair dhein oireadh deineadh leithinis toradh thoghadar sraith</Line>
<Line>dhaoine forleathan imithe foreathan fheisire sheanaimse fhaightear dhaonra leanfaidh meath</Line>
<Line>thaitin reatha domhanda ghluaisean mharaigh thoghtar toghtar ghea dhream thart mionlaigh zaip</Line>
<Line>aduaidh aithint fhearr uirthi thall tonnadh rath leith seanpharla nathair aitheantas daonlathai aistigh</Line>
<Line>tosaigh leathan zaipire filleadh rith amhail tuilleadh eath troideadh aithin theitheadh dheifnidea thaite</Line>
<Line>mhaireann dheas liteartha gheimhread thaisme aithrise saothair anlathas portaigh thugtar thoil</Line>
<Line>fhoisitheo dheontas gheall ghlanteang fonnmhar thaifid spreagadh orthu shampa mionpheann laghad</Line>
<Line>feadh zaipire athfhoilsi tuath shoin amuigh hathruithe feidhm dhroim dheireadh talamh thara domhain</Line>
 </Level>
 
 <Level>
 <!-- 12 -->
 <NewCharacters>litreacha nua: bc</NewCharacters>
 <Line>beaach breacadh biseach bainc bhfocal athbheocha bolscairea mbanc gcomharbas</Line>
<Line>bhanc bhunchloch sibhialtac boichte broc beagnach cabhair mbosca bhunreacht athbheocha</Line>
<Line>pobachtach bponc chlib baicle bunscoile buaicphoin mbanc bolscairea beagnach bhfocal athbheocha</Line>
<Line>gcomharbas boichte biseach bponc baicle bhanc cabhair sibhialtac chlib bhunchloch bainc buaicphoin</Line>
<Line>breacadh mbosca pobachtach beaach bunscoile athbheocha bhunreacht broc athbheocha bolscairea</Line>
<Line>breacadh bhunchloch mbosca beagnach bainc pobachtach baicle broc bunscoile bhanc buaicphoin</Line>
<Line>bhunreacht cabhair athbheocha chlib biseach boichte beaach bhfocal mbanc gcomharbas bponc sibhialtac</Line>
 </Level>
 

 
 <Level>
	<!-- 13 -->
 <NewCharacters>litreacha nua: q (English words)</NewCharacters>
<Line>banquet acquire square baroque quiet bequest quip quiver equity aquifer parquet</Line>
<Line>brusque pique quote liquor squinty squelch oblique query quantum quat</Line>
<Line>requiem quorum qualify sequel quinsy cheque aquatic liquefy antique equator</Line>
<Line>quickly mosque squeak enquiry squeal chequer request claque quirk equerry</Line>
<Line>quartet equated quasi acquit equate sequoia inquest quest quadrat squid plaque</Line>
<Line>liquid equally equably quince quarry quaver squirm quality inquire squire</Line>
<Line>quibble quaint opaque inquiry bouquet quick squint glauque clique quark quack</Line>
<Line>sequin quinine quay squared quash liqueur quitter unequal quintal equinox quail</Line>
<Line>squat lacquer enqueue sesqui quota enquire quietly require squall equine quilt</Line>
<Line>liquors quite quetzal quench quirky qualm piquant unique queen quit squirt</Line>
<Line>quicken quarter squash queue quern quintet conquer equal squally quake</Line>
<Line>torque squeeze marquee equable equip equidae quartz quarrel</Line>

 </Level>
 
 <Level>
	<!-- 14 -->
 <NewCharacters>litreacha nua: w (English words)</NewCharacters>
<Line>airway wire wailing wisent whole sewing wonder wretch showy outflow fairway fellow</Line>
<Line>blowing warrant swap owing while womb mew weeding wench awake worktop wicked</Line>
<Line>midwife worm rowdy whisky showery hawk wide pathway wither swaddle sparrow down</Line>
<Line>wood seaweed how shawls dawning show bowline bestow avow wade jewel awning wrangle</Line>
<Line>waverer outwork twin wipe whet warpage raw weird shawm windup wry worsen wooly watery</Line>
<Line>wield howdy stowing knowing jewelry hallway snow escrow spawn swept dwelt warble twist</Line>
<Line>wilful weave unwell weakly wring warm towel ccw awaken bowleg waken wraith cowshed</Line>
<Line>new sweater jigsaw writer rundown fawning highway lawyer disown warlord towpath between</Line>
<Line>writ wage inflows swoop cower owner row dewlap worming wart awe slew dawdler wriggle</Line>
<Line>twitch newsboy growl brew walrus weft sweetie wink worse wrong twig stewpot wattage sow</Line>
<Line>sew smew wean aircrew wander lawful cowl eelworm wired whether anyway mildew twins</Line>
<Line>ware brawny swamp whacked rainbow whitely earwig woo unscrew white whaling wrath</Line>
<Line>clown hawkish chewing wight working workman wormy shallow winning way winged shrewd</Line>
<Line>winnow wetting upward wrist enwrap trawl wren low wet wimp swear forward bewitch</Line>
<Line>woman wharf elbow pewter swarthy weeds cowhide swab await washing where gadwall</Line>
<Line>mawkish twine awhile walker newness sewage snowy wishes west screw whom pigweed</Line>
<Line>wrapper bowels rework sword wasp wording waist with news woody weaver curlew jetway</Line>
<Line>widget archway wanton fallow sawyer wrest bowl dowel uptown wreathe win prawn railway</Line>

 </Level>
 
 <Level>
  <!-- 15 -->
  <NewCharacters>haicinn (aon leid)</NewCharacters>
<Line>áimhe chinntiú siúd mórthimpea aibítrí bpróiseas céanna próis cáin shéimhithe clú turasóirea</Line>
<Line>ciiméadar áireamh réiteach cruinniú ceiiúradh leithéidí comhaontú sháródh teastáil náisiúnaío</Line>
<Line>bhfoilsiú reachtaíod ndaltaí manéspng airí traidisiún líomhain gcóras páipéir slán déanach críoch</Line>
<Line>léitheoire luathnáisi litriú scolaíocht mícheart haireachtá smachtú plátaí bhóithre forbraíodh</Line>
<Line>mótarbheaa háiteanna ghreannáin ionsaí bhrúghrúpa ansiúd toghcháin craotóirí éasca úsáide choígh</Line>
<Line>ionadaíoch táibléad sheirbhís vótáil feiceáil tacaíochta fostóirí scríbhinní íonanna thángthas tríú</Line>
<Line>dhealbhadó gnáthbhols éileamh díota náiriú dtéarmaí nár páirteach cáiliúil cúlú inmheánach</Line>
<Line>seachtóidí ngnáthchúr sataiít feisirí dhíoltas lárnach gaélico áiméar iomaí bailiúchái mhórthír shlánú</Line>
<Line>tréigean réimsí gníomhaire shábháil réigiúnach nárbh shochúil reachtaíoc dornán áirithe mionpháirc</Line>
<Line>ghnáth mothú dhéanamh príomha báire scríbhneor fiú stairiúla cónaí maraíodh dála</Line>
<Line>dtabharfaí dhúchasach tráchta drámaí formhór chúlaigh fhíseáin mhúineadh scrúdaithe bíonn</Line>
<Line>fhái fhéadadh dírithe fhoilsiú fágtha díol ngnéithe súil thógáil príomhat haistriú féachana tíre</Line>
<Line>institiúid gcinedhíot ghnás ríochtaí rialú seanchóras comhíonadh chlé eadarghuí chraolachá ábalta</Line>
<Line>tÉireannac nós polaitiúil cláracha ghníomhaío téarma háite athainmnío ollsmachtú léir téacs ngnáth</Line>
<Line>tárlúint frásaí malartú fhealltóir seanscéalt smidiríní níorbh chúram scríobhtaí síleadh eaglaisí dóigh</Line>
<Line>mhíreanna máistrí mhóid chaighdeán théann ndaichidí léitheoir seirbhís ríomhairí buiséadach</Line>
<Line>coilíneach mbeifí brú ndlí tírgráúla láidire gcomhthéac scoaíocht leanaí foinsí tábhachtaí ilteangaí</Line>
<Line>phasáiste dheireanaí fói fhichiú tíreolaíoc ceannairí thodhchaí tábhacht daonlathaí chín fóram</Line>
<Line>tráthrialt oibiachtúi athrú bhféadfaí béarlagair hiomlán déine cumarsáide tamhaíocht féin déantar</Line>
<Line>tograí cultúrtha spéis phríomháit tosaíodh ceardúa bhéaloidea blúirín bhuiséad phóca maoirsiú</Line>
<Line>thréig úthcheas institiúid trí béaloideas plé neamhspeác móraibh oifigiúla mhóideach síolraíodh</Line>
<Line>caighdeán saoránach sách marbhán eagrúcháin chóir stáisiún bóthair sóisearach phríomhthe</Line>
<Line>chanúna fág ghún méadú féin bhíonn aiséirí stairiúil comónta longcheárt shínigh saothrú áfach dís</Line>
<Line>áidre neamhspeác maireachtá fhoclóir dlúsúil dírbheatha cúdaithe críocha príomhchom fánach arís</Line>
<Line>úrscéal áidir ámh oileáin struchtúir smaointí corónú éard cheachtaít créafóige eagráin feidhmiú</Line>
<Line>conarthaí nithiúil canúintí gcónra cheartú traidisiúi chanúintí shamhlófá reachtóire oibríochta</Line>
<Line>síbhiata tábhachtac cáineadh ghréasaí bhfód shoithí meánscoile húrscéalta éagsúla dúchasach</Line>
<Line>athréimniú daltaí díofa ghéarleanú cúis féach dhíreach móra teangeolaí dtí caighdeána stíl chóras</Line>
<Line>clocheolaí dío thraidisiú bróg tosú hór canúint téamaí áiteanna bróga eagraíocht mhaisiú aistí</Line>
<Line>bliantúil dtraipisí haaí dtugtaí gcomórtas aistriú ghné míshásta náisiún ngnáthnós bholcánach mheán</Line>
<Line>abhcóidí amháin hábhar bhaintí fírinne déanamh chomhdhéan dtriobóid gcás dhifríocht léig teochtaí</Line>
<Line>díreach scríofa phláta héasca leasú dhúchas iúl éagmhais éigean tablóideac réamhtheac déarfadh</Line>
<Line>mhilliún stát mbéal féinne ríoga inscríbhin phríomhcha seirbhísí sléibhtiúi réasún intíre monarcaí</Line>
<Line>allafóin fós stádas shealbhú suimiúil shíolteaga fhilí trácht dhá téacsleabh dhúshraith mhúin</Line>
<Line>gnáthdhaoi thús bhéal reachtaíoc iarrachtaí phríomh léinn turasóirí thóg filí ghléas machairí</Line>
<Line>náisiúnaío téacsaí mío aicmiú óráid céad milliún gúinte chaighdeán tríd scéalta thréimhse teiifíse</Line>
<Line>fhoinsí tráth iathróid ceotóirí coimeádach níos taún séú achainí shéimhiú lámh rugbaí dearthárac</Line>
<Line>éadrom stádais súile ghá phríomhnua gcónaí shílfeá dhó chaighdeái dteagmháil gnách neamhspleá</Line>
<Line>naoú dhúlagrach áitiúil cosúil reachtáadh fúirseach dúchasaigh háitiúil ilchríocha gcúrsaí téirimeach</Line>
<Line>féachann cúpla mórán nótaí scríbhneoi bpáirtí aonteangaí mbannaí spóirt shamhlaíte ghrúpa</Line>
<Line>scríbhneoi fíric bhfeadóg nÉireannac thraidisiú nósanna fáil mhíle ochtú scothaicmí bás pháipéir</Line>
<Line>dtíortha tríocha criticiúil chleachtaí neamhspleá chinniúint buirgéisig cuichí tseirbhís meascán</Line>
<Line>saineolaí gnóthaí glúin reiligiún comhdhéant óna gcineál lán fái foilseachá dírbheatha abhraítear</Line>
<Line>oieáin ghabháltas úsáideann chaighdeán státseirbh scéal mbéaloidea mórthimpea grúpaí caighdeánú</Line>
 </Level>
 
 <Level>
 <!-- 16 -->
 <NewCharacters>AJKL</NewCharacters>
	<Line>Atantaigh Airgeadra Advertiser Labhaidh Laomainn Aontachais Ainmneacha Alasca</Line>
<Line>Albanaigh Acht Aontais Laoghaire Lenguas Airteagal Luain Albain League Amhlaoibh Liamm</Line>
<Line>Ailt Locha Kernewek Laidneach Loch Aoidh Avalonia Albanacha Ludwig Albanach Johnson</Line>
<Line>Aibhneacha Aontaithe Anjela Athelstane Latharna Alba Amendys Lowlands Alison Alban Knox</Line>
<Line>Lasmuigh Kitty Linne Journal Jenner John Albainis Lowland Laidin Athair Athar Long Aontachtach</Line>
<Line>Anglacaigh Larzac Airlann Leoid Albain Anglacach Klondyke Acaill Lallans Laurentia Athol</Line>
<Line>Language Kemmyn Leag Laidine Armas Londain Abhainn Angacaigh Afraic Legal Kirk</Line>
 </Level>
 
 <Level>
 <!-- 17 -->
 <NewCharacters>GPUYZ</NewCharacters>
	<Line>Grianna Ghaelach Uisce Porteous Garman Gorta People Gallda Gaeilge Yezh</Line>
<Line>Gaeltachta Politics Ghaeltachta Ghaeach Gaelacha Piarais Grampian Parlaiminte Gaeil Uimhreacha</Line>
<Line>Ghaeige Ghaeilge Gabhann Gonduana Peannadacha Gleann Phairlimint Ghalltacht Gaeltacht Peig</Line>
<Line>Genedlaethol Gendall Gaei Ghailckagh Group Ghae Gwalarn Ghonduana Poll Plouha Gaidheal</Line>
<Line>Gaeach Zaragoza Unys Unyes Gailckagh Punt Uallas Gaillis Gaillimh Phort George Press Ghraonlainn</Line>
<Line>Gael Poynings Gaillise Glasgow Geilleagar Gaelach Gall Gaeacha Uilleam Glactar Gorma</Line>
<Line>Parlaimint Phangaea Gaillimhe Poblacht Phobacht Ghaeltacht Pheadair Pharlaimint Pariamentary</Line>
<Line>Uadh Parne Ghlac Peadar Ulaidh Paraiminteach Party Gerhard Gada Ghaelaigh Paadius Pentreath</Line>
<Line>Gaul Uladh Gaelachas Ultais Peile Glas Ghaill Ghaillis Gaeige Pangaea Gododdin</Line>
 </Level>
 
 <Level>
 <!-- 18 -->
 <NewCharacters>HBC</NewCharacters>
	<Line>Bharraigh Campbell Bhreatnach Chlasaiceacha Criomhthain Caol Bhreatnais Befast City</Line>
<Line>Comunn Breizh Cumann Bank Coirnis Cluaidhe Hourn Bhainc Chlasaiceach Connachtach Chill Chaitliceachas</Line>
<Line>Cionnaith Broderick Brian Herad Conaill Breatnacha Breatnaigh Caesar Cromai Ceilteacha Bhaie</Line>
<Line>Chnoc Bannockburn Cork Cleveland Chonnacht Cheilteach Coinneach Clearance Cadhain Comhlathas</Line>
<Line>Coitinne Curnoack Caolas Chontae Blascaodach Bige Choirnis Hindeberg Caolais Chuir Carn</Line>
<Line>Cairn Hearadh Clann Chaiticeach Broom Camille Bhreatnacha Bhreatain Chluaidh Cuardaigh Breatnaise</Line>
<Line>Chonradh Baie Choitianta Cahir Chonartha Caiticigh Crinan Crios Chainnigh Cuntas Botorrita</Line>
<Line>Buaieadh Border Caith Ceiltigh Courier Cathartha Comhartha Cuan Chuain Henry Christopher</Line>
<Line>Creideamh Cartlann Contae Cuilinn Breataine Bealtaine Bhealach Chaiticigh Coirnise Comaoine Cornish</Line>
<Line>Chaolas Hemon Cheiltis Baron Beorham Brave Chomraig Conaire Choinn Breatnach Cionnaich Bheag</Line>
<Line> Cuirtear Ceiteach Chrios Chesten Corcaigh Caitliceacha Corn Bhuaigh Cliath Chares Chaitlicigh Ciath Hibernia</Line>
<Line>Ceilteach Bruce Cuireann Chorn Cheitinn Chomhlathais Creidimh Cille Bhoird Bernicia Boris Caomhach</Line>
<Line>Beataine Conai Cheanada Chumainn Chambeul Coirniseoir Celtic Herald Channe Highland Banc</Line>
<Line>Breton Chionn Bhord Caitlicigh Chiath Chomhairle Clydesdale Briotanacha Bhunreacht Conradh Bratach</Line>
 </Level>
 
 <Level>
 <!-- 19 -->
 <NewCharacters>IENO</NewCharacters>
	<Line>Eagar Ifreann Eoghan Northern Obar Nollag Eachdhroime Eorpacha Iarthuaiscirt</Line>
<Line>Nollaig Nicholas Iapetus Oifig Nation Inse Northumberland Irish Normanach Nicola</Line>
<Line>Normannaigh Edinburgh Eorpach Ohio Eisteddfod Normannach Ireland Nowedga</Line>
<Line>Eorpaigh Idioma Inbhear Oilimpeacha Easpagrach Naisc Eorpa Niall Eoraip Nugent Obha</Line>
<Line>Nemo Ireand Identity Iarthar Izel Emmet Nance Naomh Oghaim Examiner</Line>
<Line>Neibhis Northumbria Eiscir</Line>
 </Level>
 
 <Level>
 <!-- 20 -->
 <NewCharacters>RMVT</NewCharacters>
	<Line>Mhanainnis Television Murascaie River Ruibhe Riatais Roibeard Morrison</Line>
<Line>Roparz Tabhair Mona Movement Teegraph Theas Riai Meitheamh Mail Times Rotha</Line>
<Line>Tagtar Manainnise Redmond Manainn Record Media MacKay MacLeod Taoibh</Line>
<Line>Tethys Tevenar Treganning Rosannacha Tugann Roinntear Modern Maigh Theip Tarbh</Line>
<Line>Richard Mheicsiceo Mhogha Mühlhausen Tatha Manninee Treasaigh Tender Mhaigh Thoir</Line>
<Line>Mhoireibh Vaera Moireach Mhic Maidir Mana Teimheil Manannach MacDonald Maraon</Line>
<Line>Midhe MacGregor Rosa Manannaigh Torlach Mhurascai Mhuirthead Mannin MacKenzie</Line>
<Line>Risteard Riada Meastar Robertson Michae Tuaidh Marchant Robert Royal Muiris Thuaid</Line>
<Line>Massilia Tafysaymlowerres Mhanann Teach Rainich Toghann Manainnis Tuathai Mhuimhneach</Line>
<Line>Mousehole Meas Traigh Morton Mumhan Mhanainn Murchadha</Line>
<Line>Tuairisc Vannes Thar Maddrell Tuaisceart Modh Thuaisceart</Line>
 </Level>
 
 <Level>
 <!-- 21 -->
 <NewCharacters>SCDF</NewCharacters>
	<Line>Flaithis Fiordanna Fhraincis Solway Sasana Deir Daily Foireann Fearann</Line>
<Line>Domen Daonlathas Sruth Danair Sheilich Fine Diwan Deirtear Davey Fraince</Line>
<Line>Saoirse Strongbow Sileacan Faigheann Domhna Seoirsia Stewart Sasanacha</Line>
<Line>Sasanach Sheilebost Dolly Domhnaigh Druma Dhornoch Sunday Fhrainc Drochshaol</Line>
<Line>Sturgeon Fiche Sparta Foster Fhoirthe Shasana Fhuadaigh Dubh Freedom Shaoirse</Line>
<Line>Sruighle Feicfidh Davitt Seosamh Francach Douglas Shruth Snaidhme Sunart Shocraigh</Line>
<Line>Sinn Scoti Frees Sayers Deathan Feirste Sealtainn Sophia Scots Deiscirt Duval Fargher</Line>
<Line>Foghlaim Scotia Fuadach Diarmuid Dithe Shiftsvg Fhaisisteachas Fanann Dheathain</Line>
<Line>Delvin Dhubhghlas Doibhlin Sruighlea Domhnach Seachtain Flower Football</Line>
<Line>Diarmaid State Dubhghlas Foinse Daonlathaigh Dhooie Sasanaigh</Line>
 </Level>
 
 
 <Level>
 <!-- 22 -->
 <NewCharacters>A-Z le haicinn (aon leid)</NewCharacters>
<Line>Easaontóirí Leapóintis Micí Briotáinis Pádraig Naitsíche Mhórair Banríon Caomhánaigh Phatagóin</Line>
<Line>Glaschú Astráil Tóchair Táirgtear Deoraíocht Phrotastúnaigh Bealaí Ghàidhlig Siliúraigh Cúdaíonn</Line>
<Line>Súilleabháin Tíreolaíocht Ballstát Gnéithe Labhraíonn Dónaill Tógái Protastúnaí Péindíthe Chiarraí</Line>
<Line>Anglacánachais Rúraíochta Breandán Shéamus Coinníonn Corrán Dhónaill Protastúnaigh</Line>
<Line>Preisbitéarachas Cluichí Fiannaíochta Síolraíonn Thaispeáin Cúigí Achréidh Caiseán Oiibhéar Cásca</Line>
<Line>Mhóir Bóirmhe Ceiltibéiris Cumhachtaí Spáinneach Cheiltibéiris Móire Clár Gàidhlige Págántachta</Line>
<Line>Cultúr Lúthchleas Clasaicí Protastúnach Chríostaíocht Phreisbitéarach Astérix Briotáine Shéamuis</Line>
<Line>Oileán Cuimhnítear Glúnta Díthe Sáirséa Béarlachais Idirlín Phortaingéil Cutúr Eoghainín Taispeánann</Line>
<Line>Seán Protastúnacha Ghearmáinis Chamalières Pápa Tógann Canál Séaras Chríostaíocha Tionól</Line>
<Line>Scríobhadh Sráid Eanáir Gàidheal Gréigis Hélias Shéadna Géill Máirtín Fógra Bóithre Lógó</Line>
<Line>Cailedónach Sóisíalach Labhraítear Meánach Chláir Láirge Táthar Ríocht Liospóin Bhéarla Dónall</Line>
<Line>Oráisteach Ríochta Déagh Gaeú Rásaí Clocheolaíocht Normánach Dhún Brús Bhriotáinis</Line>
<Line>Príomhchathair Briotáiniseoirí Béarlóirí Garbhchríocha Shéarlais Briotánach Aigéin Ráthach</Line>
<Line>Phrotastúnachas Chúngaigh Thomáis Dháiríre Rómhánaigh Spórt Cheannáireamh Stíobhard Téigh</Line>
<Line>Ordaivíseach Ceiistín Príomhalt Pháirtí Amhrán Dáibhí Diúc Págánacha Chaiseáin Choimisiúin Anraí</Line>
<Line>Imríonn Ilchríoch Shúilleabháin Caomhánach Topagrafaíocht Aontú Teefís Déanaí Séadna Bhéarlóir</Line>
<Line>Léigh Déanann Chorráin Cheathrú Reilgiún Muirí Glaochód Tíreoaíocht Aonchineálaithe Márta</Line>
<Line>Vicipéid Preisbitéirigh Gearmánaigh Gaeltachtaí Soisiú Suíomh Mheiriceá Fáilte Bhriotáin Gàidhlig</Line>
<Line>Briotáinise Ailpín Meánchiorcal Preispitéirigh Fágann Ghríogóir Tánaiste Rómhánach Tomás Spáinn</Line>
<Line>Páirtí Sórt Ghréig Phágánta Pádraic Iartharaí Meán Riordáin Ghearmáin Liobrálacha Litríocht</Line>
<Line>Ghréagach Líonraí Fíodh Dlús Béarla Séamus Fóra Chríost Ardáin Ghabháltais Chloígh Aigéan</Line>
<Line>Ghlaschú Eilís Béal Amlíne Baincéireacht Págánta Fómhair Eoráise Séadchomhartha Stór Bhíodh</Line>
<Line>Gàidhealach Meánaoiseanna Reifirméisean Saorstát Coirniseoirí Meiriceá Gearmáine Iúil Bóinne</Line>
<Line>Stáit Gaeilgeoirí Chúige Rómánsacha Córthaidh Choróin Téarmaie Iaraí Preisbitéarach </Line>
 </Level>


<Level>
 <!-- 23 -->
 <NewCharacters>a-zA-Z</NewCharacters>
 <Line>tAbrogans hOireachtas mBaile bPobacht gCoirnis gCarad nOllscoileanna tOllamh</Line>
  <Line>hInis nGaeltacht nGall hEagais hUrnaithe hEaglais bParlaimint hAon bPoblacht gCorn</Line>
  <Line>tSraith nAlbanach gCeiltis mBreatnais tSaoil iTeitheadh mBlascaod gContae gCleveland</Line>
  <Line>hAlbain nGleann nOghamchloch hAlban nGae gComhairle gCruithneach nDroichead hOicheanta</Line>
  <Line>nGaill hAlba mBaie tAire gCogadh nAthbheochan mBreatain bPangaea tAthair hEorpa hEileanan</Line>
  <Line>mBotorrita gCaor nGael dTeodar gCeilteach gCairib dTuaisceart nGaillis nGaeilge hOghamchlocha</Line>
 </Level>
 
  <Level>
 <!-- 24 -->
 <NewCharacters>fleiscín</NewCharacters>
 <Line>bas-ghreadaim so-thruaillighthe priomh-ghoin cinn-bheirt finne-bhean mi-adhmharach</Line>
<Line>ruadh-bhuinne maill-reim con-ros neimh-dhilis so-ghradhach gin-fhéachaint naoimh-shearcas</Line>
<Line>deigh-mheisneach crann-chrust fo-dhuine mío-bhuidheach aird-intinneach dead-bhan</Line>
<Line>deigh-leas sár-mhaith mór-éirleach cam-lurga aon-chu mion-chainnt ceathair-chosach</Line>
<Line>ur-bhlath cul-chaineadh mío-chuimhne ur-choill taoi-theangthach barr-chaol deagh-laoch</Line>
<Line>min-dreach baic-bhearla samh-chruit or-loiscthe house-roof boird-lios</Line>
<Line>neamh-shuimeamhail foir-bhriathrach soi-fhillte do-rochtuighthe bith-dheoin</Line>
<Line>glas-uaineacht marbh-chat droich-bheal sair-bhrioghach sprus-ghaineamh</Line>
<Line>lun-bharc siod-chnumhog dearg-mheisce neamh-choitcheann leoir-ghniomh</Line>
<Line>neamh-mharbhtha doi-chreidte lag-lamhach mór-ghothach loch-mhaidhm deirbh-fhios</Line>
<Line>gar-mhac deagh-mhoideach dubh-ghall dubh-chroidheach maith-ghniomh loinn-fheargach</Line>
<Line>fear-uaine blath-chaomh aird-mhiangus lag-ghlorach aon-leannan snuaidh-gheal mío-ádhmhar</Line>
<Line>nuaidh-bheartha bun-chineál moich-eirgheach reimh-dhireach scorn-chailbhe</Line>
<Line>neamh-urchoideach crói-linnteach cealg-namha leath-chliath gnáith-phian righ-fhiadhuidhe</Line>
<Line>leith-leasach leath-chos fir-lionadh mion-chuis sailm-cheadal anam-chara neimh-dheas</Line>
<Line>neamh-mharbhthacht trom-thamh neimh-chion fir-riachtanach deirbh-ghniom</Line>
<Line>mion-chloch bain-mheisce droch-aiste leith-cheathramha mí-mhínighim iad-san gall-úir</Line>
<Line>mio-ghnaoi eidir-mheadhontoir trom-liog laimh-iadhta leath-uisinn deagh-mhuinim</Line>
<Line>leis-chliamhain deagh-uair frioth-bhuailteach teid-bhinneas tairt-fheoil bain-phrionnsa</Line>
<Line>do-churtha spear-lann builg-leas soi-leas fual-shoitheach siodh-bhrugh og-bho cead-thoradh</Line>
<Line>sir-dhearbhaim gnáith-fheall sior-loiscim oir-mhianach suadh-oilte mío-bhail</Line>
<Line>buan-ghaibhtheach neamh-dhuilleach gairbh-fhion gear-ghonadh muir-sheisc</Line>
<Line>pot-lus gorm-rod mór-phláigh mi-chialldacht dio-mholtoir luath-bharc mion-nasc</Line>

 </Level>
  
 <Level>
 <!-- 25 -->
 <NewCharacters>Uimhreacha agus comharthaí eile</NewCharacters>
  <Line>85 - 6 = 79; 65 - 8 = 57; 45 + 46 = 91; 34 + 67 = 101; 4 - 38 = -34; 41 + 9 = 50</Line>
  <Line>45 &#163;! 34 $! 394 &#163;!; 983 $!; 26 $</Line>
  <Line>4 &lt; 5; 43 &gt; 3; 56 %; 49 %; 2 $ &lt; 2 &#163;</Line>
  <Line>liam@example.com; g45@mydomain.eu; b2b@mycompany.ie</Line>
  <Line>O&#39;Brien; O&#39;Donnell; O&#39;Neill; O&#39;Reilly; O&#39;Hara; O&#39;Keefe</Line>
 </Level>

 
 <Level>
 <!-- 26 -->
 <NewCharacters>roinnt abairtí</NewCharacters>
	<Line>Is mórghrúpa orgánach iad ainmhithe.</Line>
	<Line>Déantar aicmiú orthu sa ríocht Animalia.</Line>
	<Line>Tá heiteratrófacht, illcheallacht agus mothálacht dá dtimpeallacht mar thréithe bunúsacha ag an ngrúpa seo.</Line>
	<Line>Tá ról suntasach ag ainmhithe i ngnáthóga éagsula mórthimpeall na cruinne.</Line>
	<Line> Ní fios go fóil cé chomh gasta a raibh an deighilt seo agus cén cúis a bhí leis.</Line>
	<Line>Tá na smugairlí rón, na coiréalaigh agus na spíonáin mara mar bhaill den ghrúpa seo.</Line>
	<Line>Rinne manaigh ar fud na hEorpa agus i dtíortha na Meánmhara staidéar ar an teanga.</Line>
	<Line>Seo a leanas na ceithre phríomhfhíleam i Ríocht na bPlandaí.</Line>
	<Line>Níl mórán eolas le fáil faoina mháthair, Phaestis, a fuair bás go luath ina shaol.</Line>
	<Line>Is éan beag ceol atá dúchasach don Seandomhan é an gealbhan.</Line>
	<Line>Is baill d&#39;fhine na Passeridae iad. Tá cuid acu tugtha isteach don Domhan Úr is an Astraláise.</Line>
	<Line>Suas le 37 cineál ann. An clúmh donn/liath de ghnáth. Áitríonn sé talamh oscailte is foirgnimh.</Line>

 </Level>
 
 </Levels>
</RasytiLecture>
