<RasytiLecture>
 <Title>Latviešu</Title>
 <Comment>created by Manfred Schulenburg</Comment>
 <Levels>
 
 <Level>
 <!-- 1 -->
 <NewCharacters>dk</NewCharacters>
 <Line>kk ddd dk dkdd dkk kddk kk dkdd dkk kk ddd kdd kdd kdk dkd ddd</Line>
 <Line>k kddk ddd kddk dkd kddk k d kdd dkk d kdd dk ddd kddk k k kdk</Line>
 <Line>kddk dkk ddd kk dk kddk kddk k kdd kdd dk kdk d dd k d kdd dd ddd</Line>
 <Line>k ddd k kddk d d ddd k d ddd dd kk kdk kdd k k kk ddd dd kdk k</Line>
 <Line>kk k kddk kdd kdd k d kdk k dd dd dkk dd dkd k dk ddd kdd d ddd</Line>
 <Line>dkd kddk k k kdk dd kdk k d kdk kdd k dk d dk d kdd kddk dd dkk k</Line>
 <Line>dkd dkk d k d k dkd k ddd d kdk k kddk d dkk dd d k dk d kk dd kdd</Line>
 <Line>kdk dkd dkd d kdk kddk dd kk kdd k dkk dkk k kdk dd dd k dkd d kdd</Line>
 <Line>ddd dkk dd kdd dkd k kdd kddk dd dd dk dkk kk k dk dd kk kddk d</Line>
 <Line>dkk kdk k k dkd kddk k dd d kdd d kdd dk k k d kk dd d kdk dkd dd</Line>
 <Line>dd dk d k d kk d kddk dkk k kdd dkk d dk kdk d kddk kdd d dd dk</Line>
 <Line>kdd dkd dkd kddk k k ddd dd kdd kddk d kddk dk kddk dk k kdd d d</Line>
 <Line>ddd dd dk d kk kdk dd ddd kk dk d dkd k kk kk d dk ddd dkk dkk k</Line>
 <Line>dk d dkd kdd dkd kddk kdd kddk kddk dd ddd kk dkd d dd k dd dkd</Line>
 <Line>dkk k k d d d k k dd ddd k kdd d kddk kdd k kddk kdk kk k dk kddk</Line>
 <Line>kdd kdd d k dk k kddk kk dk kk dkk dk d kdk k kddk kdd d dkk dd</Line>
 <Line>k dk k kddk dk ddd k kddk kddk d d k dkd k ddd d k kddk k d dd</Line>
 <Line>dd kdd kddk k k dkk dd dkk k d dkk k kk kddk dk kdd kdd dk d dkk</Line>
 <Line>kdk dd dd dd dkd dk d dkd d kddk dkk kk kdd k d k d k k dd k kdd</Line>
 <Line>dk ddd kddk d k k dd dd ddd kk d kdk k kdd dkd dkd kdk dd ddd d</Line>
 <Line>kdd dd dkd ddd dd dd k d d dkk ddd ddd k dd dkk k k k k kdk kddk</Line>
 <Line>dkk d ddd kddk kk kddk d d kdk kdd dd d kddk k ddd dkd dd kddk kdk</Line>
 <Line>kdd ddd d d ddd dk k k d kdd kddk dkd kdd k kk d d dd dk dd dkd</Line>
 <Line>dkk kdd dk dd dk dk dd dd k kddk dk d k kddk kk ddd dk kdk dd kddk</Line>
 <Line>k dkk k d kk kdd d kdd dd kdd dd dk d kddk d dkd kk dk dk kdd</Line>
 <Line>kk d kk k dd kk dkd dd d dkd dd k dd dd dk dk dd ddd dkd d dkd</Line>
 <Line>ddd dkd dk ddd d d dk dkd kdd k dkd kdd kk dkk kdd k d ddd dk k</Line>
 <Line>dkk kdk dk k dd d k d k dkk kk dk dkd ddd dk kk kk dkk k kdd dkd</Line>
 <Line>d dkd dd ddd dk k kddk d kk ddd dkd dkk dkk k kddk kdd kddk k</Line>
 <Line>dkd dd k kk dkk kddk dkk k ddd dkd dd d dkd kk kdd kk d k dd kddk</Line>
 </Level>
 
 <Level>
 <!-- 2 -->
 <NewCharacters>jl</NewCharacters>
 <Line>jjl ljklj l lljl jk jl k ld kljk lj klk k jklkl ldlkkl klk lkl ld jk k</Line>
 <Line>lklj ljl kldlkk klk llj l ldlkkl lj klk ljklj klk k ldlkkl ljl llj lkl llj</Line>
 <Line>lkl klk k ldlkkl k jk klkjj jl k jklkl klk klk jl k l lkl jl k ld l lljd</Line>
 <Line>l klk k k llj llj ld klk klk lj jl ld jjl l lkl ldlkl klk ljklj l klk</Line>
 <Line>ljl k klk l ld klk llj llj klk lkl ldlkl l k jk jklkl jl jjlkl l klk</Line>
 <Line>lkl klk ljl jl lkjl ldlkjl jlkjk ld ljl lj lkjl jlk llj ldlkjl jlk jlk ljjlj</Line>
 <Line>jlk jlk l jjl k k ldlkjl l l lkl ld l jjl jlk lj jlk k jk dlkdl lj lj</Line>
 <Line>ljl k jjl ljl jlk k jljk k dl ljlj klk jl ljl jlk ljlj lj k ljldl jl ljl</Line>
 <Line>klk lkl dl k lj jlk jjl jljk lj l jljk jlk k ljlj lj dl lkl l k dl klk</Line>
 <Line>jljk jlk ldlkjl dl ldlkjl dl l lj jl k jjl k lkjl ljl lkjl k lkl l jl l</Line>
 <Line>jljk ldlkjl ljldl k l ljjlj ljl klk jlkjk l ljlj jk jlk jl jjlkl jl klk ljldl</Line>
 <Line>dl lkjl ljldl jk jk jl lj lkjl k jl jjlkl ljjlj jlkjk k lkjl ljjlj ljlj</Line>
 <Line>lj jl jl dl dl jl dl l lkl ljldl lj jldlkk ljldl dl jlk jjl jlk k k</Line>
 <Line>l ljlj ljjlj k jlk jlk lkl ldlkjl ljldl ljldl k jlkjk lkjl jk lkl ljjlj jjlkl</Line>
 <Line>jl dl jk lj lkjl lkl dl k l k ljjlj ljjlj dl ljldl ljl ljldl klk ljldl</Line>
 <Line>lj jk ljldl jlk lj l ljjlj l jlk l llj jlkjj jlk jlk jl jldlkj ljl jlk ljjlj</Line>
 <Line>jl jjlkl ldlkjl jlkjj ldlkjl klk dl ljlj k jlk ljlj jlk jk lj jl k k klk</Line>
 <Line>k ljlj dl k jjlkl l jlk jk l jlk k ljldl jlk ljl jjl jlk lkl dl ljldl</Line>
 <Line>jlk jlk klk ljjlj ljlj lj jlk dl ljldl dl lkl jlkjj k lkjl ldlkjl k jjlkl</Line>
 <Line>l ljlj k jlk ljjlj llj jlk ljl dl l llj k lj l ljjlj jlk lj lkl ljl</Line>
 <Line>klk jlk jlk llj lk ljlj k lkl ldlkl lldl k lk lk jlkl jk lldl lj llj</Line>
 <Line>lk lkl lk lldad jl llj l ldlkl jl jjl lj ljk lj lk lk llj lldad ljlj</Line>
 <Line>ldlkl lj jl jlkl lldad l ljl lkl ljlj lk llj lk ljlj jk lk llj l lkl</Line>
 <Line>l l jl l jlkl dad jl k lldad lj lkl lk lk k lkl ljl lk jjl jjl</Line>
 <Line>k dad dad jl lk lk lk jlkl lj l lk lk l lkjj lkjl jjl lkl ljlj lkjlk</Line>
 <Line>ljl k lk k jl dad lkl ljl k klk l ljl k jjl k jl llj llj lkl jjl</Line>
 <Line>lk lj l jl ljlj jk lk ljk l k jl lkl l lkl ldlkk jlkl jjl jjl</Line>
 <Line>lk jl lk jk llj l lkljk k jjl jk ljk dad l jl ljlj jl llj jk ldlkl</Line>
 <Line>ldlkk lk lk lldad lk llj jl dad jk llj ljk lj jlkl lk lj jl lj jl k</Line>
 <Line>lldad l lkl ada lk lk jk llada lk lkl ljk jk k jk ljl ljlj lk ada jl</Line>
 </Level>
 
 <Level>
 <!-- 3 -->
 <NewCharacters>s</NewCharacters>
 <Line>ljksdl ljkl l sljs ljks dlks ljsf kl lsdk ls ls ls lkj slk ks jl jjs</Line>
 <Line>l slj jl lkj lsdk fksdls dk lsdk lsdk lsddlk jjlsdk ljk ljksdls ljsdk lj</Line>
 <Line>kl lj lj lkj ljsdk lsdk ljsdk js ls kl jl jl lsdk ljsdkksdlsljs js kl</Line>
 <Line>lsdk ll lss ljdks sljsf lss ldks jl kl lsljslj kl ldksf kl lssljs ls js</Line>
 <Line>s ldks kk js kl js ls ljdks jl jjldks ldks jjldks ldksfksdldks ldksk slj</Line>
 <Line>slj lj ljdks lkjksdldksf ldkd skk lsljs lj ldkds ldkdsk lks lj lks ldkdsk</Line>
 <Line>slj kl sf ldkk lj ldkds lj slj ldkdsljs sljs ldkds ks ksljs</Line>
 <Line>ldkds lsljs sf lks lj ldkdsf lksljs ldkdsljs jjs ldkds slk kl ldkds ldkdsf</Line>
 <Line>s ldkds ldkdsk ksdjl ldkds lldkdsk js lsljs sljslj lks ljdkds jl</Line>
 <Line>ks ls ldkdskk ldk kl ks kl js kl ldkdsk kl ldk slk ldkd skk lkj slj lks</Line>
 <Line>ldkds lksljs ldkdsf ldkd kk lsljs ldkdsk slk ldkdss lkj lkjksdjjldkds</Line>
 <Line>ljksdkl slk jjs ldk ldkds lsljsf slj ldkd skk jl lj kl lj jlksdl ldkds</Line>
 <Line>lkj lkj ldk lkj kl lj lj ldkds lj lks ldkd skk klksdldkdsk lj lj ks kl</Line>
 <Line>ldkdsf jsljslk ljd kds ldkdss ldk dsk ldkds ld kd skk jjs lkj slk jl</Line>
 <Line>l lj jjs ls ldkdsk ldkds kl slj ldkdsf kl ldkdskk slk jjldkdsljsf ldkds kk</Line>
 <Line>ljdkds ldkdsljs ls ldk dskk ldkds kl jl kl lj ls kl ls kl sf lls ldkdskk kl</Line>
 <Line>sf lj ks lkj lj jjldkds ldsk ls jjlds ldskk ldskk ldsk sljsf slj lds</Line>
 <Line>js ldsf ljds ldsf lks ks lds jjldsljslj ljds ldsk ksdjsl jjlds ljsk sdks lds</Line>
 <Line>lds lkj ldss ldsk ls lj ldsk lss jl sf ljds kl sljs lds lsdfksdlks ls</Line>
 <Line>ls lsdsljlj lsdkk jllslk sf lks lkslj lsdk jl lksllsd kklkslj</Line>
 <Line>ks lks ks ljsd lsds lss lsdk klksdks lksljlk lj slj lsds ljksdjs jjss</Line>
 <Line>kl lkslj lj sljksd lsdf lsljf ls lsd sljf lsds lss jjlsdl slk lsdk</Line>
 <Line>s kl lsd lsd kl lsd lj jjss ls lsdf lsd jjss kl lsd jjlsd jjs sf lsd</Line>
 <Line>jjlsd ks lsd jsl slj jjlsd lj sf lkj klksdjjlsd kslj lsds ls lj slk</Line>
 <Line>lsdl slj lj ls js lkj ljsd ks lkj ks lsdk jjs lsd lsdl kl js lj</Line>
 <Line>s lslj sljf lsds jl ljsdl lkj ls jl ls lj slk lsdf jjlsdl ks lj</Line>
 <Line>ljsd lkj jslj js lsd slk lsd skk jl ksl lsdss lsds lkj lsds jjs lsds jjs s</Line>
 <Line>lsks dkl lsdsk lsdss ljksdl sdsf kl sf slj kl sf lkj lsljlk ls ls ls</Line>
 <Line>lj sf kl lsd kl lsd jjs lsds kl ljsd jjlsd lj js jl sf kl kl jl jl</Line>
 <Line>lsdf lsd lsds lsdslj lsd slk lksljlj lkj ljsd kl kslj lj kl lsdk lsd l</Line>
 </Level>
 
 <Level>
 <!-- 4 -->
 <NewCharacters>af</NewCharacters>
 <Line>dll dafs sldks fldk fafs faf fldk safs fldsk jdkaf fldk</Line>
 <Line>sds afl safd jdkafs af lafs fldks afld ld dsk fldk ldks</Line>
 <Line>dsk af jdkfa fds ld sfa sds kds kd ffa ffa faj fd k lfa</Line>
 <Line>jdk lds lfa sfal fa jdkfa fa fas sdk fads sfal lds fldk</Line>
 <Line>faffafd falksdjdk fafa ldk lds lfa ldkd ffas fadks fas</Line>
 <Line>fas fldk fal sf sfals jdks jdkfas dsfa dsk fas dj fal fals</Line>
 <Line>dkd sfal dlld sdlsds dlls sd dls sdldls ffas dsk fals dsks</Line>
 <Line>sds jdkfa ldks lds lfa dk lfa sldk ffal faffafds sldks</Line>
 <Line>ffa fa lfa fa fald fa sfa sfafas skd sfafa fldk skdsd jdks</Line>
 <Line>dsfa fas fa fldk dkd fadd lfa fadks k jdkfa ffal fds sfas</Line>
 <Line>fal fald faffafds faf ffals fldk ldk fldk fldks dsks fldk lds</Line>
 <Line>fldk lds ld dkd fldsks fad skds sfa dksd sfa ld skds sfal</Line>
 <Line>sds lfas dsfas fal sfa fal lfas kfa sfasd sldk dsfas lfas</Line>
 <Line>fal faffafd sdk faffafds ffals dsk fds fals dsks lds jdk</Line>
 <Line>dsks fals afdk afls afdks afs dsksksdk jdkaf lds fldk dsafs</Line>
 <Line>d fafl af k kaf affaffd afd fldks sdks afdsd laf safsds</Line>
 <Line>sd skds lafs jdkds af affaffds ldks skd afdk fldks ds skd</Line>
 <Line>afs jdkds afd fldk fafls afs faf safs ld afs dsk aflds safls</Line>
 <Line>afs skds safsds fafl dkd safsd fldk afls fldks lds safafsksdsafsds</Line>
 <Line>dks fldk sdks sds lds af fldks jdks dj dkd afdk fldks</Line>
 <Line>fldk dsk laf fldks afs kaf af jdkds afs dsks afd aflds jdks</Line>
 <Line>affaffd sd fldk safsd dks sds laf kl fd dsks af safl</Line>
 <Line>aflds fafl ldks afl fafls safafs afld skds afls afls jdkafs</Line>
 <Line>dsks safls lds laf lds dsk afdks kaf jdk fldk sdldls fldks</Line>
 <Line>fds sdks sdlsd jdkdsd dlfdlfd ldl dlls dlj ldls ldks fdls</Line>
 <Line>fdll fldks sdadl ldls dll dlldsl dlld k ldl skd ldks dsks</Line>
 <Line>ldk jdkdad fd dads ldl jdkds dadk lds sldk dl kd dsdls</Line>
 <Line>sdll dll k fldk dls sldk dl ldl ldl fdl dsk dll dadks sdls</Line>
 <Line>ldks lds fdlls ldlsd lds dkd ldk skds dlf dl jdk sldks</Line>
 <Line>sdadls dlls ldls sdadl fldksksddllksdld fdl sd ldls fldk ds</Line>
 </Level>
 
<Level>
 <!-- 5 -->
 <NewCharacters>ie</NewCharacters>
 <Line>edijs laiki sesila lielais iesi kail sejas</Line>
<Line>lika kesa elli elija leisij laid liels edij</Line>
<Line>liek ielas laiks kafija deli sekas lasi sekss</Line>
<Line>elles lieliski like lasies laika kaadeelj lediss</Line>
<Line>lieliska lielisks klases liekas liks liki</Line>
<Line>saki jelkad lelle seja elisa kesidij elle</Line>
<Line>sids liksi lielas lieli iela ideja idejas liela</Line>
<Line>saki sids lieliski lediss kesidij elli klases elles</Line>
<Line>edij lieliska kesa sesila elija laid liks lasi sejas lelle</Line>
<Line>kail lasies elisa liki elle iesi kafija sekas ideja ielas</Line>
<Line>deli liekas jelkad laiks lieli iela edijs lika laika sekss</Line>
<Line>liels idejas kaadeelj liksi lielisks lielais liek liela seja</Line>
</Level>
 
 <Level>
 <!-- 6 -->
 <NewCharacters>no</NewCharacters>
<Line>nejoko neesi lien siena nosaka skola ienaidnieka kalni</Line>
<Line>nekas nesaka soli laikos ienaidnieks sokas kalnos soda skan joko</Line>
<Line>lielos neej asins dejo asinis skolas dodos lodi dienai neies</Line>
<Line>dosies kalns lodes neliela koda nesen lielo dienas</Line>
<Line>neiesi joda olas lido seko koks nodod joks</Line>
<Line>nesaki sekos neliels lode kokos neliekas nekad kalna</Line>
<Line>nikns kods sienas dodies iedod indij klana</Line>
<Line>diena ienaidnieki sadod neko dodas nesen skolas</Line>
<Line>kokos dejo joda ienaidnieka olas neliekas</Line>
<Line>dodos dodies sienas lielos soda nekad dienas</Line>
<Line>nesaka koks klana nodod joks neiesi dienai kalni nekas</Line>
<Line>nosaka neliela lien lode nejoko lielo neliels kalnos</Line>
<Line>skan iedod sadod ienaidnieki neej nesaki neies neko</Line>
<Line>asins soli asinis laikos lodi</Line>
<Line>ienaidnieks skola kalna joko sekos neesi sokas koda kalns</Line>
<Line>indij nikns dodas seko lido dosies siena lodes diena kods</Line>
 </Level>
 
 <Level>
 <!-- 7 -->
 <NewCharacters>rm</NewCharacters>
<Line>laimes nelaime nedara meliem doma nomira nelaimes sakara esam domas</Line>
<Line>filma mani rada sirds miljardi dom laimi melis neder nedari mirkli</Line>
<Line>karaliene armija for dari sirdis risks somas maina kam iemesla kara mira</Line>
<Line>krekls liksim ienaidniekam karalim radio dara komanda manos</Line>
<Line>melo akmeni miljoni noskaidrosim karali mana miera</Line>
<Line>ieradies kokiem miris laikiem karalieni karalienes skaidrs der</Line>
<Line>miljoniem komisija mirsi lords dosimies karam sirdij</Line>
<Line>manis soma karalis drosme major manas mammai mamma</Line>
<Line>sirdi mednieks drosmes laikam resnais resns iesim mokas adresi</Line>
<Line>misis filmas sakars mammas ierados mak miers kreiso</Line>
<Line>kameras mirs mans mirsim neesam iemesls</Line>
<Line>skrien skrienam manam manai miesas formas akmens komandas</Line>
<Line>kreisi radinieks melnais nomirs nams lieliem</Line>
<Line>mis slima armijas meli roka sarkans ari slims smalki marks</Line>
<Line>miljons smird skaidri skar liesmas rodas ser man</Line>
<Line>dodamies nekam ejam maniem rokas modes</Line>
 </Level>

 <Level>
 <!-- 8 -->
 <NewCharacters>vt</NewCharacters>
<Line>sievietei valstis nevis esiet tikai sveika sist atnes interesanta</Line>
<Line>likteni nevaram Antonio darot slikti valda viesis saraksta</Line>
<Line>dakteris atver dotos ejiet atrodas atradi itin sveikas katrai</Line>
<Line>nodeva mosties tikties nevari skaisti meita varens doktors skaits</Line>
<Line>atvaino varat nenotiek noteikt neteiksi viens visi mati aste</Line>
<Line>viedoklis raksti netaisos vada traki takas raksts nedariet</Line>
<Line>sieviete atrasties telefons dodaties netiksi veikt tiesa nomierinieties</Line>
<Line>vakaram teiksi atvainojos kravas noskaidrot liktenis</Line>
<Line>atveriet vadi desmit dienests otras meistar skatos savi tiesnesis likt taviem</Line>
<Line>teikt jokojat taisns notikt traks neskatoties tavam</Line>
<Line>ikviens savam arvien vakars vieni meitenei nolikt skaties</Line>
<Line>atvainoties vakara simtiem atradis metiens atvainojiet savas</Line>
<Line>sieva taksi ierasties dievs intereses veids sveiki tavs skriet devis</Line>
<Line>tiesas vari tava notiks satiksimies lifts nevarat tiksi devos raksta</Line>
<Line>sakot tiki metodes vareni vesels lidot atrodamies laivas viss dirst virsnieks</Line>
<Line>tiksimies lamatas slikta klients interesanti laidiet atnest otro troni veiksme</Line>
<Line>netika divi visos valodas vienai neviens slavens varonis vadiet metro</Line>
<Line>meistars atliek nelieti vairs sevi sekojiet naktis saviem tevis nakti</Line>
<Line>atrada atkal maita sievieti vannas vieta dodieties</Line>
<Line>katram sliktas tiks sievai nometne netiek valsti dienesta nakts nometnes</Line>
<Line>telefona vietai skaistas nomirt terorists notika mistera ieiet silts</Line>
 </Level>
 
 <Level>
 <!-- 9 -->
 <NewCharacters>pu</NewCharacters>
<Line>stiprs dusmas lauku masu padoties ardievu</Line>
<Line>autors koku mute kuram teju naudas teikusi kusties proti</Line>
<Line>starp putns stundas auto seju atvedu puisim sapnis</Line>
<Line>kustieties protams pili roku jautri kuriem stipra netiktu jaunajiem</Line>
<Line>visu sekoju sarunu nupat pusei turieties nojauta divu lapu puisis</Line>
<Line>spied drusku kurpes kurus sekundes kauns tieku straumes</Line>
<Line>runas tualeti leju likuma pateikties satiku liftu pamet punktiem pils</Line>
<Line>divus kaut paskat noteiktu alu jauni miljardu laikmetu armiju turi</Line>
<Line>pirmdien sliktu sarakstu kuri lapas saprotu miljardus rietumos just</Line>
<Line>palaidu vienu sapni pamest puika pamosties lieku auksti vidu kalnu</Line>
<Line>nepaliks priesteris padome apturi joku savus strauji piedot</Line>
<Line>ieklausies laivu punkti visuma numura suni lielu stipendiju elpo tituls</Line>
<Line>strups likums nesaproti sekundi apsolu apklusti slepkava dievinu mums</Line>
<Line>pusdienas vainu jauna ierakstu jau rasu dodu pildiet paved prom pulki</Line>
<Line>telefonu tumsu vienus padod protu pret saprotiet saku pasta</Line>
<Line>nepatika prasa skumji prasi saprast atdotu patika pirmie</Line>
<Line>nekusties otru tiku nopietns nejokoju pasaki jauns kustas paejiet</Line>
<Line>nopietna pirmos numuru kalpo saprata kalps slepkavas iemeslu notikumi</Line>
<Line>puiku lasu miljonus ielu tikpat jaunu pasaku sapratu persona masku puses</Line>
<Line>dokumenti mantu noteikumus ledus datums pasaulei lappusi</Line>
 </Level>
 
 <Level>
 <!-- 10 -->
 <NewCharacters>g</NewCharacters>
<Line>gaisa deguns got pogas kungi gatava gals smaga ogas</Line>
<Line>gudri ilgi aug gaisma gada grants ilgu giganti goda vienalga</Line>
<Line>karogu muguru gadi pag smagsvara gaidu logu sargi</Line>
<Line>nevajag grupas godu smago tirgus sniegs ilga viegli algas</Line>
<Line>gadam kungam draugam kungs tag augstais galveno</Line>
<Line>gultu gara guli gatavam pagaidi gar sagrauj pagalam uguni</Line>
<Line>augstu gaismu loga ilgojos sniegt muguras grupa sargs</Line>
<Line>pogu vajag gatavs murgs galu deg gadiem nagi sasniegt</Line>
<Line>galvenais garu gados nogalini gultas draugiem pagatavoju</Line>
<Line>draugus galam drauga ragi gan sagaida gaismas gatavas degvielas</Line>
<Line>gads smags ilgs gadsimta noguris nogalina draugu kunga</Line>
<Line>gods draugi galva gudra gadus kliegt agri gaisu sargu pagaidiet</Line>
<Line>gana grupu degunu gars logs gulta apgalvo gala galvu draugs gadu</Line>
<Line>uguns gaiss gudrs viegla smagi gaidi programma gaidot galvas</Line>
<Line>kungu garus galda tagad gatavi gari gaida gulieties vergs</Line>
 </Level>
 
<Level>
 <!-- 10 b -->
 <NewCharacters>y (English)</NewCharacters>
	<Line>inlay overlay angrily ternary derogatory type skylark spray ruffy petrify deformity</Line>
	<Line>identity unseemly pettily payoff moldily jerky statutory synergy glottology jutty</Line>
	<Line>stratify pylorus gyrate elementary gargoyle royal perky musty yours visionary playing</Line>
	<Line>transitory sterilely yonder spinily laying voluntary grisly geyser snotty allegory</Line>
	<Line>dumpy slovenly overjoyed volatility glassy severally pity ally infinity drayage</Line>
	<Line>fumitory rarefy estuary salty gently pensionary snootily purely silty tautology</Line>
	<Line>osprey entirety uneasy lampyrus stultify rotary impurity very unalloyed sloppy guy</Line>
	<Line>sinology missionary gaudily stingray payout repay pigeonry mordantly usury gymnasium</Line>
	<Line>temerity needy greenfly solidly ferry underlying lady fully asylum typing symmetry</Line>
	<Line>madly yesterday formality loony animatedly valley silently definitely skydiving</Line>
	<Line>deify sappy augury realty elatedly silky dysentery sodomy midgetly doyen dye disparity</Line>
	<Line>stupidly porosity gingerly jelly deanery gravy repository strongly timidly yakking</Line>
	<Line>flay prototype legendary maggoty argosy already gypsy keypad mesentery loyal youngster</Line>
	<Line>regionally malignity fury urgently verify graveyard eyeglass torrefying rosary</Line>
	<Line>flurry satisfy dynamo parry alloy tyre jealousy nasally royalty majority</Line>
	<Line>forgery sly pillory tangly tarry plurality poundkey seniority salary</Line>
 </Level>
 
 <Level>
 <!-- 11 -->
 <NewCharacters>z</NewCharacters>
<Line>izskaidro noziegums mazs zelta zeltu uzvedies kundzes mazulis</Line>
<Line>daudzumu pareizi pasniedz rezerves daudz zona zirgs atgrieztos</Line>
<Line>dzird iziet uzskati daudzus griezt gredzenu ziniet uzdevumu nepareizi</Line>
<Line>uzvar aizver aiziet aizved nepazinu nezinu uzveikt pareizo piezvani</Line>
<Line>nezvani aizvest redz redzot zvaniet izskaties zvanu sezona pazudusi</Line>
<Line>reizes draudzene maz apgriezies izdari pazudis zivju greizi maizes neaizej</Line>
<Line>nazi griezies daudziem uzreiz steidzies kundze nozagt aizveries izmantot</Line>
<Line>daudzi izeju izturies zagt rezerve sniedz dziesmu zivs neredz redzi izeja</Line>
<Line>uzdevums nepareizu mazliet iedzer pazinu nez divreiz pieredze nedaudz</Line>
<Line>maza dzer daudzas pazust izskatos ziemas zinot mazi izskats uzaugu</Line>
<Line>zila dzirdu ezera izprast zvani aizmirsis uzklausi zirgu dzirdi atgriezies</Line>
<Line>uzskatu redzat dzen piezvaniet zellis draudzenes izmanto izvest neizdosies</Line>
<Line>redziet zivis aizdomas aizmirsi uzgaidi dziesma piedzimu izmantojot mazas</Line>
<Line>diez uzgaidiet nezin grozu kliedz izveidot redzams uztver mazuli mazu</Line>
<Line>smadzenes ezeru diezgan nemaz zirga reize aizvediet aizmirsu aiz nozagi</Line>
<Line>nozaga izdevies nepareizo draudzeni redzu zemes nozieguma prezidenta</Line>
<Line>prezidentu atgriezos zirgus roze redzam zem milzu gredzena zvana uzvalks</Line>
<Line>rezervju izdara uztvert gredzens vienreiz izejas aizeju izmantoja zini nezini</Line>
<Line>aizej uzdot pauzi izskaidrot dzimis dzirdat dzert neredzi neredzu zinu mazo</Line>
<Line>zeme izlasi iedzert vismaz uzmanies virzienu aizveda jaunkundze zaglis nezina</Line>
<Line>izraisa nedzirdu zvanus pazuda izdodas aizveriet aizmirsti pareizais zemi reizi</Line>
<Line>uzvara reiz izdosies zvaigzne izlikties zelts aizvien prezidents mazais</Line>
<Line>aizmirst izvilkt uzvaru uzskata nedz toreiz zvaigznes zina pirmoreiz</Line>
 </Level>
 
 <Level>
 <!-- 11b -->
  <NewCharacters>h (English)</NewCharacters>
<Line>dither unharmed hallelujah host rash plinth hardtop thirteen</Line>
<Line>lathe sought hen harm humdrum shaman healing shrinkage forehead</Line>
<Line>aphasia shellfish graph hay sharpen dishonest heaviness selfish delighted</Line>
<Line>fanlight thereof humidity hoist enshrine letterhead preheater homologate</Line>
<Line>pigeonhole helpful superhuman pantograph thanks hip metaphor shush</Line>
<Line>pentathlon heptagonal intermesh hedging honoured polish petroglyph</Line>
<Line>horse aftermath mesh apothem shaker thriller flourish shoulder varnished</Line>
<Line>thin hat ghetto nihilism loathe pamphlet north hum shift third the think humanist</Line>
<Line>her shelve daylight aldehyde overnight savannah inherit shaving hopefully</Line>
<Line>mimeograph overhang heed overhaul helium hut death hill flashlight throng</Line>
<Line>gash tighten sham flashing synthesize hypotenuse josh snapshot loutishly</Line>
<Line>silhouette rehearse herself phlegm shim sashay hoarseness heartless henna</Line>
<Line>three shutter hereafter handrail push symphony fresh halyard hanging horror</Line>
<Line>nightdress telegraph euthanasia atmosphere shepherd doughy hussy prophesy</Line>
<Line>shitter hitman uptight hop offish foppish heaven enough hearse rakishly eighthly</Line>
<Line>honesty shire hotplate elephant dehumanize thinners soothe hardening aphtha</Line>
<Line>liverish apish punish freighter dishonour greenish anything diphtheria shirking</Line>
<Line>harlotry thinner hurt haze hazardous hangnail stronghold roughly handhold eyesight</Line>
<Line>flighty hiring phenotype flight seventhly sheepdog freehold goldsmith lashings</Line>
<Line>shrike potash distraught oath hotel famished unhappy lumpfish hurdle lengthen</Line>
<Line>hold paragraph unhandsome thousand homonym insightful furlough hilarious</Line>
 </Level>
 
 <Level>
 <!-- 12 -->
 <NewCharacters>bc</NewCharacters>
<Line>neatceros billij paciest izbeidziet gribi bildes nebiju obi bumbu labo tacu septembris</Line>
<Line>izsalcis labs citas atbraucu pacienti atceries centos noticis gabalu apciemot centrs</Line>
<Line>bikses braucu veic izabella biedru buusi princesi bailes pateicu citreiz brauksim stulbs</Line>
<Line>futbola vincents pateicos kabeli citiem bankas emocijas varbuut vecie celies abus tieciet</Line>
<Line>uzticos dabu riebjas ebrejs vecuma abu back beigts pateica uzbrukuma poncho tic</Line>
<Line>kapeec bum futbolu oktobris cilveeku citus fib bail darbiem negribi pabaro procentiem</Line>
<Line>basanio ebreju briesmu liecinieks saticis brilles albert beidzies neiebilsti braien balsi</Line>
<Line>atbraukt neaiztiec darbojies atlicis balboa com cietuma negrib buutu buus zobenu</Line>
<Line>atbalstu ticiet autobuss brauc balsis simbols policijai atbrauks macumoto kaleb citi</Line>
<Line>nobukado nedarbojas velc uztraucos citur griba uzbrukumu teicis labu policijas piecus</Line>
<Line>abas policisti beigusies princis vecs aizbrauca vecais cikos policija cietis cik baidos brauns</Line>
<Line>jebkad betmens cauri princese gribu veica zobi istabas paveicies labums autobusa</Line>
<Line>kacujori labvakar bumba kancleru vilciens pacel cena debesu datchs stulba cip brokastis</Line>
<Line>cerams ciest darbu istaba ciema baby citu nobijusies bred satiec gribam bizness atbalsta</Line>
<Line>tici izliecies cietumu neticami nabaga bifa billijs debess braukt kenobi cepuri cilveku palicis</Line>
<Line>stacijas stulbais apnicis citam beigas balto ticu negribat burvis nebija breketes uzliec acs</Line>
 </Level>
  
 <Level>
	<!-- 14 -->
 <NewCharacters>q (English)</NewCharacters>
	<Line>acquit quaver liquefy parquet torque squelch squeeze qualify baroque enqueue lacquer</Line>
	<Line>equate equidae quark squirm squire acquire quat quartet chequer quote squash equator squirt</Line>
	<Line>quilt sesqui bequest squeak pique equal quash requiem quirk marquee oblique inquiry inquest</Line>
	<Line>equip quota liquor quorum liqueur equally quaint quicken opaque quay quarter cheque sequel</Line>
	<Line>quiver squint enquiry query qualm quiet quince quintet equine brusque equable squinty sequoia</Line>
	<Line>quartz mosque piquant quit equably quickly quip request conquer unique antique quern quintal</Line>
	<Line>quake quinine aquifer queen require quack equated square quirky quarry quality aquatic queue</Line>
	<Line>inquire bouquet quite squall quietly claque unequal quibble squally glauque quadrat enquire</Line>
	<Line>squared liquid squid squat quinsy quetzal banquet quest plaque equity sequin quitter quench quarrel</Line>
 </Level>
 
 <Level>
	<!-- 15 -->
 <NewCharacters>w (English)</NewCharacters>
	<Line>wood fowl wiring wine weed crew swaddle witch wart wanton eelworm sawdust wind eyebrow</Line>
	<Line>fawn warfare stowing wobbly wake weigh warped world swamp swallow inward walkway two maw dew</Line>
	<Line>whiff dewlap whistle pew wastage weekday fewer worn where working yawn wheat wallet await</Line>
	<Line>cowed awe throw whose dowry owlet bigwig unscrew owe redwing tow warm hallow mildewy wedel</Line>
	<Line>showily pathway mowing wear wigeon trawl towel swarf writer mugwort mower wrench ribwort</Line>
	<Line>warrior dwarf wed wharf slew tweak twinkle town wedging snowman cowshed willful width browser</Line>
	<Line>brawny gawkily wane tweed walnut whorl rowdy dawn jetway wading mew drowse swipe whether known</Line>
	<Line>scrawl wire dowdy awl waiver untwist wedlock swear swathe awed swivel will woollen wan know</Line>
	<Line>whimper wedge wolf wooly weakly own wander cowpat crowd wean vow narrow hollow uptown fawning</Line>
	<Line>beware swig whirl gateway wriggle wicked warp crowded washy bewitch wasted which windy</Line>
	<Line>fellow warlock morrow answer nephew claw widgeon avowal wick dowser</Line>
 </Level>
 
  <Level>
	<!-- 16 -->
 <NewCharacters>x (English)</NewCharacters>
	<Line>mix fix vertex syntax hexagon extra exalt excrete fixture exhibit toxin exact dixie</Line>
	<Line>styrax codex complex unfixed oxidize explode sphinx lexical influx axiom fixedly maximum</Line>
	<Line>excited latex sexing expense taxi galaxy apex exalted exit gearbox context pixie sixteen expunge</Line>
	<Line>extol texture fluxion flux mailbox axle anxiety larynx vortex exceed expanse anthrax relaxed expand</Line>
	<Line>toxic excel oxidise oxide icebox equinox maxim exhale afflux examine helix box explain extrude marxism</Line>
	<Line>relax boxing maximal convex expect hoax sexual perplex pixel annexed proxy exclude expose climax extent</Line>
	<Line>reflux outbox exist exclaim telex oxidate buxom exempt narthex perspex exude cox expel mixing sixthly</Line>
	<Line>cortex expert mixture moxie deluxe luxury exigent phoenix unexact text execute extort explore except</Line>
	<Line>pixy fax sexy annex soapbox exile exhaust expired coccyx coax axed axe excite matrix calyx pretext</Line>
	<Line>excerpt sexist lox exploit lax exposed bonxie toolbox tax coaxial fixator exam unfix flexure export</Line>
	<Line>flexion foxtail pharynx inbox next exotic mixer expend extract sexton expiry sandbox exactly fixing prefix</Line>
	<Line>oxygen cachexy sixth callbox kleenex exhort extinct jukebox paradox six expire thorax index pickaxe</Line>
	<Line>boxer suffix coexist extreme example muskox dextrin axilla foxy sextant excuse xerox sex duplex</Line>
	<Line>textile ibex affix sexism pixmap extend tuxedo exert exciter lynx taxable vixen mixed reflex fox bugfix phalanx</Line>
 </Level>

  <Level>
 <!-- 17 -->
 <NewCharacters>č</NewCharacters>
<Line>ričij čerij bučo četrus čili franču čaks ieročiem čempions reičel</Line>
<Line>reičelu čali čalis ieroči četriem ričards četras buč čak reičela čerija</Line>
<Line>ieročus taču četri čau veči ieroču ieroču četriem reičelu reičel ieročiem</Line>
<Line>četras čempions čau četri četrus čaks čak čerija čali bučo veči taču</Line>
<Line>franču buč ričards reičela ričij ieročus čili ieroči čalis čerij čalis ieroči</Line>
<Line>četriem bučo ričij čak reičela reičel čerij čempions čerija ričards čau četri</Line>
<Line>čaks čili taču buč ieročus četrus veči ieročiem četras čali ieroču reičelu franču</Line>
 </Level>

 <Level>
 <!-- 18 -->
 <NewCharacters>ā</NewCharacters>
<Line>word pārāk sveicināts trāpa sāks parunāsim sveicināti glabā oficiāli</Line>
<Line>pārdot aizgāja vakarā tālab tāds ienāca sāksim nāciet ielejā pāvesta</Line>
<Line>mārtij savākt saglabāt uzvārds pārtikas augstākā pārtiku jābeidz atklāja</Line>
<Line>nonāca kurā nākamais domājam strādājat iznāca runājāt jādomā bāka</Line>
<Line>plāna novākt kārtis staigā stāstu domām pirmajā parādi sazināties operāciju</Line>
<Line>atradām radās tiesā rādi ārā ienāk jārunā zinātu labākā piedāvā uzzināju māja</Line>
<Line>runā apkārtni jābaidās gaitā vecāki nākamreiz manā runāju okeāna jāiet nācu</Line>
<Line>stāvoklis jādara kādus stāvi nekā mājām kādu pirmkārt rāms ielās nācās jāmaksā</Line>
<Line>situācijā jāatrod vispār devās sāksi iesāksim nekāda kāp kārta tātad māca brāli</Line>
<Line>kaklā savukārt izrādās tikām nekādas nekādā runājis grizlilāču salā atradāt sāka</Line>
<Line>vārds veidā parādiet dāvana priekā atnācis scenārija advokāts sāpes vecākus</Line>
<Line>strādāju skaidrā situāciju dārgā labāks runāt rezultāti lapās beigās brālim stāvu</Line>
<Line>prāts turpmāk savās lācis pagānu beigām dāma gāja sākums pienācis nokārtot</Line>
<Line>atklāts prātā tāda briesmām sargā pareizā dienām neizskatās bagāts sejā brālis</Line>
<Line>nogalināji pārsvarā citā gadā stāt rokām kāda jāiziet namā dolārus nāve maksās</Line>
<Line>vārdi parādā glābtu jautājums otrajā sanāca dāmas nestrādā pagaidām zināju</Line>
<Line>situācija māte jāstrādā nāku tādām satikāmies kāzu parādu atgriezās kāju lielāko</Line>
 </Level>
 
 <Level>
 <!-- 19 -->
 <NewCharacters>ē</NewCharacters>
<Line>pēdām lēni tēt cēlonis nolādētā redzēts vēls vēlos tētim sēdieties redzēsim</Line>
<Line>pārējie spēja mērij zaudē negribēju slēpj aizmugurē pēdējā nāvē interesē</Line>
<Line>dzirdējām tēma jēga zālē spēles zaudējam pilsētu drēbes atcerēties vēlaties</Line>
<Line>totēmu tēvu manējo ēka meklējiet spēkos vēsts jēzu netraucē nespētu ticēt</Line>
<Line>vēro grēku nevēlos nevēlies uzvarēja novērtēju dzirdējāt cilvēces vietējā redzēt</Line>
<Line>ēku planētas dzirdēt cilvēkus vectēvs ēdienu dēli cilvēki vēlamies spēkā mesjē</Line>
<Line>pilsētas vētras redzēji varēja noslēpumu svēto bēgt svētā noslēpt noslēpumā</Line>
<Line>redzēs paredzēts pēdējais gribējām vēlies paēst cerēju piemērots paturēt spētu</Line>
<Line>vēstures tāpēc kavalērija vētra varēsiet redzējusi spēlēties peldēt gribēju</Line>
<Line>tētis vēlējos iztēloties vēja vēlētos nolādēts mēra dzirdējusi spēli redzējāt nevēlas</Line>
<Line>vēlreiz pārējais lēmums noticēt pēdu varēji apēd drēbēm bērnam mērci meitenēm</Line>
<Line>negribētu minēt piemērs dēlam lēnāk pavēle atbildēsi neticēsi nevarēju ēkas</Line>
 </Level>
 
 <Level>
 <!-- 20 -->
 <NewCharacters>ģ</NewCharacters>
<Line>ģimenei pamēģināt mēģinājums mēģini reliģija mēģina mēģināja</Line>
<Line>ģimenē enerģija aģentu nemēģini pamēģini ģimeni ģimene mēģināsim</Line>
<Line>kuģa enerģijas mēģināt enerģiju ģitāru aģents kuģis ģēnijs reliģiju</Line>
<Line>izmēģināt mēģināju kuģi reliģijas mēģinu ģimenes ģitāru pamēģini aģents</Line>
<Line>aģentu reliģiju enerģija ģimenei mēģināja mēģināsim reliģijas ģimenes</Line>
<Line>mēģina enerģiju ģimenē kuģa mēģināt mēģināju kuģi reliģija kuģis</Line>
<Line>enerģijas pamēģināt ģēnijs mēģinājums mēģini ģimeni ģimene mēģinu</Line>
<Line>izmēģināt nemēģini mēģināt aģents aģentu ģimeni izmēģināt mēģini</Line>
<Line>ģitāru mēģināja nemēģini pamēģini ģimenes kuģi pamēģināt reliģiju</Line>
<Line>enerģija reliģijas mēģina kuģa reliģija kuģis mēģināsim ģimenē ģimenei</Line>
<Line>ģēnijs mēģinājums enerģijas mēģinu enerģiju ģimene mēģināju</Line>
 </Level>
 
  <Level>
 <!-- 21 -->
 <NewCharacters>ī</NewCharacters>
<Line>cerību dzīvības uzmanīgi slepkavību medicīnas zīme valstī izmainīt papīru</Line>
<Line>īstais cīnās cerības dzīvosi mainīsies mīla grasījās darbības ticību palīdz</Line>
<Line>līdzīgs iemācīties īstenībā sakritība darījām rīkoties rakstīts rīta slimnīcas</Line>
<Line>patīk brokastīm atradīsim pazīstu parādītu mīlestību gaidījis dalīties</Line>
<Line>piezvanīja derības līgavu tiesību padarīs baznīcas dzīvojam dzīvs mierīga</Line>
<Line>izstāstīja stāstīja veselību tevī rīkojos priecīgi vīra pavadīju ketrīn dīvains</Line>
<Line>dzīvniekus uzmanīgs nodarīt slimnīcā viesnīcas apsolīju izdarījis izdarītu</Line>
<Line>palīdzību johaidī patīc sevī vecīt radīta nozīmē nedrīkstu vajadzīgs ausīm</Line>
<Line>benzīnu vīrus acīs arī īstas izdarīs ieraudzīt baznīca saistīts pīter palīdzēja</Line>
<Line>dusmīgs dīvaini tuksnesī zvanīt rīcībā svarīgs debesīs grīdas dzīve veiksmīgi</Line>
<Line>patīkami iemīlējies dzīvojis svarīga luī sabiedrību sāpīgi mīlas izdarīsi spēcīgs</Line>
<Line>spēlītes uztaisīt bagātība brīdināt pazīstami personīgi pārbaudīju radīja</Line>
<Line>asinīm radīts gadījās darītu dzīvību valdība kustību nedarīsi pilnīgs mīlēt pretī</Line>
<Line>patiesības mierīgs izskatījās palīgs dzīvei atradīsiet baznīcā parādīja</Line>
<Line>sabiedrība starpība vīru bīstami naktīm nemīl uzmanību īsta izrādīt</Line>
 </Level>
 
 <Level>
 <!-- 22 -->
 <NewCharacters>ķ</NewCharacters>
<Line>mērķi ķēdes ķer mērķus līķi mērķis ķezā nelaiķa kaķis grieķu</Line>
<Line>mērķiem ķermeni ķīlnieku kruķi līķis pieķēries āķis noķert ķīlnieki</Line>
<Line>ķermenis kaķi ķerts kruķis puķes mērķa ķīlnieku ķezā mērķi mērķis</Line>
<Line>ķīlnieki mērķa mērķus ķermenis noķert kruķis ķēdes grieķu āķis kruķi</Line>
<Line>līķis kaķi kaķis pieķēries ķer līķi ķermeni puķes mērķiem ķerts nelaiķa</Line>
<Line>ķerts ķermenis kruķi ķīlnieki līķi ķēdes ķīlnieku līķis grieķu noķert kruķis</Line>
<Line>ķer mērķis pieķēries āķis kaķis mērķiem nelaiķa puķes mērķi ķezā mērķus</Line>
<Line>ķermeni kaķi mērķa nelaiķa kaķi kruķi līķis kruķis ķermenis kaķis mērķiem</Line>
<Line>puķes ķēdes ķīlnieki pieķēries ķīlnieku grieķu noķert mērķi ķermeni mērķa</Line>
 </Level>
 
 <Level>
 <!-- 23 -->
 <NewCharacters>ļ</NewCharacters>
<Line>pakaļa kļuvis brāļiem ļautu atpakaļ ļauns apstākļi nedēļu daļu ērgļi</Line>
<Line>pieļaut ceļus ziemeļu ļaujiet mīļais gļēvulis pakaļu atļauju brāļi</Line>
<Line>ceļam skaļu muļķis nedēļas kļuva dziļi ļaudīm mīļi ceļu ērgļiem</Line>
<Line>nedēļā tādēļ angļi ļauno ļaunumu mīļākais nodaļa ziemeļos ļāva</Line>
<Line>ceļa guļ paļauties angļu ļaunu zaļo gaļa pakaļas daļa bēgļu atļauties</Line>
<Line>ceļojumu daļas muļķīgi ceļojumā mīļā vaļā brāļa nedēļām ļoti mīļāko</Line>
<Line>dēļ ļauj pakaļ ļaudis kļuvusi angļus ceļos pakaļā mīļum karaļa mīļākā</Line>
<Line>skaļāk ļaunums skaļi ziemeļiem ļaunāk spēļu ceļā ceļojums ceļiem čaļi</Line>
<Line>muļķi neļauj atpakaļ muļķības savvaļas guļu ļaut gaļu daļa gaļas muļķe</Line>
<Line>ceļi kādēļ nedēļu skaļu ļaunumu kļuvis pakaļ vaļā čaļi atļauties brāļiem</Line>
<Line>ceļojumu ceļa mīļi zaļo ļoti ceļus angļi paļauties pakaļas angļus gaļa brāļi</Line>
<Line>ceļojumā ļauj pakaļa bēgļu muļķis mīļum muļķīgi skaļāk skaļi ceļi nedēļām</Line>
<Line>pakaļu kļuvusi ziemeļos ļauno ceļos ļaudīm pakaļā gaļas ceļā atļauju pieļaut</Line>
<Line>dziļi ļaujiet daļu mīļā ceļu savvaļas mīļais mīļāko nedēļā brāļa tādēļ ļautu</Line>
<Line>gļēvulis ļaunāk neļauj kādēļ ceļojums ļaut nedēļas karaļa ļauns ļaunu nodaļa</Line>
<Line>ļāva ceļam gaļu ērgļiem angļu apstākļi dēļ ceļiem ērgļi ziemeļiem guļ ļaudis</Line>
<Line>guļu daļas mīļākā muļķības muļķe mīļākais spēļu ļaunums muļķi ziemeļu kļuva</Line>
 </Level>
 
 <Level>
 <!-- 24 -->
 <NewCharacters>ņ</NewCharacters>
<Line>viņam jēziņ sapņoju ziņā skaņas saņēmu ņem paņem ziņu saņemt</Line>
<Line>aizņemts saskaņā blēņas apziņas riņķī akmeņiem neņem cieņu saņemsi</Line>
<Line>pieņemu ņemt viņa ņemiet viņs viņai izņemot cieņa akmeņi saņēma septiņi</Line>
<Line>viņu saņem bruņinieks pieņemot paņemtu ziņa sirsniņ izņemt pieņēma</Line>
<Line>viņas cīņā aizņemti mārtiņ noņem suņiem maiņa skaņu astoņi jāpaņem</Line>
<Line>sapņu paņēma spāņu jāņem peļņas viņus brītiņu amerikāņu suņa suņus</Line>
<Line>izmaiņas vakariņas smadzeņu viņi septiņas vakariņām sliņķi deviņi kaimiņi</Line>
<Line>akmeņus mīļumiņ māmiņa atmiņa pieņem kočiņ draudziņ sapņus atmiņas</Line>
<Line>ņujorkā peļņu aizņemties saņems ķermeņa ziņojiet viņiem pārmaiņas</Line>
<Line>ņemot cīņa vecmāmiņa randiņu cīņas amerikāņi suņi saldumiņ bruņinieku</Line>
<Line>ņujorkas baņķieru paņemt saņemies viņām ziņojumu paņēmu viņā paņemiet</Line>
<Line>ziņas asiņu atņemt meiteņu māmiņ dārgumiņ cīņu pieņemt ziņo ņemu</Line>
<Line>ieņemt augstmaņi ķermeņa viņām smadzeņu cīņa mīļumiņ ieņemt saņems</Line>
<Line>viņa sapņoju sapņus viņas viņi ziņojumu viņam amerikāņi mārtiņ peļņas</Line>
<Line>suņiem septiņi ziņas augstmaņi atmiņa izņemot kaimiņi paņemt peļņu suņus</Line>
<Line>atņemt baņķieru cīņu ņemu izmaiņas skaņu pieņem pieņēma māmiņa ziņa</Line>
<Line>sapņu jāņem ziņojiet deviņi paņēma akmeņiem ņem cīņas viņu suņi cieņa</Line>
<Line>aizņemties viņiem saņēma vakariņas saņemsi cīņā cieņu kočiņ bruņinieku</Line>
<Line>akmeņi spāņu ņemot paņemtu ziņu vecmāmiņa dārgumiņ viņai blēņas paņem</Line>
<Line>ziņo ņujorkā izņemt jāpaņem septiņas jēziņ noņem neņem bruņinieks astoņi</Line>
<Line>asiņu saņem suņa ņujorkas pieņemt saskaņā sliņķi saņēmu saldumiņ apziņas</Line>
<Line>randiņu akmeņus saņemt aizņemti pārmaiņas atmiņas viņs sirsniņ viņus ziņā</Line>
<Line>pieņemot draudziņ viņā pieņemu brītiņu saņemies māmiņ vakariņām riņķī</Line>
<Line>skaņas paņēmu ņemiet amerikāņu maiņa ņemt aizņemts paņemiet meiteņu</Line>
 </Level>
 
  <Level>
 <!-- 25 -->
 <NewCharacters>š</NewCharacters>
<Line>došos šovu štata augšup vīriešiem šausmas šoferis slapjš šādus iepriekš</Line>
<Line>ieradušies šodien brīnišķīgs jebkurš šovs šingens samaksāšu nevarēšu</Line>
<Line>priekšu neļaušu šiem nejauši garšo šorīt miruši mašīnas pašnāvību patiešām</Line>
<Line>izdarīšu tikuši šīs šerif šāds varēšu nākšu šķiet ņemšu šinī garšu šejienes</Line>
<Line>īpašumu nošāva centīšos atšķirība tukša mašīna apakšā nākošreiz šausmīgi</Line>
<Line>šaubām šajās šurp parādīšu atnesīšu vienošanos šodienas darīšu aiziešu</Line>
<Line>likšu vīrieši šim vēlēšanās atstāšu īpašumus sešiem runāšu šrek šogad</Line>
<Line>šķietami šādā trešajā augšā mēnešiem īpašums iedošu palikšu vienkāršs</Line>
<Line>bimiš šitā šef dzimšanas atradīšu mašīnām maršals pieaugušie droši tikušies</Line>
<Line>tumšs spēšu maršal nošaut ķīniešu kopš tikšanās šovakar kristiešu laupīšana</Line>
<Line>lidmašīna nepametīšu sākšu bušs pagājušo bijušais cenšos tiešām pašu šis ceļš</Line>
<Line>šie lidmašīnu teikšu neiešu šreks glābšanas šķita tikšu darīšanās nešaujiet</Line>
<Line>pietiekoši šos mēneša īpašu tikšanos iekšā šoreiz nedarīšu nogalināšu sešus</Line>
<Line>nešķiet pašiem paņemšu šeit cenšas bijušas forši ļaušu pašlaik aizvedīšu</Line>
<Line>neteikšu īpašs pašas šobrid pelnījuši vējš šito atnākšu drošs gaidīšu braukšu</Line>
<Line>drošības šejieni vienkārši šai priekšā zināšanas šaut mēneši pašreiz nošauj iešu</Line>
<Line>sašāva bijuši redzēšanos mašīnai kuš pateikšu pagājušajā sešas viņš īpaši trešo</Line>
<Line>bērniņš zaļš izsalkuši priekš brīnišķīga mašīnā paši zināšanām brīnišķīgi vinš</Line>
<Line>pagājuši vīriešu drošību kurš pārvēršas šāviens šaubu trešais pastāstīšu mašīnu</Line>
<Line>paša došu šajā karš finanšu kaiš šonakt satriecoši šāda nākošais šīm šauj</Line>
<Line>augšstāvā uzvarēšu seši vienošanās lidmašīnas lašu ipaši pēkšņi nomiršu garš</Line>
<Line>darīšanas paskatīšos randiņš tieši darbiņš piezvanīšu mēģināšu puiši puišiem</Line>
<Line>dzirdējuši redzēšu izstāstīšu drošāk cieši hemiš šādas atšķirīgi šādu nodrošināt</Line>
<Line>trešā pašai ciešanas mārtiņš pašā darīšana sieviešu vienkārša drošībā palīdzēšu</Line>
<Line>droša pašam vientuļš šādi šilo redzējuši piedošanu zaudējuši mēnešus šobrīd</Line>
 </Level>
 
 <Level>
 <!-- 26 -->
 <NewCharacters>ū</NewCharacters>
<Line>lūdz jūras rūp lūgti jūti kļūdas lūgšu sūds sūta rūnija mūziku ūdens</Line>
<Line>plūsmas lūgšanas nebūt būtu rūpējies būšana lūsij dabūs stūra parūpēšos</Line>
<Line>minūtes minūšu nebūsim sajūta tūliņ dabūja nebūšu sūtīt stūres dabū ūdeni</Line>
<Line>jūtu dabūjis atgūt nebūtu nokļūt sūda uzbrūk lūgt iegūt sūtiet kļūsti sūdu</Line>
<Line>būšu dabūtu virsū būdams rūpēties grūtāk mūsu būt skūpstu pietrūkst brūce</Line>
<Line>lūdzu jūs kļūs jūdzes dūku endrū minūtēm jābūt dabūt būsi valūtas sajūsmā</Line>
<Line>tūkstošiem grūti vidū zemūdens dabūji cūkkārpas dabūju jūrā kļūst sūti</Line>
<Line>pūlis jūtos rūpējas pazūd dabūsim sūdi kļūtu grūta būs jūtas pazūdi atpūsties</Line>
<Line>metjū pietrūka trūkst dūmi ūdenī pazūdiet tūkstoši stūrī kļūšu lūgums brūss</Line>
<Line>lūdzam kūkas minūti sūdus dabūsi noskūpstīt mūsdienās parūpējies sajūtu</Line>
<Line>dabūšu kļūdu kļūda jūsu jādabū kļūsi tūlīt nerūp lūk būtībā lūgts būsim jālūdz</Line>
<Line>mūzika jākļūst mūzikas brūs nejūtu pasūtīt būtību atsūtīja kļūdījos nebūs</Line>
<Line>palūgt varbūt būtība mūs dūlij cūkas būsiet jūties kļūt iekļūt lūdza tūdaļ iegūtu</Line>
 </Level>

 <Level>
 <!-- 27 -->
 <NewCharacters>ž</NewCharacters>
<Line>džek džonss dažus ļaužu mūža allaž žurka mežu dažas džeku džesika džokers</Line>
<Line>džim diemžēl mūžā džerij gāž reižu apžēlojies bendžamins režinaldu</Line>
<Line>mežā džeiks džon džimij džonijs dažiem džedu džiņu džo bendžamin</Line>
<Line>dažādi džedi džoanna apžēliņ sēžam žēlastību dženiferu sarežģīti bieži</Line>
<Line>žurkas mūžīgi nožēloju žēlīgais smaržo sviežas džīna nožēla seržant diženie</Line>
<Line>džeks žēl džeki dažādas daži džons džordžs ženevjēva zvaigžņu robežas</Line>
<Line>pasažieri dažkārt laižam žurnāls sēž dženifera džordž mūžu dažām dižie</Line>
<Line>rodžers vēža džeik džims džūlija atgriežas dažreiz mežonīgie andžela</Line>
<Line>mūžīgā mūžam džonij žēlsirdību robežu brīža džokers priežu nožēlo</Line>
<Line>džeina režisors gluži žēi apžēlojies džo džons džūlija dažreiz robežu priežu</Line>
<Line>džeks robežas ļaužu džims apžēliņ sēžam žurkas zvaigžņu džonijs dženifera</Line>
<Line>džim mūžu mūžīgā džeki džonss pasažieri dažādi džiņu brīža mūža džonij</Line>
<Line>seržant bendžamin džīna režisors sēž džeik režinaldu žēlsirdību diemžēl</Line>
<Line>reižu dženiferu dažiem džimij smaržo nožēlo dažas dižie vēža mūžā dažām</Line>
<Line>bendžamins džordž džeina džedi dažkārt allaž rodžers žēl mežā atgriežas</Line>
<Line>žurnāls žurka sviežas gluži žēlastību bieži džesika džek džerij daži džeku</Line>
<Line>sarežģīti mežu džeiks mūžīgi dažādas džordžs laižam džedu džon mežonīgie</Line>
<Line>nožēla žēlīgais žēi andžela nožēloju džoanna gāž ženevjēva mūžam diženie dažus</Line>
 </Level>

 <Level>
 <!-- 28 -->
 <NewCharacters>,.</NewCharacters>
<Line>neatceros. billij, paciest. izbeidziet, gribi. bildes. nebiju, obi, bumbu. labo. tacu, septembris.</Line>
<Line>izsalcis. labs, citas. atbraucu. pacienti, atceries. centos, noticis. gabalu. apciemot, centrs.</Line>
<Line>bikses, braucu, veic. izabella, biedru. buusi. princesi, bailes. pateicu, citreiz, brauksim. stulbs.</Line>
<Line>futbola, vincents. pateicos, kabeli, citiem. bankas, emocijas. varbuut, vecie, celies. abus. tieciet.</Line>
<Line>uzticos, dabu. riebjas, ebrejs. vecuma, abu, back. beigts, pateica, uzbrukuma. poncho, tic.</Line>
<Line>kapeec. bum, futbolu. oktobris, cilveeku. citus, fib, bail, darbiem, negribi, pabaro, procentiem.</Line>
<Line>basanio, ebreju, briesmu, liecinieks, saticis, brilles, albert. beidzies. neiebilsti, braien. balsi.</Line>
<Line>atbraukt, neaiztiec. darbojies, atlicis. balboa. com, cietuma. negrib, buutu. buus, zobenu.</Line>
<Line>atbalstu. ticiet, autobuss. brauc, balsis. simbols, policijai. atbrauks, macumoto. kaleb, citi.</Line>
<Line>nobukado. nedarbojas, velc. uztraucos, citur, griba. uzbrukumu, teicis. labu, policijas. piecus.</Line>
<Line>abas. policisti, beigusies. princis. vecs, aizbrauca. vecais, cikos. policija. cietis, cik. baidos, brauns.</Line>
<Line>jebkad. betmens, cauri. princese. gribu, veica. zobi, istabas. paveicies, labums. autobusa.</Line>
<Line>kacujori. labvakar. bumba. kancleru. vilciens. pacel. cena. debesu. datchs. stulba. cip. brokastis.</Line>
<Line>cerams. ciest. darbu. istaba. ciema. baby. citu. nobijusies. bred. satiec. gribam. bizness. atbalsta.</Line>
<Line>tici. izliecies. cietumu, neticami, nabaga. bifa. billijs, debess. braukt, kenobi. cepuri, cilveku, palicis.</Line>
<Line>stacijas. stulbais. apnicis, citam. beigas, balto, ticu. negribat, burvis. nebija, breketes. uzliec, acs.</Line>
 </Level>

 <Level>
 <!-- 29 -->
 <NewCharacters>1234567890=+-</NewCharacters>
	<Line>1+3=4 2-1=1 5+3=8 11-5=6 12-3=9</Line>
	<Line>2-1=1 5+3=8 12-3=9 13+1=14</Line>
	<Line>13+1=14 22-13=9 29+11=40 28+3=31</Line>
	<Line>22-13=9 29+11=40 11-5=6 1+3=4 28+3=31</Line>
 </Level>
 
 <Level>
 <!-- 30 -->
 <NewCharacters>lielie burti (Capital Letters)</NewCharacters>
<Line>Līvāni Valka Talsi Strenči Saldus Valmiera Zilupe Daugavpils</Line>
<Line>Viļāni Tukums Grobiņa Preiļi Cēsis Kuldīga Pļaviņas Madona</Line>
<Line>Talsi Ventspils Gulbene Strenči Alūksne Jēkabpils Limbaži Lielvārde</Line>
<Line>Aloja Riga Ilūkste Olaine Ikšķile Jūrmala Bauska Gulbene Jelgava</Line>
<Line>Cesvaine Rīga Valka Dagda Ogre Inčukalns Madona Ilūkste</Line>
<Line>Daugavpils Aizkraukle Ventspils Valmiera Ludza Alūksne Talsi</Line>
<Line>Kandava Balvi Ogre Krāslava Salacgrīva Viesīte Pāvilosta Salaspils</Line>
<Line>Liepāja Ape Rīga Brocēni Bauska Kārsava Jūrmala Jēkabpils</Line>
<Line>Aknīste Kuldīga Cēsis Ventspils Aizkraukle Rūjiena Skrunda Jelgava</Line>
<Line>Talsi Saulkrasti Sigulda Krāslava Durbe Aloja Ķekava Līgatne</Line>
<Line>Liepāja Aizpute Saldus Tukums Liepāja Ķegums Rēzekne Limbaži</Line>
<Line>Mazsalaca Baldone Rēzekne Dobele Lubāna Viļaka Jaunjelgava</Line>
<Line>Preiļi Ludza Salacgrīva Auce Priekule Daugavpils Talsi Varakļāni</Line>
<Line>Smiltene Ventspils Dobele Jelgava Balvi Rēzekne Līgatne Salacgrīva</Line>
<Line>Valka Tukums Kuldīga Rīga Madona Aloja Cēsis Alūksne Skrunda</Line>
<Line>Lubāna Priekule Ķekava Līvāni Inčukalns Cesvaine Bauska Jēkabpils</Line>
<Line>Rēzekne Ape Ventspils Grobiņa Aizpute Brocēni Preiļi Ilūkste Rīga</Line>
<Line>Liepāja Ogre Aloja Olaine Jēkabpils Aknīste Krāslava Ilūkste Talsi</Line>
<Line>Lielvārde Viesīte Ludza Dobele Rēzekne Pāvilosta Sigulda Ventspils</Line>
<Line>Preiļi Baldone Madona Aizkraukle Mazsalaca Kuldīga Saulkrasti</Line>
<Line>Rūjiena Limbaži Strenči Kandava Talsi Talsi Jelgava Jaunjelgava</Line>
<Line>Ludza Zilupe Durbe Viļāni Daugavpils Salacgrīva Strenči Gulbene</Line>
<Line>Kārsava Daugavpils Balvi Balvi Valmiera Talsi Jelgava Aizkraukle</Line>
<Line>Ķegums Talsi Viļaka Alūksne Ikšķile Smiltene Liepāja Limbaži Ogre</Line>
<Line>Dagda Ventspils Bauska Valka Riga Saldus Liepāja Tukums Valmiera</Line>
<Line>Jūrmala Pļaviņas Varakļāni Dobele Salaspils Ventspils Gulbene</Line>
<Line>Krāslava Rēzekne Daugavpils Auce Jelgava Jūrmala Saldus Cēsis</Line>
 </Level>
  
 <Level>
 <!-- 31 -->
 <NewCharacters>daži teikumi</NewCharacters>
<Line>Baltijas jūra ir Eiropas ziemeļaustrumu daļas iekšējā jūra.</Line>
<Line>To ierobežo Skandināvijas pussala, Eiropas kontinenta austrumu un centrālā daļa un Dānijas salas.</Line>
<Line>Atklātā jūrā visa gada laikā dominē rietumu, dienvidrietumu un dienvidu vēji.</Line>
<Line>Vētras laikā vēja virziens Baltijas jūras austrumdaļā ir atkarīgs no attiecīgā ciklona trajektorijas.</Line>
<Line>Ūdens apmaiņas process ar Ziemeļjūru ir sarežģīts.</Line>
<Line>Baltijas jūras virsējais iesāļūdens slānis plūst ārā no Baltijas jūras.</Line>
<Line>Ūdens ir plaši sastopams caurspīdīgs šķidrums, kam nav ne garšas, ne smaržas.</Line>
<Line>Ūdens molekula sastāv no 2 ūdeņraža atomiem un 1 skābekļa atoma.</Line>
<Line>Ūdens ir visas dzīvības pamatā,[1] tādēļ, iespējams, tas ir vissvarīgākais šķidrums pasaulē.</Line>
<Line>Iztvaikošanas un lietus veidā ūdens cirkulē pa visu planētu.</Line>
<Line>Ūdens klāj aptuveni 71% no Zemes virsmas.</Line>
<Line>Saldūdens trūkums ir pati nopietnākā problēma, ar kuru saduras cilvēce.</Line>
<Line>Nesalīdzināmi vairāk ūdens ir vajadzīgs pārtikas produktu audzēšanai un pārstrādei.</Line>
<Line>Netīrs dzeramais ūdens var būt iemesls cilvēku masveida saslimšanai.</Line>
<Line>Staltbriedis ir vienīgā briežu dzimtas suga, kas dzīvo Āfrikā.</Line>
<Line>Staltbrieži Baltijas teritorijā sāka ieceļot pirms apmēram 9000 gadu.</Line>
<Line>Staltbriedis ir viens no lielākajiem dzīvniekiem briežu dzimtā. Tas ir mazāks tikai par alni, sambarbriedi un vapiti.</Line>
 </Level>
 
 </Levels>
</RasytiLecture>