<RasytiLecture>
 <Title>Malti</Title>
 <Comment>created by Manfred Schulenburg</Comment>
 <Levels>
 <Level>
 <!-- 1 -->
 <NewCharacters>dk</NewCharacters>
 <Line>kk ddd dk dkdd dkk kddk kk dkdd dkk kk ddd kdd kdd kdk dkd ddd</Line>
 <Line>k kddk ddd kddk dkd kddk k d kdd dkk d kdd dk ddd kddk k k kdk</Line>
 <Line>kddk dkk ddd kk dk kddk kddk k kdd kdd dk kdk d dd k d kdd dd ddd</Line>
 <Line>k ddd k kddk d d ddd k d ddd dd kk kdk kdd k k kk ddd dd kdk k</Line>
 <Line>kk k kddk kdd kdd k d kdk k dd dd dkk dd dkd k dk ddd kdd d ddd</Line>
 <Line>dkd kddk k k kdk dd kdk k d kdk kdd k dk d dk d kdd kddk dd dkk k</Line>
 <Line>dkd dkk d k d k dkd k ddd d kdk k kddk d dkk dd d k dk d kk dd kdd</Line>
 <Line>kdk dkd dkd d kdk kddk dd kk kdd k dkk dkk k kdk dd dd k dkd d kdd</Line>
 <Line>ddd dkk dd kdd dkd k kdd kddk dd dd dk dkk kk k dk dd kk kddk d</Line>
 <Line>dkk kdk k k dkd kddk k dd d kdd d kdd dk k k d kk dd d kdk dkd dd</Line>
 <Line>dd dk d k d kk d kddk dkk k kdd dkk d dk kdk d kddk kdd d dd dk</Line>
 <Line>kdd dkd dkd kddk k k ddd dd kdd kddk d kddk dk kddk dk k kdd d d</Line>
 <Line>ddd dd dk d kk kdk dd ddd kk dk d dkd k kk kk d dk ddd dkk dkk k</Line>
 <Line>dk d dkd kdd dkd kddk kdd kddk kddk dd ddd kk dkd d dd k dd dkd</Line>
 <Line>dkk k k d d d k k dd ddd k kdd d kddk kdd k kddk kdk kk k dk kddk</Line>
 <Line>kdd kdd d k dk k kddk kk dk kk dkk dk d kdk k kddk kdd d dkk dd</Line>
 <Line>k dk k kddk dk ddd k kddk kddk d d k dkd k ddd d k kddk k d dd</Line>
 <Line>dd kdd kddk k k dkk dd dkk k d dkk k kk kddk dk kdd kdd dk d dkk</Line>
 <Line>kdk dd dd dd dkd dk d dkd d kddk dkk kk kdd k d k d k k dd k kdd</Line>
 <Line>dk ddd kddk d k k dd dd ddd kk d kdk k kdd dkd dkd kdk dd ddd d</Line>
 <Line>kdd dd dkd ddd dd dd k d d dkk ddd ddd k dd dkk k k k k kdk kddk</Line>
 <Line>dkk d ddd kddk kk kddk d d kdk kdd dd d kddk k ddd dkd dd kddk kdk</Line>
 <Line>kdd ddd d d ddd dk k k d kdd kddk dkd kdd k kk d d dd dk dd dkd</Line>
 <Line>dkk kdd dk dd dk dk dd dd k kddk dk d k kddk kk ddd dk kdk dd kddk</Line>
 <Line>k dkk k d kk kdd d kdd dd kdd dd dk d kddk d dkd kk dk dk kdd</Line>
 <Line>kk d kk k dd kk dkd dd d dkd dd k dd dd dk dk dd ddd dkd d dkd</Line>
 <Line>ddd dkd dk ddd d d dk dkd kdd k dkd kdd kk dkk kdd k d ddd dk k</Line>
 <Line>dkk kdk dk k dd d k d k dkk kk dk dkd ddd dk kk kk dkk k kdd dkd</Line>
 <Line>d dkd dd ddd dk k kddk d kk ddd dkd dkk dkk k kddk kdd kddk k</Line>
 <Line>dkd dd k kk dkk kddk dkk k ddd dkd dd d dkd kk kdd kk d k dd kddk</Line>
 </Level>
 
 <Level>
 <!-- 2 -->
 <NewCharacters>jl</NewCharacters>
 <Line>jjl ljklj l lljl jk jl k ld kljk lj klk k jklkl ldlkkl klk lkl ld jk k</Line>
 <Line>lklj ljl kldlkk klk llj l ldlkkl lj klk ljklj klk k ldlkkl ljl llj lkl llj</Line>
 <Line>lkl klk k ldlkkl k jk klkjj jl k jklkl klk klk jl k l lkl jl k ld l lljd</Line>
 <Line>l klk k k llj llj ld klk klk lj jl ld jjl l lkl ldlkl klk ljklj l klk</Line>
 <Line>ljl k klk l ld klk llj llj klk lkl ldlkl l k jk jklkl jl jjlkl l klk</Line>
 <Line>lkl klk ljl jl lkjl ldlkjl jlkjk ld ljl lj lkjl jlk llj ldlkjl jlk jlk ljjlj</Line>
 <Line>jlk jlk l jjl k k ldlkjl l l lkl ld l jjl jlk lj jlk k jk dlkdl lj lj</Line>
 <Line>ljl k jjl ljl jlk k jljk k dl ljlj klk jl ljl jlk ljlj lj k ljldl jl ljl</Line>
 <Line>klk lkl dl k lj jlk jjl jljk lj l jljk jlk k ljlj lj dl lkl l k dl klk</Line>
 <Line>jljk jlk ldlkjl dl ldlkjl dl l lj jl k jjl k lkjl ljl lkjl k lkl l jl l</Line>
 <Line>jljk ldlkjl ljldl k l ljjlj ljl klk jlkjk l ljlj jk jlk jl jjlkl jl klk ljldl</Line>
 <Line>dl lkjl ljldl jk jk jl lj lkjl k jl jjlkl ljjlj jlkjk k lkjl ljjlj ljlj</Line>
 <Line>lj jl jl dl dl jl dl l lkl ljldl lj jldlkk ljldl dl jlk jjl jlk k k</Line>
 <Line>l ljlj ljjlj k jlk jlk lkl ldlkjl ljldl ljldl k jlkjk lkjl jk lkl ljjlj jjlkl</Line>
 <Line>jl dl jk lj lkjl lkl dl k l k ljjlj ljjlj dl ljldl ljl ljldl klk ljldl</Line>
 <Line>lj jk ljldl jlk lj l ljjlj l jlk l llj jlkjj jlk jlk jl jldlkj ljl jlk ljjlj</Line>
 <Line>jl jjlkl ldlkjl jlkjj ldlkjl klk dl ljlj k jlk ljlj jlk jk lj jl k k klk</Line>
 <Line>k ljlj dl k jjlkl l jlk jk l jlk k ljldl jlk ljl jjl jlk lkl dl ljldl</Line>
 <Line>jlk jlk klk ljjlj ljlj lj jlk dl ljldl dl lkl jlkjj k lkjl ldlkjl k jjlkl</Line>
 <Line>l ljlj k jlk ljjlj llj jlk ljl dl l llj k lj l ljjlj jlk lj lkl ljl</Line>
 <Line>klk jlk jlk llj lk ljlj k lkl ldlkl lldl k lk lk jlkl jk lldl lj llj</Line>
 <Line>lk lkl lk lldad jl llj l ldlkl jl jjl lj ljk lj lk lk llj lldad ljlj</Line>
 <Line>ldlkl lj jl jlkl lldad l ljl lkl ljlj lk llj lk ljlj jk lk llj l lkl</Line>
 <Line>l l jl l jlkl dad jl k lldad lj lkl lk lk k lkl ljl lk jjl jjl</Line>
 <Line>k dad dad jl lk lk lk jlkl lj l lk lk l lkjj lkjl jjl lkl ljlj lkjlk</Line>
 <Line>ljl k lk k jl dad lkl ljl k klk l ljl k jjl k jl llj llj lkl jjl</Line>
 <Line>lk lj l jl ljlj jk lk ljk l k jl lkl l lkl ldlkk jlkl jjl jjl</Line>
 <Line>lk jl lk jk llj l lkljk k jjl jk ljk dad l jl ljlj jl llj jk ldlkl</Line>
 <Line>ldlkk lk lk lldad lk llj jl dad jk llj ljk lj jlkl lk lj jl lj jl k</Line>
 <Line>lldad l lkl ada lk lk jk llada lk lkl ljk jk k jk ljl ljlj lk ada jl</Line>
 </Level>
 
 <Level>
 <!-- 3 -->
 <NewCharacters>s</NewCharacters>
 <Line>ljksdl ljkl l sljs ljks dlks ljsf kl lsdk ls ls ls lkj slk ks jl jjs</Line>
 <Line>l slj jl lkj lsdk fksdls dk lsdk lsdk lsddlk jjlsdk ljk ljksdls ljsdk lj</Line>
 <Line>kl lj lj lkj ljsdk lsdk ljsdk js ls kl jl jl lsdk ljsdkksdlsljs js kl</Line>
 <Line>lsdk ll lss ljdks sljsf lss ldks jl kl lsljslj kl ldksf kl lssljs ls js</Line>
 <Line>s ldks kk js kl js ls ljdks jl jjldks ldks jjldks ldksfksdldks ldksk slj</Line>
 <Line>slj lj ljdks lkjksdldksf ldkd skk lsljs lj ldkds ldkdsk lks lj lks ldkdsk</Line>
 <Line>slj kl sf ldkk lj ldkds lj slj ldkdsljs sljs ldkds ks ksljs</Line>
 <Line>ldkds lsljs sf lks lj ldkdsf lksljs ldkdsljs jjs ldkds slk kl ldkds ldkdsf</Line>
 <Line>s ldkds ldkdsk ksdjl ldkds lldkdsk js lsljs sljslj lks ljdkds jl</Line>
 <Line>ks ls ldkdskk ldk kl ks kl js kl ldkdsk kl ldk slk ldkd skk lkj slj lks</Line>
 <Line>ldkds lksljs ldkdsf ldkd kk lsljs ldkdsk slk ldkdss lkj lkjksdjjldkds</Line>
 <Line>ljksdkl slk jjs ldk ldkds lsljsf slj ldkd skk jl lj kl lj jlksdl ldkds</Line>
 <Line>lkj lkj ldk lkj kl lj lj ldkds lj lks ldkd skk klksdldkdsk lj lj ks kl</Line>
 <Line>ldkdsf jsljslk ljd kds ldkdss ldk dsk ldkds ld kd skk jjs lkj slk jl</Line>
 <Line>l lj jjs ls ldkdsk ldkds kl slj ldkdsf kl ldkdskk slk jjldkdsljsf ldkds kk</Line>
 <Line>ljdkds ldkdsljs ls ldk dskk ldkds kl jl kl lj ls kl ls kl sf lls ldkdskk kl</Line>
 <Line>sf lj ks lkj lj jjldkds ldsk ls jjlds ldskk ldskk ldsk sljsf slj lds</Line>
 <Line>js ldsf ljds ldsf lks ks lds jjldsljslj ljds ldsk ksdjsl jjlds ljsk sdks lds</Line>
 <Line>lds lkj ldss ldsk ls lj ldsk lss jl sf ljds kl sljs lds lsdfksdlks ls</Line>
 <Line>ls lsdsljlj lsdkk jllslk sf lks lkslj lsdk jl lksllsd kklkslj</Line>
 <Line>ks lks ks ljsd lsds lss lsdk klksdks lksljlk lj slj lsds ljksdjs jjss</Line>
 <Line>kl lkslj lj sljksd lsdf lsljf ls lsd sljf lsds lss jjlsdl slk lsdk</Line>
 <Line>s kl lsd lsd kl lsd lj jjss ls lsdf lsd jjss kl lsd jjlsd jjs sf lsd</Line>
 <Line>jjlsd ks lsd jsl slj jjlsd lj sf lkj klksdjjlsd kslj lsds ls lj slk</Line>
 <Line>lsdl slj lj ls js lkj ljsd ks lkj ks lsdk jjs lsd lsdl kl js lj</Line>
 <Line>s lslj sljf lsds jl ljsdl lkj ls jl ls lj slk lsdf jjlsdl ks lj</Line>
 <Line>ljsd lkj jslj js lsd slk lsd skk jl ksl lsdss lsds lkj lsds jjs lsds jjs s</Line>
 <Line>lsks dkl lsdsk lsdss ljksdl sdsf kl sf slj kl sf lkj lsljlk ls ls ls</Line>
 <Line>lj sf kl lsd kl lsd jjs lsds kl ljsd jjlsd lj js jl sf kl kl jl jl</Line>
 <Line>lsdf lsd lsds lsdslj lsd slk lksljlj lkj ljsd kl kslj lj kl lsdk lsd l</Line>
 </Level>
 
 <Level>
 <!-- 4 -->
 <NewCharacters>af</NewCharacters>
 <Line>dll dafs sldks fldk fafs faf fldk safs fldsk jdkaf fldk</Line>
 <Line>sds afl safd jdkafs af lafs fldks afld ld dsk fldk ldks</Line>
 <Line>dsk af jdkfa fds ld sfa sds kds kd ffa ffa faj fd k lfa</Line>
 <Line>jdk lds lfa sfal fa jdkfa fa fas sdk fads sfal lds fldk</Line>
 <Line>faffafd falksdjdk fafa ldk lds lfa ldkd ffas fadks fas</Line>
 <Line>fas fldk fal sf sfals jdks jdkfas dsfa dsk fas dj fal fals</Line>
 <Line>dkd sfal dlld sdlsds dlls sd dls sdldls ffas dsk fals dsks</Line>
 <Line>sds jdkfa ldks lds lfa dk lfa sldk ffal faffafds sldks</Line>
 <Line>ffa fa lfa fa fald fa sfa sfafas skd sfafa fldk skdsd jdks</Line>
 <Line>dsfa fas fa fldk dkd fadd lfa fadks k jdkfa ffal fds sfas</Line>
 <Line>fal fald faffafds faf ffals fldk ldk fldk fldks dsks fldk lds</Line>
 <Line>fldk lds ld dkd fldsks fad skds sfa dksd sfa ld skds sfal</Line>
 <Line>sds lfas dsfas fal sfa fal lfas kfa sfasd sldk dsfas lfas</Line>
 <Line>fal faffafd sdk faffafds ffals dsk fds fals dsks lds jdk</Line>
 <Line>dsks fals afdk afls afdks afs dsksksdk jdkaf lds fldk dsafs</Line>
 <Line>d fafl af k kaf affaffd afd fldks sdks afdsd laf safsds</Line>
 <Line>sd skds lafs jdkds af affaffds ldks skd afdk fldks ds skd</Line>
 <Line>afs jdkds afd fldk fafls afs faf safs ld afs dsk aflds safls</Line>
 <Line>afs skds safsds fafl dkd safsd fldk afls fldks lds safafsksdsafsds</Line>
 <Line>dks fldk sdks sds lds af fldks jdks dj dkd afdk fldks</Line>
 <Line>fldk dsk laf fldks afs kaf af jdkds afs dsks afd aflds jdks</Line>
 <Line>affaffd sd fldk safsd dks sds laf kl fd dsks af safl</Line>
 <Line>aflds fafl ldks afl fafls safafs afld skds afls afls jdkafs</Line>
 <Line>dsks safls lds laf lds dsk afdks kaf jdk fldk sdldls fldks</Line>
 <Line>fds sdks sdlsd jdkdsd dlfdlfd ldl dlls dlj ldls ldks fdls</Line>
 <Line>fdll fldks sdadl ldls dll dlldsl dlld k ldl skd ldks dsks</Line>
 <Line>ldk jdkdad fd dads ldl jdkds dadk lds sldk dl kd dsdls</Line>
 <Line>sdll dll k fldk dls sldk dl ldl ldl fdl dsk dll dadks sdls</Line>
 <Line>ldks lds fdlls ldlsd lds dkd ldk skds dlf dl jdk sldks</Line>
 <Line>sdadls dlls ldls sdadl fldksksddllksdld fdl sd ldls fldk ds</Line>
 </Level>
 
 <Level>
 <!-- 5 -->
 <NewCharacters>ie</NewCharacters>
 <Line>kdiekdll iei fldiks ldsie skdiie dils iedlk kidk iedlk kdisei didl</Line>
 <Line>kdiieei fdi dsei seideiie dei ideil seidll seidll dlei dils sidks seiedil dsi</Line>
 <Line>dieies dleie eiedls kdiidid idlks idil diidk kidks sidlks idk idki lil</Line>
 <Line>deedi skdi skdildls fdes des edl edlk sedlks skdes dik des ldfe</Line>
 <Line>i fdedls fde idsdl dfe kdies didl fldi kidkies sidlks idedl sidlks de</Line>
 <Line>skdes es dil sedik dke ke fldiie kdidl fldi fldiie sede fdes kdfedi</Line>
 <Line>sdik kdie edls edlks fdes dke edkes ediks dsi slde diiedkies fldeldils</Line>
 <Line>deedkies ki dsi sdilf dli dles dies ke fldes e deediie kidfkei kde dfes</Line>
 <Line>lde dsi sidkei fldeldils diie kdes sedils didl didl dies deedi kdikdiie</Line>
 <Line>edlk fle edsks kdikdiie lel skdildl kdidls sedlks ede dsldie edl fldeldils</Line>
 <Line>ediie fldik kdse fldeldil ediks idel sidkeis i sdils edlks idedl diidl</Line>
 <Line>deedkeis sldies didl kdiiee dies dke sediks edsks sldies fldiks flde</Line>
 <Line>dke e kldik fdedl sedlk de sdil sdildls fdse edls edke fdedls</Line>
 <Line>ldik deedkeis deei kdfedi fldeldils kei ki ediie edkei fdke fldik dies</Line>
 <Line>kdes sdildl sedll ldil kidkei fldiks de deedi fdes edlks kdekdll</Line>
 <Line>fdes dsldie lde ke sldes se skdildl edik sldies fdedl fde sedll sdik</Line>
 <Line>ldes kdieded dkeie edsks jke fdse il skdildl fdes sede des fdedl</Line>
 <Line>di skde dles di skdes die fdedls fdse e diiedkeis di fdi edkeis kdse</Line>
 <Line>kldiie dles kdses fldi fdedl kdiie idsdls kdfedi deei fdiie ldes kei</Line>
 <Line>lde sediks diiedkei kdi diiedkeis sldes kdidls lel idedl didl skdiie</Line>
 <Line>sedll fldeldil kidkseis dfe kdidl die fldes die ldfe sdles edes sidksei</Line>
 <Line>fdes deei edksei skdildls kidksei edkes sedils dse kdes di idel ldilfdlls</Line>
 <Line>fdke dils des e des il edi sedil kdfedi edkes kdi idedl dke des</Line>
 <Line>skdi ldfe dik sldies sede sdik sediks edll ldils fle sedils de</Line>
 <Line>ldik e fldeldils sdildl sedfl fdes ke fde fldik sdildl kei sedfl</Line>
 <Line>dils sdle skde skdies de e kdie ke di fldiks skdildls fldeldils</Line>
 <Line>edls sedil ede kldiks de dils diiedkseis dles es sidkseis dsi ediks</Line>
 <Line>fldeldils sedksei ldils skdildls skdes kdikdi die jke delds fldiks edke</Line>
 <Line>fldeldil kdses skdildls i skdiie edsk kdiiee sel diidl kldiie dfe kdes</Line>
 <Line>edkes flde dies fdses edik di sel e dils kdes fle deedksei dke kdikdiie</Line>
 </Level>
 
 <Level>
 <!-- 6 -->
 <NewCharacters>no</NewCharacters>
	<Line>kkonsla dendel fenka jena fannad idden sikkina kien kolon neon difen</Line>
	<Line>folla landa fenek indika dinja kejn kannella sena disinn kannella skola</Line>
	<Line>deni kolonja knisja dejn sekonda denfil naddaf nejka niek ddefenda lsien</Line>
	<Line>nofs nesa nadif sodda sinna nifed ddendel fond nies fond niek dinja sena</Line>
	<Line>indika nadif dejn kejn knisja nofs nies skola kannella deni ddendel disinn</Line>
	<Line>fenka nejka ddefenda fenek jena kolonja landa idden sikkina nifed kien kannella</Line>
	<Line>sekonda fannad difen neon kolon kkonsla lsien sodda denfil nesa sinna naddaf</Line>
	<Line>dendel folla fond dinja folla nies kolonja nesa idden kkonsla skola sodda dejn</Line>
	<Line>sena denfil lsien kejn fond sekonda nejka kannella naddaf nadif dendel nofs sikkina</Line>
	<Line>sinna nifed indika fond fenka disinn neon deni kannella fenek ddendel</Line>
	<Line>ddefenda jena kolon fannad landa knisja kien difen niek</Line>
 </Level>
 
 <Level>
 <!-- 7 -->
 <NewCharacters>rm</NewCharacters>
	<Line>omm ilma kimika siker ried radd marrara fard rikk forn armel demel milsa semma</Line>
	<Line>sellem nom missier malajr fisser nkiser dar siefer soker marad frisk onora kolera</Line>
	<Line>arja nar jisem dar islam kamra forma fardal difer fired isem fera infern arka mara</Line>
	<Line>semm kannamieli ors mislem kiefer kisser farrak sam almanakk ras melodija simna</Line>
	<Line>sorm dalam demm ismar annimal sar mar namra jiskomoda kiri diem annimala sider dam</Line>
	<Line>iddmanda morr rand dafar mard amar ram kiser madmad armla mmisja dara mislef</Line>
	<Line>mejda ross fomm isfar emmen mela sliem marid saram mess far majjal akkademja nidem</Line>
	<Line>injam sakkar offra ammira rokna rmied lemin namra jiskomoda kiri dlam lema</Line>
	<Line>fakar ramel mira darsa mannara miskin ordna mera nemla sema</Line>
 </Level>


 <Level>
 <!-- 8 -->
 <NewCharacters>vt</NewCharacters>
	<Line>dritt niten tmiem testikola ratal arkitett niket siket lvant interessa</Line>
	<Line>tajn tifla ntnifed ntnesa orkestra stieden inattiv star ttenta tinda foresta silet</Line>
	<Line>ittra storja tkanta vers tirma mitjar katina tilef stedina stilla tari nikket festa</Line>
	<Line>samat ftakar insalata farfett rota kitarra tensjoni vvjola korrett skiet tifel stenna tadama</Line>
	<Line>salva tajran tornavit dirett sistema tarf ftit artal ssalva martell tema attira</Line>
	<Line>teorija indikejter miet tfajla djalett attiv insett vokali mejjet sinjifikanti</Line>
	<Line>tfajjel torri tkellem tisnin lesta trijonf frott vjal stad ddeskriva tfissed</Line>
	<Line>vjolenti avvelena tarka ltim kanta saltna tama vittma sottomissjoni frosta</Line>
 </Level>
 
 <Level>
 <!-- 9 -->
 <NewCharacters>pu</NewCharacters>
	<Line>lupu muntanja tursin rektum taptap papra plural jlum elmu uman furnar sploda</Line>
	<Line>eduka lamtu munita rkoppa risposta iljunfant duda pala muntun aluminju umilja</Line>
	<Line>kustilja punent minuta oskur ljun stampa musrana kullana periklu lapes poni pinna</Line>
	<Line>furketta suf kalendarju domestiku attur eku fellus palladju prostata musulman nukleari</Line>
	<Line>velenu fosfru povru tramuntana sura stimula maltemp rummien tut sellum serratura seklu</Line>
	<Line>ajruplan kultura melodiku patri renju uniku plakka passat pitirross tul fukran sinjur</Line>
	<Line>musmar felu kukkudrill importanti fjura santu sinonimu simpatiku sperma pitter potassjum</Line>
	<Line>skorpjun umdu kunjom impurta unura platt maktur stupidu falkun kaptana patt jtul summiena</Line>
	<Line>lumija karpa pejjep litju velu stonku kuntent flus platinu rrisponda importa politika</Line>
	<Line>peduna sapuna pene plier pjaneta duttur uretra fula numru suffara korniku rrispetta</Line>
	<Line>arkivju dukessa vapur erotiku spella kutra duka sptar jum soru teatru lessiku rispett</Line>
	<Line>pustuletta kkommunika profond volontarju sodju opinjoni skur permanenti sultan merkurju</Line>
	<Line>fekruna unur kimiku passjoni patata volpi ajruport pelvi professur serp sintetiku ministeru</Line>
	<Line>passat kloru potassju politiku skojjatlu kaptan vulkan elju islamiku mudlam nemus elettriku</Line>
	<Line>tfulija metru furnara kaktus dundjan sur kulturali poplu avukat ppenetra kampnar spirtu</Line>
	<Line>arseniku pont natura unjoni dudu pprova pronom lukanda porkuspin</Line>
 </Level>
 
 <Level>
 <!-- 10 -->
 <NewCharacters>g</NewCharacters>
	<Line>magna aggressiv singulari lag sigriet tigra pagun gidem ggverna argon gendus</Line>
	<Line>dragun fotografu gallju gvern spjega gomma impjieg figura laringa gidi geddum</Line>
	<Line>sigarru faga sigarett gvern gendus sigarett sigarru lag dragun laringa singulari</Line>
	<Line>spjega tigra gidem argon faga sigriet magna figura geddum gidi ggverna aggressiv</Line>
	<Line>pagun fotografu gallju impjieg gomma spjega figura gallju sigarru sigarett sigriet</Line>
	<Line>geddum gvern faga fotografu magna gidi aggressiv argon laringa gomma gendus</Line>
	<Line>ggverna pagun singulari lag gvern gendus dragun gidem impjieg tigra</Line>
 </Level>
 
 <Level>
 <!-- 10 b -->
 <NewCharacters>y (English)</NewCharacters>
	<Line>inlay overlay angrily ternary derogatory type skylark spray ruffy petrify deformity</Line>
	<Line>identity unseemly pettily payoff moldily jerky statutory synergy glottology jutty</Line>
	<Line>stratify pylorus gyrate elementary gargoyle royal perky musty yours visionary playing</Line>
	<Line>transitory sterilely yonder spinily laying voluntary grisly geyser snotty allegory</Line>
	<Line>dumpy slovenly overjoyed volatility glassy severally pity ally infinity drayage</Line>
	<Line>fumitory rarefy estuary salty gently pensionary snootily purely silty tautology</Line>
	<Line>osprey entirety uneasy lampyrus stultify rotary impurity very unalloyed sloppy guy</Line>
	<Line>sinology missionary gaudily stingray payout repay pigeonry mordantly usury gymnasium</Line>
	<Line>temerity needy greenfly solidly ferry underlying lady fully asylum typing symmetry</Line>
	<Line>madly yesterday formality loony animatedly valley silently definitely skydiving</Line>
	<Line>deify sappy augury realty elatedly silky dysentery sodomy midgetly doyen dye disparity</Line>
	<Line>stupidly porosity gingerly jelly deanery gravy repository strongly timidly yakking</Line>
	<Line>flay prototype legendary maggoty argosy already gypsy keypad mesentery loyal youngster</Line>
	<Line>regionally malignity fury urgently verify graveyard eyeglass torrefying rosary</Line>
	<Line>flurry satisfy dynamo parry alloy tyre jealousy nasally royalty majority</Line>
	<Line>forgery sly pillory tangly tarry plurality poundkey seniority salary</Line>
 </Level>
 
 <Level>
 <!-- 11 -->
 <NewCharacters>zh</NewCharacters>
	<Line>fiehem lanza emozzjoni zokkor sahra nofsinhar heda edizzjoni relazzjoni zija frizzjoni</Line>
	<Line>stkerrah dehra azzar rikkezza selezzjoni ziju stazzjon hieni ftiehem tniehed</Line>
	<Line>vjolenza hedded nhar dehen azzjoni prepuzju invenzjoni prezz fehma pizu pulizija</Line>
	<Line>esperjenza kalzetta deher hemm reazzjoni kanzunetta dahar sahar direzzjoni fehem</Line>
	<Line>sforza speranza henna divrenzja erezzjoni essenza luzzu dehni karozza nazzjonali</Line>
	<Line>rahan pronunzja falz hellel infezzjoni pranzu essenzjali zalza ikrah organizza</Line>
	<Line>esperjenza tnehid affezzjoni nazzjon selezzjoni thenna herra prezz hena sehem</Line>
 </Level>
 
 <Level>
 <!-- 12 -->
 <NewCharacters>b</NewCharacters>
 <Line>dnub librerija bluha trabba terbjum jambi binja bajsikil barka tabiba berger bruda bena</Line>
 <Line>babun tebut bint tajjeb balluta denb berred dehbi lbies blokka birra bir balzmu buzza</Line>
 <Line>tarbija kiber bejt iebes kelb buttuna iben umbrella beka repubblika darab midneb kiseb</Line>
 <Line>belt blinka behem banju buffu futbol banana ktejjeb dib buffa bekkum bass kittieb bhima</Line>
 <Line>libes bini butir bellus raheb darba but sabbar belti ballun bank kelba imbotta bieb avverbju</Line>
 <Line>basal tejjeb barmil sibt nejba bard beda blu bravu bagalja bejta belbul bomba brimba labra</Line>
 <Line>nbena trab bidla rabba debba salib tbissem bajd kubrit kbir bies sabi bandiera kiteb debb</Line>
 <Line>btala dineb biered berillju tabella abaku ddubita possibbli bulibif bniedem liebru rahba</Line>
 <Line>deheb abitat talab blata sab tabib barrani ambizzjoni dorbies libsa borra abjad bierek</Line>
 <Line>biel bodbod bellah buza karab bidu bata liba rabat dubbiena nbid bastun karbonju</Line>
 <Line>trobbija rikeb bidel iblah gideb ktieb dib buffa bekkum salib tbissem boru banda bies</Line>
 </Level>
 
 <Level>
	<!-- 13 -->
 <NewCharacters>c (English)</NewCharacters>
	<Line>lymphocyte lucid celibacy methodical incorrect reflection sackcloth communal</Line>
	<Line>illicit magic creche proceeds bactrian curled dormancy contumely licentious athletic</Line>
	<Line>coloured locket disgrace cystic continuo continent flinch schooling policeman penance</Line>
	<Line>dialect clause cohort desiccated topic fallback backdoor carburize cushioning felicitate</Line>
	<Line>protract brooch domestics cafe physicist prudence placement attractant medicine</Line>
	<Line>providence apprentice paradisiac optical cleanse comfrey sufficient facilitate</Line>
	<Line>contented precaution unchaste transducer accession commission colloid collide machining</Line>
	<Line>fluctuate chisel locator depreciate bachelor causal anticipate chauffeur cheat nice</Line>
	<Line>domestic recursivly alcohol climate cubically lipstick beneficial atavistic completion</Line>
	<Line>evocation negligence octopus crank continuity indecisive splenetic changed auctioneer</Line>
	<Line>crayon flatcable glitch species cuspid pact acclaim cleft racing finicky</Line>
 </Level>
 
 <Level>
	<!-- 14 -->
 <NewCharacters>q (English)</NewCharacters>
	<Line>acquit quaver liquefy parquet torque squelch squeeze qualify baroque enqueue lacquer</Line>
	<Line>equate equidae quark squirm squire acquire quat quartet chequer quote squash equator squirt</Line>
	<Line>quilt sesqui bequest squeak pique equal quash requiem quirk marquee oblique inquiry inquest</Line>
	<Line>equip quota liquor quorum liqueur equally quaint quicken opaque quay quarter cheque sequel</Line>
	<Line>quiver squint enquiry query qualm quiet quince quintet equine brusque equable squinty sequoia</Line>
	<Line>quartz mosque piquant quit equably quickly quip request conquer unique antique quern quintal</Line>
	<Line>quake quinine aquifer queen require quack equated square quirky quarry quality aquatic queue</Line>
	<Line>inquire bouquet quite squall quietly claque unequal quibble squally glauque quadrat enquire</Line>
	<Line>squared liquid squid squat quinsy quetzal banquet quest plaque equity sequin quitter quench quarrel</Line>
 </Level>
 
 <Level>
	<!-- 15 -->
 <NewCharacters>w (English)</NewCharacters>
	<Line>wood fowl wiring wine weed crew swaddle witch wart wanton eelworm sawdust wind eyebrow</Line>
	<Line>fawn warfare stowing wobbly wake weigh warped world swamp swallow inward walkway two maw dew</Line>
	<Line>whiff dewlap whistle pew wastage weekday fewer worn where working yawn wheat wallet await</Line>
	<Line>cowed awe throw whose dowry owlet bigwig unscrew owe redwing tow warm hallow mildewy wedel</Line>
	<Line>showily pathway mowing wear wigeon trawl towel swarf writer mugwort mower wrench ribwort</Line>
	<Line>warrior dwarf wed wharf slew tweak twinkle town wedging snowman cowshed willful width browser</Line>
	<Line>brawny gawkily wane tweed walnut whorl rowdy dawn jetway wading mew drowse swipe whether known</Line>
	<Line>scrawl wire dowdy awl waiver untwist wedlock swear swathe awed swivel will woollen wan know</Line>
	<Line>whimper wedge wolf wooly weakly own wander cowpat crowd wean vow narrow hollow uptown fawning</Line>
	<Line>beware swig whirl gateway wriggle wicked warp crowded washy bewitch wasted which windy</Line>
	<Line>fellow warlock morrow answer nephew claw widgeon avowal wick dowser </Line>
 </Level>
 
  <Level>
	<!-- 16 -->
 <NewCharacters>x (English)</NewCharacters>
	<Line>mix fix vertex syntax hexagon extra exalt excrete fixture exhibit toxin exact dixie</Line>
	<Line>styrax codex complex unfixed oxidize explode sphinx lexical influx axiom fixedly maximum</Line>
	<Line>excited latex sexing expense taxi galaxy apex exalted exit gearbox context pixie sixteen expunge</Line>
	<Line>extol texture fluxion flux mailbox axle anxiety larynx vortex exceed expanse anthrax relaxed expand</Line>
	<Line>toxic excel oxidise oxide icebox equinox maxim exhale afflux examine helix box explain extrude marxism</Line>
	<Line>relax boxing maximal convex expect hoax sexual perplex pixel annexed proxy exclude expose climax extent</Line>
	<Line>reflux outbox exist exclaim telex oxidate buxom exempt narthex perspex exude cox expel mixing sixthly</Line>
	<Line>cortex expert mixture moxie deluxe luxury exigent phoenix unexact text execute extort explore except</Line>
	<Line>pixy fax sexy annex soapbox exile exhaust expired coccyx coax axed axe excite matrix calyx pretext</Line>
	<Line>excerpt sexist lox exploit lax exposed bonxie toolbox tax coaxial fixator exam unfix flexure export</Line>
	<Line>flexion foxtail pharynx inbox next exotic mixer expend extract sexton expiry sandbox exactly fixing prefix</Line>
	<Line>oxygen cachexy sixth callbox kleenex exhort extinct jukebox paradox six expire thorax index pickaxe</Line>
	<Line>boxer suffix coexist extreme example muskox dextrin axilla foxy sextant excuse xerox sex duplex</Line>
	<Line>textile ibex affix sexism pixmap extend tuxedo exert exciter lynx taxable vixen mixed reflex fox bugfix phalanx</Line>
 </Level>
 
 <Level>
 <!-- 17 -->
 <NewCharacters>ġ</NewCharacters>
	<Line>ġedded allerġiku ġar ġarr ġelat ġab ġust aġġastja immaġina traġedja ġisem ġid ġibed inġazza</Line>
	<Line>masġar ġdid reliġjon teoloġiku ġlieda ġeru ġeografija ġbejna ġara arloġġ ġenitali ġġieled</Line>
	<Line>evanġelju ġeometriku ġebla ġnien ġrajja tiġieġa reġina pinġa ġens ġurnata anġeliku reliġjuz siġra</Line>
	<Line>ġummar ekoloġiku kuraġġ pproteġa traġiku poġġa teoloġija ġnejna faraġ riġel proġett froġa staġun</Line>
	<Line>ġenna raġġ inġir vanġelu ġuvnott ġustizzja ġilda ġifen ġurdien salvaġġ ġmiel ġuvni niġma ġie anġlu</Line>
	<Line>larinġa raġel vleġġa najtroġin paġna ostaġġi tieġ ġarrab aġġettiv ġurad alġebra ġurat vjaġġ lanġasa</Line>
	<Line>ġara ossiġenu ġobon farraġ vvjaġġa ġirasol vaġina silġ ekoloġija valiġġa idroġenu sarġ leġjun ġabar</Line>
	<Line>ġemel farruġ oksiġin fonoloġija ġamra siġġu ġeografiku ġuf enerġija taġen ġenb</Line>
 </Level>
 
 <Level>
 <!-- 18 -->
 <NewCharacters>ż</NewCharacters>
	<Line>żobb żifen żieda ażotu ffriża difiża roża żunżan mużikali okkażjoni żeher griż żena żahar żejt</Line>
	<Line>uża ntuża bażiku manjeżju illużjoni delizzjuż delużjoni żied pożizzjoni żifna marżepp żviluppa żgur ġiżirana</Line>
	<Line>żarmuġ gerżuma velenuż bżar żjara miżien ożmju eżempju borża żejża spiżjara griż żmien fażola deżert poeżija</Line>
	<Line>kuraġġuż illużorju spiżjar żaffran żokra niżel verżjoni iżża żamm gżira mużika żiemel pożati eżamina eżami</Line>
	<Line>żebbuġa pajjiż żiffa ambizzjuż żar beżżula żarbuna bżonn reliġjuż hemeż żahar żrinġ heżżeż</Line>
 </Level>
 
 <Level>
 <!-- 19 -->
 <NewCharacters>ħ</NewCharacters>
	<Line>għoli għaġen għarab ħmar moħriet għenba fergħa ħatar ssieħeb ħaffer ħtija għama ħarifa ħtieġ</Line>
	<Line>naħa ħakem żeblaħ musbieħ dulliegħ għul għar stenbaħ għarbel berraħ sbejjaħ rebbiegħa driegħ ħuttafa</Line>
	<Line>fieragħ staħa tħaddet mħadda bgħid tgħal għażiż sħana għasar dgħif tagħbija reżaħ bejjiegħ għadira</Line>
	<Line>mgħarfa ħelsien saħara ġuħ ħodon lemaħ għolla ħieles demgħa merħla ħamba ħamiema daħak daħħak għadd</Line>
	<Line>għajn ħall sejjaħ għarus sengħa żgħożija ħanek lgħab ħeġġeġ għuda għammar ragħa għażeb għama leħen</Line>
	<Line>ħenna stħajjel dgħajjef ħeja għabba għarbiel ħasel ġimgħa baħar għaksa sabiħ ħanżira mogħża rħis staħba</Line>
	<Line>għam aħdar ġeraħ ħamrija ħila laħam għaref neħħa moħħ ħaġel għasfura lħit għeja ħama ħall nagħaġ mibegħda</Line>
	<Line>luħ ħaruf seħer għalla tħaddem għela ħema ħarab ħeba ħniena għarusa ħanġra għami biegħ magħad bagħal</Line>
	<Line>tefgħa għarib għeb ħobża ħabib għerf ħrafa bagħat ħareġ ħalib ħmieġ dagħbien ħares ħabat ħafif ġagħal</Line>
	<Line>ħelu alkoħol stagħna għasluġ għen ħatar ħadid aħħar sogħob muġugħ għodda ħatab ħaddied għakkes għadma</Line>
	<Line>rgħib melħ ħanut sħaba żagħżugħ mibjugħ għazza ħafna kiesaħ dgħjufija ħabbat ruħ fieħ debaħ ġiegħel ħejja</Line>
	<Line>ragħaj għargħar ħallat ħaddem għattan ħaġa sbieħ magħruf magħżul għajjur ħdim għarraf mogħdija ħaddan feraħ</Line>
	<Line>ħajr ħsad tgħatta żegħed ħassar ħati għana għadsa ħalla seħet sbuħija oħt regħba żagħżugħ ħaseb ħajja</Line>
	<Line>ħanfusa għaġġeb daħka dgħufija għer togħma ħajjar mogħdrija għajjat mgħallem tuffieħa rebħa ħaddiem ħajt</Line>
	<Line>għaġla sogħol naħal ħammel għira għani għamel ħalef għaġġel għeleb żgħir sħubija bettieħa ħadem għajjien</Line>
	<Line>ferħan ħġieġ tlugħ għodd ħabb għomor dagħa għakreb ħolom għola lifgħa fergħun għatas għanna għadda setgħa</Line>
	<Line>mnieħer għanja ħaf ħanżir saħta tagħrif ħass tiegħem ħeles ħżiem għorok saħħar ħara għama ħanin aħmar</Line>
	<Line>mistagħġeb għożża ħmira ftaħar ħabbież ħaġeb mħatra nefaħ stagħġeb saħħan saħħara sieħeb ikħal għoġol</Line>
	<Line>għasel ħara bogħod maħfra żerriegħa ħut għallem forogħ magħmudija jongħos għafas baħri tgħakkes ħalfa</Line>
	<Line>żagħfran ħadd għatta ħbiberija żgħajjar sħun saħan riħ dgħajsa tgħammed ħabel daħkan għana dagħaj ħabrieki</Line>
	<Line>debħa għajnuna raħħal raħal aħħar ħażin strieħ duħħan uġigħ ħabes ħares ħabs ħaġġar ngħeleb mħabba</Line>
	<Line>sejħa għasfur mbiegħed mingħul għatu għażel ħasad ħalliel għassa siegħa ħaġra ragħad żebagħ daħal</Line>
	<Line>ħass biżgħa għarfien bejgħ ħarbat għadu agħma nħeba bergħud ħiemed sebbaħ logħba għan nagħniegħ ħsieb</Line>
	<Line>faħħar rebaħ ġieħ saħħar bagħad għali lagħab għoġob għażla ħarir ngħaġen ngħata muftieħ ferħ għarb</Line>
	<Line>ieħor għammed ħannus aħbar ħenn ħatt leħja tgħallem sagħtar faħma għader ħataf fetaħ sebħ ħamel ħaj ħlas ħafer ħassad</Line>
 </Level>
 

 <Level>
 <!-- 19 -->
 <NewCharacters>ċ</NewCharacters>
	<Line>siliċju ċpar ċerva soċjali ddeċida ċpar diffiċli deċiż pjaċir attriċi bliċ eċċezzjoni aċċetta ttraduċa</Line>
	<Line>papoċċa paċi speċifiku ċan ċirku biċċa nuċċali ċinga riċetta biċikletta granċi indiċi ċans iċep ċess ċerv</Line>
	<Line>ċċeda deċiżjoni ċivili faċli kċina spiċċa kokroċ ċuċ pparteċipa eżerċizzju eżerċita uffiċjali ċanga ċirasa</Line>
	<Line>ċentru spinaċi biċċier ċomb ċena vuċi ċar ċeda kaboċċa oċean eċċitament beċċun rċieva kuċċarina biċċer żoċċ ddeċieda</Line>
 </Level>

 <Level>
 <!-- 19 -->
 <NewCharacters>,.</NewCharacters>
	<Line>mqass, adorazzjoni. rand, agħma. essenza. spiċċa, impressjoni. suq, nazzjon, simna. sikkina, kixef. qarraq, għela. borra, porkuspin.</Line>
	<Line>omosesswali. għamel, reqqa. niten, ras. milgħaqa, aluminju. sar, almanakk. saħħara, kelba. rokna, għafas. għaxqa, lejla, umbrella.</Line>
	<Line>iljunfant. niexef, possibilità. serduq, għodda. żagħfran. ħaddan- ppersegwita. rkoppa, zalza, astroloġija.</Line>
	<Line>ġenna, papoċċa. ħodon, bellus. staħba, soker. ċan, dara. eduka, ktieb. mogħdija, saqaf. għożża, bajd, mogħdrija, serp, passjoni.</Line>
	<Line>demokratiku, idda. heżżeż, rċieva. żviluppa, żegħed. bagħal, għasar. dewwa, figura. magħad, qatel, frisk. bidel. trab, daqs.</Line>
	<Line>xebbaħ, tkellem. staħa, sħaba. furnar, bastun. għaqli, passat. rmied, tagħbija. popolazzjoni, baqq kien. arloġġ, awrina.</Line>
 </Level>



 <Level>
 <!-- 19 -->
 <NewCharacters>1234567890=+-</NewCharacters>
	<Line>1+3=4 2-1=1 5+3=8 11-5=6 12-3=9</Line>
	<Line>2-1=1 5+3=8 12-3=9 13+1=14</Line>
	<Line>13+1=14 22-13=9 29+11=40 28+3=31</Line>
	<Line>22-13=9 29+11=40 11-5=6 1+3=4 28+3=31</Line>
 </Level>
 
 <Level>
 <!-- 20 -->
 <NewCharacters>Capitals (Maltese)</NewCharacters>
	<Line>Żabbar Gżira Iżlandiż Malti Luqa Paola Albaniż Dingli Għawdxija Pembroke Kanadiż Fgura Latvjan Daniż Ċiniż</Line>
	<Line>Tedeska Lhudi Żurrieq Malti Grieg Armenjan Għargħur Katalan Għaxaq Fawriż Rabat Qala Malajan Ġermaniża Mdina</Line>
	<Line>Fontana Għawdxi Birżebbuġa Ingliż Sannat Mosta Finlandiż Ġermaniż Estonjan Gudja Gallegjan Nadur Valletta</Line>
	<Line>Iklin Xewkija Katalan Safi Għarbi Marsa Iżlandiż Finlandiż Ġorġjan Qormi Franċiż Kerċem Żvediż Taljana Belarussa</Line>
	<Line>Marsaskala Brażil Sqalli Użbek Ċek Mġarr Fariżew Franċiża Żebbuġ Ħamrun Irlandiż Għarbi Brażiljan Cospicua Ingliż</Line>
	<Line>Korsikan Litwanjan Tarxien Munxar Senglea Svediż Litwan Portugiża Għawdxi Portugiż Franċiż Xgħajra Żejtun</Line>
	<Line>Marsaxlokk Vjetnamiż Għarb Grieg Estonjan Indoneżjan Bormla Xagħra Mongoljan Asturjan Nisranija Spanjol</Line>
	<Line>Kalkara Ċeka Nisrani Birkirkara Sliema Ġermaniż Daniż Fawriż Maċedonjan Ungeriż Pietà Msida Korejan Attard</Line>
	<Line>Lija Qrendi Milied Malazjan Naxxar Ħadd Spanjol Birgu Ċek Swieqi Lhudi Korsikan Belarussu Bulgaru Belarussu</Line>
	<Line>Għasri Victoria Balzan Żebbuġ Għajnsielem Kanadiż Asturjan Taljan Sqalli Mqabba Olandiż Ġorġjan Mellieħa</Line>
	<Line>Mtarfa Kirkop Albaniż Tork Floriana Bulgaru Taljan Irlandiż Siġġiewi Għid Ukranjan Ġappuniż Maltija Armenjan</Line>
 </Level>

 
 <Level>
 <!-- 21 -->
 <NewCharacters>Capitals (English)</NewCharacters>
 <Line>Marxist Cambodia Gothic Luxembourgish Welsh Andalusia Pleiades Chile Gugelhupf Christmas Aspe Senegalese</Line>
 <Line>Antarctic Etruscan Mauritius Andean Arctic Aquarius Jewish Brazilian Mediterranean Gabon Canada Scandinavia</Line>
 <Line>Swaziland Ostrogoth Luxemburger Swiss Oman June Punch Slavic Catholic Christian European Latin Curie Jeans</Line>
 <Line>Africa Virgo Borneo Mafia Shutter Iceland Liguria Hindu Christianity Magdeburg Guatemala Buckthorn Canadian</Line>
 <Line>Ghanaian Kharja Mr Attica Scottish Brahman Kyrgyzstan Cyprus Neptune Uranus Romance Gibraltar Sardinia</Line>
 <Line>Inkan Inca Latvian Polynesia Deutschmark Georgian Philistine Walloon Estonia America Paraguayan Cuban</Line>
 <Line>Panamanian Asian Tajikistan Leo Mexican Danish Korean Mali Benin Asia Betelgeuse Rabbi Andalusian</Line>
 <Line>Libya Iran Austrian Coblenz Saturn Jew Zaire Wednesday Ajman November Finnish Turkmenistan Vienna Saturday</Line>
 <Line>Rhinelander Nigeria Serbian Edinburgh Panama Scandinavian Mongol French Scot Wend France Atlantic Rome</Line>
 <Line>Swedish Siberian Thailand Galapagos Continuance Burgundy Enlightenment Bhutan March January Italian August</Line>
 <Line>Munich Mister Turkish Frisian Baltic Mozambique Arabia Macedonia Japan Congo Aries WC Girder Sulawesi</Line>
 <Line>Epiphany Nepal Zionist Mercury Denmark Senegal Lima Guglhupf Egyptian Maldives Norwegian Malawi Basque</Line>
 <Line>Vietnam Burgenland Philippines Namibia Romanic Scotland Peruvian Thespian Uruguay BC Bulgaria CEO Cyprian</Line>
 <Line>Belgian Yugoslavia Almighty Portugal Kurdistan Fleming Albanian Oceania Benedictine Valkyrie</Line>
 <Line>Muscovite Australian Intercom Frenchman Liechtenstein May Hebrew Bulgarian Mormon Lutheran Nicaragua</Line>
 <Line>Madagascan Scotsman Tibetan Pentecost Botswana Saarland Guatemalan Frankfurt Alps Smurfs Vietnamese</Line>
 <Line>Argentinian Viennese Chilean Parisian Bucharest Ethiopia Brittany Silesian Tataria Jesus Rumpelstiltskin</Line>
 <Line>Pole Serbia Tokyo December Paraguay Thessaly Liege Luxembourgish Aargau Islam Moravian Netherlands</Line>
 <Line>Venezuelan Turk Friday Luxemburgian Croatia Chinese Guadeloupe Pomeranian Burundi Dutch Taiwan Kazakhstan</Line>
 <Line>Australia Montenegro Lilliputian Jurassic Trier Cuba Romanian Dominican Belize Easter July Finland Slav</Line>
 <Line>Creole Slovakia Bavaria Jamaica Holland Estonian Abyssinia England Swede Whitsunday Myanmar Jesuit Austria</Line>
 <Line>Venezuela Calabria Bavarian Goldilocks Antarctica Syria Thursday Aruba Cretaceous Lebanon Irish Polish</Line>
 <Line>AIDS Anglicanism Ottoman Martinique Trojan Moldova Iraqi Sir Top Andorra Sanskrit Lithuania Algeria</Line>
 <Line>Tunisia Cyrillic Athens SME Friesland Euclidean Iraq Corsican Asiatic Warsaw Roman Romania Bushman Russian</Line>
 <Line>Madagascar Lebanese Greek Franconia Ethiopian February Gambia Afghanistan Hessian Thousandfurs Trinity</Line>
 <Line>Czech Malay Sudan Sagittarius Israel Argentina Tyrolese Miss Spanish Surinam Mexico Sudanese Colombian Leninist</Line>
 <Line>Morocco Anabaptist Italy Ecuadorean Greece Baptist Visualisation Buddhism Salzburg Colombia Kiribati Sunday Algerian</Line>
 <Line>Whitsun Tonga Koran Egypt Luxembourg Hungarian Prague Greenland Lisbon China Venus Spain Slovak Brazil</Line>
 <Line>Pacific Bible Goth Webmaster October Georgia Czechia Protestantism Siberia September Slovenia West Eurasian</Line>
 <Line>Monday Visigoth Honduras Icelander Hinduism Aachen Judaism Templar Episcopal Tyrol Finn Indian Maoism German</Line>
 <Line>Ukraine Glutamine Abruzzi Grenada India Hungary Nazi English Zamboni CV Guyana Comoros Excellency Azores Xmas</Line>
 <Line>Yankee Latch Iranian Groningen Yule Mauritania Belarus Rhineland Bermuda Icelandic Kenya Guinea Eritrea</Line>
 <Line>Indonesia Celsius Cancer Dutchman Balkans Jordanian Abkhazia Mars Aztec Taurus Liberia Monaco Palatine Persian</Line>
 <Line>Libra Brahmin Jordan Azerbaijan Pisces Moroccan Serb EOF Latvia OS Brandenburg Ireland Creol Japanese Brunswick</Line>
 <Line>Uruguayan Russia Santa Niger American Spaniard Eswatini Germany April Bangladesh Micronesia Dane Poland Lithuanian</Line>
 <Line>Afghan Englishman Flemish Cinderella Norway Tuesday East Sweden Bundesrat Germanic Briton Switzerland Mongolia</Line>
 <Line>Peru Faeroes Malaysia Muslim Capricorn Saxon Zionism Liberian Norman Frank FAQ Caribbean Yemen Whitsuntide Bremen</Line>
 <Line>Tertiary Libyan Wales African Ceuta Pakistani Chad Sheik Togo Cistercian Malta Abyssinian Bolivia Cartesian</Line>
 <Line>Albania Approval Arab Tokelau Anglican Uzbekistan Maltese Mrs Tanzania Taoism Quaker Turkey Islamic Gemini</Line>
 <Line>Honduran Prussian Bolivian Caesarean Scorpio Syrian Vatican Tunisian Soviet Benelux British Hessen Buddhist</Line>
 <Line>Fiji Eucharist Mongolian Ecuador Olympics Angola Rhenish Jupiter Ghana Cameroon Tuscany Protestant Brunei Yank</Line>
  </Level>
  
 <Level>
 <!-- 22 -->
 <NewCharacters>xi sentenzi</NewCharacters>
	<Line>Is-snien ta' l-annimali omnivori huma anqas speċjalizzati minn dawk ta' l-annimali karnivori jew erbivori.</Line>
	<Line>B' din id-definizjoni, ħafna fungi, uħud mil-batteri, ħafna annimali, madwar 1% tal-pjanti bil-fjuri u ftit protisti jistgħu jiġu kkunsidrati bħala Erbivori.</Line>
	<Line>Fungi, batteri u protisti li jikkunsmaw pjanti ħajjin ħafna drabi jsejħulhom patoġeni tal-pjanti.</Line>
	<Line>Fiż-żooloġija, Erbivoru huwa annimal li huwa addattat b' tali mod li jiekol primarjament pjanti (minflok il-laħam).</Line>
	<Line>Il-biċċa l-kbira tal-mammiferi jagħmlu parti mill-grupp tal-plaċentati jew kif jissejħu ukoll ewterjani.</Line>
	<Line>Il-linja tad-dixxendenza tal-mammiferi iddiverġiet minn dik tas-sawropsidi lejn it-tmiem tal-perjodu Karboniferu.</Line>
	<Line>Din hi lista tal-ispeċi tal-għasafar li jidhru f'Malta.</Line>
	<Line>L-ispeċi li jidhru kultant huma inklużi f'din il-lista u huma mmarkati bl-ittra.</Line>
	<Line>Il-Bugħaddasa huma grupp ta' għasafar akwatiċi li jinstabu f'ħafna partijiet tal-Amerika ta' Fuq u l-Ewropa ta' Fuq.</Line>
	<Line>Huma daqs papra kbira jew wiżżu żgħir u meta jkunu qegħdin jgħumu jixbħuhom ftit jew wisq lil dawn, imma ma jiġu xejn minnhom.</Line>
	<Line>Hemm 5 speċi ta' bugħaddasa u speċi waħda li tidher f'Malta.</Line>
	<Line>Il-Blonġuni huma għasafar għaddasa fl-ilma ħelu ta' daqs mezzan.</Line>
	<Line>Għandhom is-swaba ta' saqajhom bil-paletti u huma għawwiema u għaddasa tajbin ħafna.</Line>
	<Line>Pero saqajhom qegħdin lura ħafna f'gisimhom u għalhekk huma bla grazzja fuq l-art.</Line>
 </Level>
 
 
 
 </Levels>
</RasytiLecture>