<RasytiLecture>
<Title>Português</Title>
<Comment>created by Manfred Schulenburg</Comment>
<Levels>
<Level>
<!-- 1 -->
<NewCharacters>dk</NewCharacters>
<Line>kk ddd dk dkdd dkk kddk kk dkdd dkk kk ddd kdd kdd kdk dkd ddd</Line>
<Line>k kddk ddd kddk dkd kddk k d kdd dkk d kdd dk ddd kddk k k kdk</Line>
<Line>kddk dkk ddd kk dk kddk kddk k kdd kdd dk kdk d dd k d kdd dd ddd</Line>
<Line>k ddd k kddk d d ddd k d ddd dd kk kdk kdd k k kk ddd dd kdk k</Line>
<Line>kk k kddk kdd kdd k d kdk k dd dd dkk dd dkd k dk ddd kdd d ddd</Line>
<Line>dkd kddk k k kdk dd kdk k d kdk kdd k dk d dk d kdd kddk dd dkk k</Line>
<Line>dkd dkk d k d k dkd k ddd d kdk k kddk d dkk dd d k dk d kk dd kdd</Line>
<Line>kdk dkd dkd d kdk kddk dd kk kdd k dkk dkk k kdk dd dd k dkd d kdd</Line>
<Line>ddd dkk dd kdd dkd k kdd kddk dd dd dk dkk kk k dk dd kk kddk d</Line>
<Line>dkk kdk k k dkd kddk k dd d kdd d kdd dk k k d kk dd d kdk dkd dd</Line>
<Line>dd dk d k d kk d kddk dkk k kdd dkk d dk kdk d kddk kdd d dd dk</Line>
<Line>kdd dkd dkd kddk k k ddd dd kdd kddk d kddk dk kddk dk k kdd d d</Line>
<Line>ddd dd dk d kk kdk dd ddd kk dk d dkd k kk kk d dk ddd dkk dkk k</Line>
<Line>dk d dkd kdd dkd kddk kdd kddk kddk dd ddd kk dkd d dd k dd dkd</Line>
<Line>dkk k k d d d k k dd ddd k kdd d kddk kdd k kddk kdk kk k dk kddk</Line>
<Line>kdd kdd d k dk k kddk kk dk kk dkk dk d kdk k kddk kdd d dkk dd</Line>
<Line>k dk k kddk dk ddd k kddk kddk d d k dkd k ddd d k kddk k d dd</Line>
<Line>dd kdd kddk k k dkk dd dkk k d dkk k kk kddk dk kdd kdd dk d dkk</Line>
<Line>kdk dd dd dd dkd dk d dkd d kddk dkk kk kdd k d k d k k dd k kdd</Line>
<Line>dk ddd kddk d k k dd dd ddd kk d kdk k kdd dkd dkd kdk dd ddd d</Line>
<Line>kdd dd dkd ddd dd dd k d d dkk ddd ddd k dd dkk k k k k kdk kddk</Line>
<Line>dkk d ddd kddk kk kddk d d kdk kdd dd d kddk k ddd dkd dd kddk kdk</Line>
<Line>kdd ddd d d ddd dk k k d kdd kddk dkd kdd k kk d d dd dk dd dkd</Line>
<Line>dkk kdd dk dd dk dk dd dd k kddk dk d k kddk kk ddd dk kdk dd kddk</Line>
<Line>k dkk k d kk kdd d kdd dd kdd dd dk d kddk d dkd kk dk dk kdd</Line>
<Line>kk d kk k dd kk dkd dd d dkd dd k dd dd dk dk dd ddd dkd d dkd</Line>
<Line>ddd dkd dk ddd d d dk dkd kdd k dkd kdd kk dkk kdd k d ddd dk k</Line>
<Line>dkk kdk dk k dd d k d k dkk kk dk dkd ddd dk kk kk dkk k kdd dkd</Line>
<Line>d dkd dd ddd dk k kddk d kk ddd dkd dkk dkk k kddk kdd kddk k</Line>
<Line>dkd dd k kk dkk kddk dkk k ddd dkd dd d dkd kk kdd kk d k dd kddk</Line>
</Level>
 
<Level>
<!-- 2 -->
<NewCharacters>jl</NewCharacters>
<Line>jjl ljklj l lljl jk jl k ld kljk lj klk k jklkl ldlkkl klk lkl ld jk k</Line>
<Line>lklj ljl kldlkk klk llj l ldlkkl lj klk ljklj klk k ldlkkl ljl llj lkl llj</Line>
<Line>lkl klk k ldlkkl k jk klkjj jl k jklkl klk klk jl k l lkl jl k ld l lljd</Line>
<Line>l klk k k llj llj ld klk klk lj jl ld jjl l lkl ldlkl klk ljklj l klk</Line>
<Line>ljl k klk l ld klk llj llj klk lkl ldlkl l k jk jklkl jl jjlkl l klk</Line>
<Line>lkl klk ljl jl lkjl ldlkjl jlkjk ld ljl lj lkjl jlk llj ldlkjl jlk jlk ljjlj</Line>
<Line>jlk jlk l jjl k k ldlkjl l l lkl ld l jjl jlk lj jlk k jk dlkdl lj lj</Line>
<Line>ljl k jjl ljl jlk k jljk k dl ljlj klk jl ljl jlk ljlj lj k ljldl jl ljl</Line>
<Line>klk lkl dl k lj jlk jjl jljk lj l jljk jlk k ljlj lj dl lkl l k dl klk</Line>
<Line>jljk jlk ldlkjl dl ldlkjl dl l lj jl k jjl k lkjl ljl lkjl k lkl l jl l</Line>
<Line>jljk ldlkjl ljldl k l ljjlj ljl klk jlkjk l ljlj jk jlk jl jjlkl jl klk ljldl</Line>
<Line>dl lkjl ljldl jk jk jl lj lkjl k jl jjlkl ljjlj jlkjk k lkjl ljjlj ljlj</Line>
<Line>lj jl jl dl dl jl dl l lkl ljldl lj jldlkk ljldl dl jlk jjl jlk k k</Line>
<Line>l ljlj ljjlj k jlk jlk lkl ldlkjl ljldl ljldl k jlkjk lkjl jk lkl ljjlj jjlkl</Line>
<Line>jl dl jk lj lkjl lkl dl k l k ljjlj ljjlj dl ljldl ljl ljldl klk ljldl</Line>
<Line>lj jk ljldl jlk lj l ljjlj l jlk l llj jlkjj jlk jlk jl jldlkj ljl jlk ljjlj</Line>
<Line>jl jjlkl ldlkjl jlkjj ldlkjl klk dl ljlj k jlk ljlj jlk jk lj jl k k klk</Line>
<Line>k ljlj dl k jjlkl l jlk jk l jlk k ljldl jlk ljl jjl jlk lkl dl ljldl</Line>
<Line>jlk jlk klk ljjlj ljlj lj jlk dl ljldl dl lkl jlkjj k lkjl ldlkjl k jjlkl</Line>
<Line>l ljlj k jlk ljjlj llj jlk ljl dl l llj k lj l ljjlj jlk lj lkl ljl</Line>
<Line>klk jlk jlk llj lk ljlj k lkl ldlkl lldl k lk lk jlkl jk lldl lj llj</Line>
<Line>lk lkl lk lldad jl llj l ldlkl jl jjl lj ljk lj lk lk llj lldad ljlj</Line>
<Line>ldlkl lj jl jlkl lldad l ljl lkl ljlj lk llj lk ljlj jk lk llj l lkl</Line>
<Line>l l jl l jlkl dad jl k lldad lj lkl lk lk k lkl ljl lk jjl jjl</Line>
<Line>k dad dad jl lk lk lk jlkl lj l lk lk l lkjj lkjl jjl lkl ljlj lkjlk</Line>
<Line>ljl k lk k jl dad lkl ljl k klk l ljl k jjl k jl llj llj lkl jjl</Line>
<Line>lk lj l jl ljlj jk lk ljk l k jl lkl l lkl ldlkk jlkl jjl jjl</Line>
<Line>lk jl lk jk llj l lkljk k jjl jk ljk dad l jl ljlj jl llj jk ldlkl</Line>
<Line>ldlkk lk lk lldad lk llj jl dad jk llj ljk lj jlkl lk lj jl lj jl k</Line>
<Line>lldad l lkl ada lk lk jk llada lk lkl ljk jk k jk ljl ljlj lk ada jl</Line>
</Level>
 
<Level>
<!-- 3 -->
<NewCharacters>s</NewCharacters>
<Line>ljksdl ljkl l sljs ljks dlks ljsf kl lsdk ls ls ls lkj slk ks jl jjs</Line>
<Line>l slj jl lkj lsdk fksdls dk lsdk lsdk lsddlk jjlsdk ljk ljksdls ljsdk lj</Line>
<Line>kl lj lj lkj ljsdk lsdk ljsdk js ls kl jl jl lsdk ljsdkksdlsljs js kl</Line>
<Line>lsdk ll lss ljdks sljsf lss ldks jl kl lsljslj kl ldksf kl lssljs ls js</Line>
<Line>s ldks kk js kl js ls ljdks jl jjldks ldks jjldks ldksfksdldks ldksk slj</Line>
<Line>slj lj ljdks lkjksdldksf ldkd skk lsljs lj ldkds ldkdsk lks lj lks ldkdsk</Line>
<Line>slj kl sf ldkk lj ldkds lj slj ldkdsljs sljs ldkds ks ksljs</Line>
<Line>ldkds lsljs sf lks lj ldkdsf lksljs ldkdsljs jjs ldkds slk kl ldkds ldkdsf</Line>
<Line>s ldkds ldkdsk ksdjl ldkds lldkdsk js lsljs sljslj lks ljdkds jl</Line>
<Line>ks ls ldkdskk ldk kl ks kl js kl ldkdsk kl ldk slk ldkd skk lkj slj lks</Line>
<Line>ldkds lksljs ldkdsf ldkd kk lsljs ldkdsk slk ldkdss lkj lkjksdjjldkds</Line>
<Line>ljksdkl slk jjs ldk ldkds lsljsf slj ldkd skk jl lj kl lj jlksdl ldkds</Line>
<Line>lkj lkj ldk lkj kl lj lj ldkds lj lks ldkd skk klksdldkdsk lj lj ks kl</Line>
<Line>ldkdsf jsljslk ljd kds ldkdss ldk dsk ldkds ld kd skk jjs lkj slk jl</Line>
<Line>l lj jjs ls ldkdsk ldkds kl slj ldkdsf kl ldkdskk slk jjldkdsljsf ldkds kk</Line>
<Line>ljdkds ldkdsljs ls ldk dskk ldkds kl jl kl lj ls kl ls kl sf lls ldkdskk kl</Line>
<Line>sf lj ks lkj lj jjldkds ldsk ls jjlds ldskk ldskk ldsk sljsf slj lds</Line>
<Line>js ldsf ljds ldsf lks ks lds jjldsljslj ljds ldsk ksdjsl jjlds ljsk sdks lds</Line>
<Line>lds lkj ldss ldsk ls lj ldsk lss jl sf ljds kl sljs lds lsdfksdlks ls</Line>
<Line>ls lsdsljlj lsdkk jllslk sf lks lkslj lsdk jl lksllsd kklkslj</Line>
<Line>ks lks ks ljsd lsds lss lsdk klksdks lksljlk lj slj lsds ljksdjs jjss</Line>
<Line>kl lkslj lj sljksd lsdf lsljf ls lsd sljf lsds lss jjlsdl slk lsdk</Line>
<Line>s kl lsd lsd kl lsd lj jjss ls lsdf lsd jjss kl lsd jjlsd jjs sf lsd</Line>
<Line>jjlsd ks lsd jsl slj jjlsd lj sf lkj klksdjjlsd kslj lsds ls lj slk</Line>
<Line>lsdl slj lj ls js lkj ljsd ks lkj ks lsdk jjs lsd lsdl kl js lj</Line>
<Line>s lslj sljf lsds jl ljsdl lkj ls jl ls lj slk lsdf jjlsdl ks lj</Line>
<Line>ljsd lkj jslj js lsd slk lsd skk jl ksl lsdss lsds lkj lsds jjs lsds jjs s</Line>
<Line>lsks dkl lsdsk lsdss ljksdl sdsf kl sf slj kl sf lkj lsljlk ls ls ls</Line>
<Line>lj sf kl lsd kl lsd jjs lsds kl ljsd jjlsd lj js jl sf kl kl jl jl</Line>
<Line>lsdf lsd lsds lsdslj lsd slk lksljlj lkj ljsd kl kslj lj kl lsdk lsd l</Line>
</Level>
 
<Level>
<!-- 4 -->
<NewCharacters>af</NewCharacters>
<Line>dll dafs sldks fldk fafs faf fldk safs fldsk jdkaf fldk</Line>
<Line>sds afl safd jdkafs af lafs fldks afld ld dsk fldk ldks</Line>
<Line>dsk af jdkfa fds ld sfa sds kds kd ffa ffa faj fd k lfa</Line>
<Line>jdk lds lfa sfal fa jdkfa fa fas sdk fads sfal lds fldk</Line>
<Line>faffafd falksdjdk fafa ldk lds lfa ldkd ffas fadks fas</Line>
<Line>fas fldk fal sf sfals jdks jdkfas dsfa dsk fas dj fal fals</Line>
<Line>dkd sfal dlld sdlsds dlls sd dls sdldls ffas dsk fals dsks</Line>
<Line>sds jdkfa ldks lds lfa dk lfa sldk ffal faffafds sldks</Line>
<Line>ffa fa lfa fa fald fa sfa sfafas skd sfafa fldk skdsd jdks</Line>
<Line>dsfa fas fa fldk dkd fadd lfa fadks k jdkfa ffal fds sfas</Line>
<Line>fal fald faffafds faf ffals fldk ldk fldk fldks dsks fldk lds</Line>
<Line>fldk lds ld dkd fldsks fad skds sfa dksd sfa ld skds sfal</Line>
<Line>sds lfas dsfas fal sfa fal lfas kfa sfasd sldk dsfas lfas</Line>
<Line>fal faffafd sdk faffafds ffals dsk fds fals dsks lds jdk</Line>
<Line>dsks fals afdk afls afdks afs dsksksdk jdkaf lds fldk dsafs</Line>
<Line>d fafl af k kaf affaffd afd fldks sdks afdsd laf safsds</Line>
<Line>sd skds lafs jdkds af affaffds ldks skd afdk fldks ds skd</Line>
<Line>afs jdkds afd fldk fafls afs faf safs ld afs dsk aflds safls</Line>
<Line>afs skds safsds fafl dkd safsd fldk afls fldks lds safafsksdsafsds</Line>
<Line>dks fldk sdks sds lds af fldks jdks dj dkd afdk fldks</Line>
<Line>fldk dsk laf fldks afs kaf af jdkds afs dsks afd aflds jdks</Line>
<Line>affaffd sd fldk safsd dks sds laf kl fd dsks af safl</Line>
<Line>aflds fafl ldks afl fafls safafs afld skds afls afls jdkafs</Line>
<Line>dsks safls lds laf lds dsk afdks kaf jdk fldk sdldls fldks</Line>
<Line>fds sdks sdlsd jdkdsd dlfdlfd ldl dlls dlj ldls ldks fdls</Line>
<Line>fdll fldks sdadl ldls dll dlldsl dlld k ldl skd ldks dsks</Line>
<Line>ldk jdkdad fd dads ldl jdkds dadk lds sldk dl kd dsdls</Line>
<Line>sdll dll k fldk dls sldk dl ldl ldl fdl dsk dll dadks sdls</Line>
<Line>ldks lds fdlls ldlsd lds dkd ldk skds dlf dl jdk sldks</Line>
<Line>sdadls dlls ldls sdadl fldksksddllksdld fdl sd ldls fldk ds</Line>
</Level>
 
<Level>
<!-- 5 -->
<NewCharacters>ie</NewCharacters>
<Line>leis ideal dele elas ideia deles dali falei idade delas</Line>
<Line>sejas dissesse lealdade dela desses esse dessa desse aldeia leia fila fase</Line>
<Line>seles ideias defesa seja dessas essa fale disse dias esses</Line>
<Line>desde fiel saia deseja sais feia fales lisa sede seis</Line>
</Level>
 
<Level>
<!-- 6 -->
<NewCharacters>no</NewCharacters>
	<Line>linda lados sinal ensaio lojas ainda nela</Line>
	<Line>sois odeio onda dana lido lenda nisso feio falo andado</Line>
	<Line>odeia anos nojo nossas loja solo</Line>
	<Line>saio senado falado assassino dono sono ondas anjo dedo soldados</Line>
	<Line>ansioso nossa soldado dedos nossos final dados</Line>
	<Line>andas fosses isso afinal neles disso assassinos andando dando</Line>
	<Line>desafio osso nessa anda nosso doidos falso sendo falando</Line>
	<Line>nesses doido indo dois nina lindo lado dona onde</Line>
	<Line>foda dado anjos ande finais lindas sido dose nele danos</Line>
	<Line>nesse ando saindo janelas nada janela aonde sinais lindos desejo</Line>
	<Line>ossos andei doida desejos ofensa nessas fosse anel</Line>
</Level>
 
<Level>
<!-- 7 -->
<NewCharacters>rm</NewCharacters>
<Line>mano massa meia sara era imenso reais namorados armas</Line>
<Line>animal dar foram demasiado moral fores</Line>
<Line>mandei adorar enfermeira morrido firma ira morrendo</Line>
<Line>rodas meninos menos adora damos demora florida ires amo</Line>
<Line>fim nem amar doer mira morrer fria defender iremos informado</Line>
<Line>demos reis meios manda familiar mandado dorme</Line>
<Line>maioria dormindo rei mesa armar refiro rose mesmas eram familiares</Line>
<Line>admira direi seriam famosa armada maria mandaram namorar</Line>
<Line>reino mim meninas sejam mil imensa ferida morar saiam faremos seres</Line>
<Line>moedas radar deram sim disser seria semana morre flor</Line>
<Line>mamas laranja animais ordens redor arma rir andar miolos faria</Line>
<Line>fossem demorar sensores demais ser maior</Line>
<Line>famoso disseram menino lar for marido enfiar seremos irem enfim</Line>
<Line>mais iam sejamos adoro realidade sorrir andam menina arranje mel</Line>
<Line>iria feridas arranjei roda medidas arder erros formas medida morra</Line>
<Line>formos mandar ora semanas ensinar mesmos diria amas asneira</Line>
<Line>andares modo formar fora jardim filmes modelo senador almas</Line>
<Line>informar safar lama feira falamos maiores drama errado anormal</Line>
<Line>alma frio armados ama raios andem ordem ferro somos eras ramo refere</Line>
<Line>real mal sir meses nadar saem dormir arranjo major sorriso</Line>
<Line>dissemos amarelo mar analisar arranja jornal mala</Line>
<Line>feridos solar serei adorei ferido dama dores madeira rede raro amor</Line>
<Line>irei farias mina morrem enorme dormi assim sem namorada forem mas</Line>
<Line>erro errada dor sairmos enormes mora adoraria flores falaram moeda</Line>
<Line>sofrer mando dom namorado forma normais darei iriam minas filme</Line>
<Line>firme odiar filmar rio der sermos mande andamos nome</Line>
<Line>menor serena amado jornais ler areia jamais normal</Line>
<Line>inferno desejar lidar dera som morada meio mesma maneira eliminar</Line>
<Line>sair frase adoram amei armado lorde rosa medo falam malas irmos</Line>
<Line>morreram daria falar renda federal fomos fome nomes serem meias</Line>
<Line>federais rosas alarme moda maneiras raio mesmo assinar arranjar</Line>
</Level>


<Level>
<!-- 8 -->
<NewCharacters>vt</NewCharacters>
<Line>italiano vindas verdadeira nesta administra matam almirante</Line>
<Line>avisar metal elevador reserva vieste envolver vindos anterior</Line>
<Line>tratado estejas salva tratar dava nojento sistemas amava favor farta</Line>
<Line>vinte tivesse interior sentar torres tantas rasto trata limite livro</Line>
<Line>devias terreno vejo soltar mortos feito tornado andava tentaste</Line>
<Line>atrasados mover diverte maldito reverendo meter noites solte visitas</Line>
<Line>devolver visse estivemos altos derrotar disseste veremos interesse</Line>
<Line>tive mortal vejam entrada fantasma treinador alvos atraso vejamos</Line>
<Line>fantasmas livros revista tira vale motorista meteste vista estiveste maldita</Line>
<Line>testar noite vento todo salta movimento rotina entram tirando entanto</Line>
<Line>novos deitado neste motivos trato vende tome viram afastem</Line>
<Line>intervalo estilo veste teve senti levado resta total sentada jovens adiante vimos</Line>
<Line>terminei estados enviar voltaremos mentira vamos sentes doentes</Line>
<Line>atravessar devia oito envia definitiva vestido entretanto teoria tentando</Line>
<Line>vindo deverias nota artes ferramenta tendo tentei isto festas traidor instinto</Line>
<Line>levantem voltar levem diferente teria desastre sentindo tiveres volto ritmo</Line>

</Level>
 
<Level>
<!-- 9 -->
<NewCharacters>pu</NewCharacters>
<Line>poderiam primeiras perdeu mundial ajudou sujeito</Line>
<Line>justo durante aventura alunos repito poderei pensando</Line>
<Line>perda visual palavra pele juro autoridade passada</Line>
<Line>suspeita professor possam disparo</Line>
<Line>passava poder perdido perto destruiu ajudar usamos promete</Line>
<Line>piedade aprende pela mude parto lutar dura sua povo podias</Line>
<Line>tipos suposto partir pontos sentiu sensual sopa pensava mundo</Line>
<Line>resultados esposa parou respirar perdoe estou porta aumentar</Line>
<Line>ajudo perdemos surpresa prioridade impostos perante sumo passos</Line>
<Line>penso duas esperei produtos uau judeus outro numa apoiar</Line>
<Line>passeio fundo usei fumo poderias leu pudesse mistura reparar</Line>
<Line>resultado assustar pediram pelo aula disparate fundos rua</Line>
<Line>assusta prefere repente pessoal ajuda mudam profundo prender outras</Line>
<Line>aumento ripadas repetir pudesses assumir perder importar pois</Line>
<Line>mudar pesado prometeste tempos esperem pena transporte</Line>
<Line>passaporte primeiros perdida responda aluno portas sapato</Line>
<Line>suspeito repara reunir seu pau funeral depressa simples</Line>
<Line>prometi perderam suave tuas pedi muitas pior fruta separar</Line>

</Level>
 
<Level>
<!-- 10 -->
<NewCharacters>g</NewCharacters>
<Line>largar liga artigo pergunte vantagem geralmente governo</Line>
<Line>tragam paragem imagine julga agenda selvagens gira sigam</Line>
<Line>drogas guardar viagem agarra segue seguinte elegante viagens</Line>
<Line>mensagens droga ingleses magoar imaginar pegamos fugiu</Line>
<Line>guia passagem digamos perigoso julgar grave regra diga</Line>
<Line>agentes longe grupos jogos segui folga inimigos vingar gostaria</Line>
<Line>gelado ligar energia enganar pergunta garagem dirigir dirige</Line>
<Line>argumento segurem vigia perguntas paga perguntar gigante gostavas legal</Line>
<Line>lugar amigo advogados algemas aguento negra algumas pegou segundos</Line>
<Line>enganado gostava antigos progresso gasolina entrega garanto registo</Line>
<Line>engano lugares passageiro liguei pergunto alguns raparigas julguei paguei</Line>
<Line>algures imagem seguida ligo traga agora gostou guerra empregado selvagem</Line>
<Line>sangrar segurar gajos gaja segundo desligar golpe digam gostaste green</Line>
<Line>programa jogador pago resgate iguais largue imaginei perigosa negativo</Line>
<Line>regras segure protege garotas sagrado gritar digas jogar apagar figura antigo</Line>
<Line>negros igual amiga espingarda amigos ignorar gato agarrar governador</Line>
<Line>general entregue segunda tigre investigar lago pagam larguem regresso</Line>
</Level>
 
<Level>
<!-- 10 b -->
<NewCharacters>y (English)</NewCharacters>
	<Line>inlay overlay angrily ternary derogatory type skylark spray ruffy petrify deformity</Line>
	<Line>identity unseemly pettily payoff moldily jerky statutory synergy glottology jutty</Line>
	<Line>stratify pylorus gyrate elementary gargoyle royal perky musty yours visionary playing</Line>
	<Line>transitory sterilely yonder spinily laying voluntary grisly geyser snotty allegory</Line>
	<Line>dumpy slovenly overjoyed volatility glassy severally pity ally infinity drayage</Line>
	<Line>fumitory rarefy estuary salty gently pensionary snootily purely silty tautology</Line>
	<Line>osprey entirety uneasy lampyrus stultify rotary impurity very unalloyed sloppy guy</Line>
	<Line>sinology missionary gaudily stingray payout repay pigeonry mordantly usury gymnasium</Line>
	<Line>temerity needy greenfly solidly ferry underlying lady fully asylum typing symmetry</Line>
	<Line>madly yesterday formality loony animatedly valley silently definitely skydiving</Line>
	<Line>deify sappy augury realty elatedly silky dysentery sodomy midgetly doyen dye disparity</Line>
	<Line>stupidly porosity gingerly jelly deanery gravy repository strongly timidly yakking</Line>
	<Line>flay prototype legendary maggoty argosy already gypsy keypad mesentery loyal youngster</Line>
	<Line>regionally malignity fury urgently verify graveyard eyeglass torrefying rosary</Line>
	<Line>flurry satisfy dynamo parry alloy tyre jealousy nasally royalty majority</Line>
	<Line>forgery sly pillory tangly tarry plurality poundkey seniority salary</Line>
</Level>
 
<Level>
<!-- 11 -->
<NewCharacters>zh</NewCharacters>
<Line>dizem sarilhos ganhar olhe milhares ponho ganhou espelho</Line>
<Line>olha tamanho espanhol orgulho havia hemorragia</Line>
<Line>horas haveria humano fizeste linha sozinhos</Line>
<Line>fazia montanha sonhar vez ganha galinha luz</Line>
<Line>fizeram honra alteza falhou apanhei voz humanidade</Line>
<Line>dizemos sonho olhem melhorar joelhos fizeres</Line>
<Line>olhadela melhor felizmente molho rapaz tenham</Line>
<Line>orelha paz dinheiro adivinhar houver tinham onze nenhum</Line>
<Line>ganho fizer zangada infeliz diz rainha lho maravilha padrinho</Line>
<Line>lhes sozinha vizinhos hoje rapazes lhe homens vermelho dizer olho</Line>
<Line>ganhei ponham homem dizia vinha limpeza fizermos apanhou fazemos nenhuma</Line>
<Line>velhote adivinha senhores tenhas olhos ponha estranhos</Line>
<Line>faziam velhas linhas azuis fazes folhas velho apanha venham juiz trazer</Line>
<Line>prazo orgulhoso hotel filho filha fazermos vazio azul falhado</Line>
<Line>humor sonhei dizeres havendo velhos senhor fazem rezar humanos traz falha</Line>
<Line>folha mulher prazer houvesse venha fazendo montanhas apanhado tinhas</Line>
<Line>gozar desenhos realizar houve detalhes feliz dizes vazia</Line>
<Line>patrulha valha zona trazido minhas humana fizemos vizinho testemunha</Line>
<Line>suponho olhei partilhar senhoras mantenham felizes dez gatilho</Line>
<Line>ganhaste aranha horror honesto organizar amizade vozes olhes zero venho junho</Line>
<Line>traduzido apanho medalha tenha minha haver estranhas tinha</Line>
<Line>vinho talvez testemunha olhar fiz nariz fazerem fazer orelhas</Line>
<Line>fizesse falhar tristeza venhas apanhaste estranho sonhos</Line>
<Line>senhora telhado unhas zoe doze luzes estranha tenhamos tenho</Line>
<Line>apanharam sozinho hospital hora milhas julho aparelho hum faz</Line>
<Line>apanhem armadilha orgulhosa melhores mulheres olhando desenho velha</Line>
<Line>ilha filhos azar arroz fazeres apanhar zangado fez vergonha marinha</Line>
<Line>haviam olhada olhou vermelha vezes dizendo filhas mantenha natureza</Line>
</Level>
 
<Level>
<!-- 12 -->
<NewCharacters>bc</NewCharacters>
<Line>obviamente sobrinho cavalos encontrado bolso cortar riscos</Line>
<Line>camarada champanhe rocha acontecem sobreviver casou chegaram</Line>
<Line>rabo baseado tchau cargo procurei oceano bicicleta cobarde descansar</Line>
<Line>contagem abri acabo trabalha civis cortou arco brinde caminhar</Line>
<Line>acompanhar fechados compreende percebeu abandonado conhecem</Line>
<Line>escolhi liberdade lucas culpar louca bravo arriscar porco procurador</Line>
<Line>encher trabalhou cabelos fechada acho economia sincero busca</Line>
<Line>criar marcar escudos contado conto computador bombas burro custar</Line>
<Line>cada aceitou recordo concurso coca descoberto convidou mercado</Line>
<Line>certamente cassete precisamos escolhas chame controlo campanha contou</Line>
<Line>oficial cobra certa colocou desculpas capazes percebi cerca</Line>
<Line>costumava aberto acredita chineses bebo chamem concentrar atacou socorro</Line>
<Line>criminoso com proibido beba buracos central cometi chama conseguido cobertura</Line>
<Line>caso arrancar acaso bons malucos cale copos cem comunidade trabalhei sabemos</Line>
<Line>consulta sabiam novembro cerebral locais sabendo caminho bocadinho procurar</Line>
<Line>autocarro cenas inocentes chegamos curioso corrida libertar consigo comecei</Line>
<Line>banco compreende alcance corredor cave beleza coloca sucesso achou marcha</Line>
<Line>recebeu doce calhar bens contacto acreditas ricos trabalhas recordar coluna</Line>
<Line>inocente beco encomenda cigarros calem celebrar compreendo branco campos</Line>
<Line>faca escuta congresso bocado costume encontram capital corpos lobo cela</Line>
<Line>desaparece criada discurso carga sabedoria bom branca pobre pareceu</Line>
<Line>culpa coisa corram cheirar criatura escala procuramos biscoitos escolas</Line>
<Line>curta bebe feiticeiro contas encontrar precisares bonito chamaram</Line>
</Level>
 
 
<Level>
	<!-- 14 -->
<NewCharacters>q</NewCharacters>
<Line>esqueci quartos fiquei ataques daquilo quarta quais aquela naquela</Line>
<Line>daqui quantas aqui quisesse qualidade quentes quantos brinquedo</Line>
<Line>queimar querida aquecer quer coloquei queda parque naquele equipe</Line>
<Line>porque equipa tanque daquele quiseres naquilo queiras esquema psiquiatra</Line>
<Line>fraqueza queijo queria pesquisa quiser esquecido quem fiquem esquece fique</Line>
<Line>coloque quilos querias esquisito arquivos queremos qual esquina quanto duque</Line>
<Line>choque quis quiserem qualquer arquivo truque querido que truques quente</Line>
<Line>esqueceu quantidade fiques quero sequer daqueles pequeno ataque querem</Line>
<Line>quinta daquela queridos queriam quieta lorque quietos quebra querer</Line>
<Line>queira pequenos quarto aqueles cinquenta quatro quadro aquele toques</Line>
<Line>quartel quinze esquerdo quiseste enquanto esquecer quando quebrar</Line>
<Line>esqueceste cheque pequenas daquelas queres toque esquerda quieto</Line>
<Line>brinquedos equipas pequena aquelas esquadra queiram aquilo quase</Line>

</Level>
 
<Level>
	<!-- 15 -->
<NewCharacters>w (English)</NewCharacters>
	<Line>wood fowl wiring wine weed crew swaddle witch wart wanton eelworm sawdust wind eyebrow</Line>
	<Line>fawn warfare stowing wobbly wake weigh warped world swamp swallow inward walkway two maw dew</Line>
	<Line>whiff dewlap whistle pew wastage weekday fewer worn where working yawn wheat wallet await</Line>
	<Line>cowed awe throw whose dowry owlet bigwig unscrew owe redwing tow warm hallow mildewy wedel</Line>
	<Line>showily pathway mowing wear wigeon trawl towel swarf writer mugwort mower wrench ribwort</Line>
	<Line>warrior dwarf wed wharf slew tweak twinkle town wedging snowman cowshed willful width browser</Line>
	<Line>brawny gawkily wane tweed walnut whorl rowdy dawn jetway wading mew drowse swipe whether known</Line>
	<Line>scrawl wire dowdy awl waiver untwist wedlock swear swathe awed swivel will woollen wan know</Line>
	<Line>whimper wedge wolf wooly weakly own wander cowpat crowd wean vow narrow hollow uptown fawning</Line>
	<Line>beware swig whirl gateway wriggle wicked warp crowded washy bewitch wasted which windy</Line>
	<Line>fellow warlock morrow answer nephew claw widgeon avowal wick dowser</Line>
</Level>
 
<Level>
	<!-- 16 -->
<NewCharacters>x</NewCharacters>
<Line>exceto embaixada deixas xerife fixe explodir aproxima explicar deixaste</Line>
<Line>deixe lixo peixes trouxeram exames peixe deixam sexo deixaria existem</Line>
<Line>caixa deixou relaxar existe deixares fox exatamente explosivos</Line>
<Line>baixas embaixador deixem deixamos baixar deixar abaixe relaxe deixado</Line>
<Line>exame mexam luxo deixa extra mexer baixo exterior bruxa deixarei relaxa</Line>
<Line>baixem bruxas sexual explorar lixar puxar debaixo deixo examinar deixaram</Line>
<Line>sexta mexa apaixonado deixes explica existir sexuais mexas queixa baixa</Line>
<Line>abaixo aproximar trouxe apaixonada caixas exemplo lixe lixado excitante</Line>
<Line>deixei trouxeste deixava puxa mexe excelente deixando abaixo sexo extra</Line>
<Line>lixar lixe exceto existem embaixada apaixonado deixou deixarei complexo</Line>
<Line>luxo deixes deixas trouxeste relaxa excelente deixares baixo xerife mexa</Line>
<Line>trouxeram deixava bruxa puxar examinar existir explodir baixa exemplo</Line>
<Line>exame explorar trouxe mexer excitante apaixonada deixamos aproxima</Line>
<Line>relaxar lixado queixa abaixe baixas lixo mexam baixem bruxas explosivos</Line>
<Line>caixa caixas aproximar fixe exterior exames deixando mexas</Line>
<Line>deixaria existe deixo explicar embaixador explica peixes sexual deixaram</Line>
<Line>baixar puxa relaxe peixe deixem deixa deixei deixar deixe deixam</Line>
<Line>debaixo sexta exatamente sexuais mexe deixaste deixado fox complexo</Line>
</Level>

 
<Level>
<!-- 17 -->
<NewCharacters>ç</NewCharacters>
<Line>ouça braço engraçado esqueça esperanças intenções mereço</Line>
<Line>graça crianças lançar pedaço espaço presença começando faço</Line>
<Line>mudanças calças esforço almoçar conheço caça terça pedaços</Line>
<Line>desperdiça cabeças forças relações munições corações condições dança</Line>
<Line>peças pareça segurança preço poço faça agradeço começo</Line>
<Line>reforços criança começaram palhaço instruções abençoe desgraçado</Line>
<Line>peço justiça posições dançar desgraça peça começam esqueças ouço</Line>
<Line>começamos mudança operações moça confiança aliança vingança</Line>
<Line>doenças raça começou força começa acusações opções pescoço braços</Line>
<Line>esperança açúcar lança serviço oiça ligações aço diferença conheça</Line>
<Line>doença engraçada licença aconteça graças almoço emoções abraço feitiço</Line>
<Line>caçar endereço esqueçam caçador taça façam alcançar cabeça começar</Line>
<Line>pareço façamos lançamento ouçam ameaça serviços avançar faças</Line>
</Level>
 
<Level>
<!-- 17 -->
<NewCharacters>ã</NewCharacters>
<Line>estão união dão posição espião divisão ocasião emoção</Line>
<Line>noção impressão mamã construção pressão intenção produção</Line>
<Line>execução terão descrição disposição comissão atenção dragão</Line>
<Line>opção irmãs cães combinação declaração tradição refeição</Line>
<Line>irmão lição nação região ação caixão fãs sensação respiração operação</Line>
<Line>direção visão condição cidadãos amanhã irmã cirurgião patrão geração</Line>
<Line>maldição invasão traição cidadão expressão tradução criação decisão</Line>
<Line>salão botão reunião multidão radiação opinião tão senão paixão milhão</Line>
<Line>órgãos escuridão audição revisão não ficarão quão tripulação população</Line>
<Line>competição confissão mamãe relação avião pelotão padrão função missão</Line>
<Line>condução pão canção mãe formação profissão exposição ladrão versão</Line>
<Line>ligação estação campeão estarão confusão chão alemães cartão alemão</Line>
<Line>diversão explosão vão acusação destruição poderão reputação parvalhão</Line>
<Line>questão irmãos gravação verão educação camião sessão explicação cão</Line>
<Line>discussão razão farão leão capitão revolução mão tensão coração prisão</Line>
<Line>permissão solução manhã serão informação são televisão mãos portão</Line>
<Line>situação então secção religião mães irão perdão imaginação japão tubarão</Line>
</Level>

<Level>
<!-- xx -->
<NewCharacters>acentos</NewCharacters>
<Line>aparência acusações anúncio além acontecerá alguém assassínio atrás</Line>
<Line>através amável após análise armazém audiência avô até avó agradável</Line>
<Line>ambulância acabámos aviões aérea açúcar aliás américa alô aéreo agência</Line>
<Line>armário adorável bíblia bebê bebés bebé bêbado bêbedo cêntimos cadáveres</Line>
<Line>colégio cerimónia códigos cópia cadáver céus chá comissário cópias chegará</Line>
<Line>corações cabrões custódia crânio cemitério cocaína chegámos cérebro capítulo</Line>
<Line>cardíaco câmara clínica círculo chinês césar código células café ciúmes céu</Line>
<Line>contrário condições câmaras califórnia crédito chapéu cartões ciência deverá</Line>
<Line>divórcio demónio dúvida difíceis dará distância demónios destruído dês dúvidas</Line>
<Line>dólar disponível devêssemos decisões dás dólares depósito detrás difícil</Line>
<Line>dívida devíamos daí dúzia diário deveríamos dói excelência está estúdio</Line>
<Line>escritório egoísta exército estúpida edifício estávamos estúpido espírito</Line>
<Line>emergência emoções estúpidos episódio estará exercício estratégia existência</Line>
<Line>estômago estarás estás espíritos espécie frequência ficará falámos físico</Line>
<Line>famílias família férias fábrica fígado fácil fará francês física fantástico fantástica</Line>
<Line>glória galáxia género grátis ginásio grávida gás génio histórias horrível hipótese</Line>
<Line>homicídio haverá homicídios heroína horríveis horário hipóteses heróis história</Line>
<Line>herói instruções intenções inglês império infância indústria invisível incêndio irá</Line>
<Line>impressões influência início incrível impossível inútil irás juízo júri ligações lábios</Line>
<Line>lágrimas ladrões língua líder líderes lógica levará mantém máxima miúdas médio</Line>
<Line>mágico médico matéria milhões mágica munições mínima magnífico mísseis más</Line>
<Line>médicos música média miúdos máquinas miúdo médica mistério méxico ministério</Line>
<Line>máfia máquina máscara máximo miserável memória memórias matemática miúda</Line>
<Line>mês mínimo números nós notícia níveis notícias nível ninguém negócio negócios</Line>
<Line>necessário número opções operações oxalá olá oxigénio paciência pré paraíso pássaro</Line>
<Line>porém página próprias possíveis polícias poderíamos próximas período provável</Line>
<Line>prédio papéis péssima países pássaros pública pulmões política prémio patético</Line>
<Line>príncipe pudéssemos pontapé político petróleo passámos pôs perímetro público</Line>

</Level>


<Level>
<!-- xx -->
<NewCharacters>h (ch, nh, lh)</NewCharacters>
<Line>armadilha achava apanhem apanhar achei aranha achas acha amanhã</Line>
<Line>acho apanharam aparelho achamos acompanhar adivinhar apanhei achar</Line>
<Line>adivinha apanhaste apanha achou apanhou apanho apanhado amanhecer</Line>
<Line>acham batalha banheiro bilhete brilhante banho bilhetes barulho banheira</Line>
<Line>bocadinho cheguei conselho cozinhar chamamos china cavalheiro chance</Line>
<Line>conheceu chegámos carrinha caralho chegaste chaves cheiro chato chegarmos</Line>
<Line>champanhe chocolate cheque chamaram chá cozinha chegará conheça</Line>
<Line>conhecida conselhos conhecemos cachorros chegue caminhos cheios chover</Line>
<Line>chamas chateada conheceste chego chip chamaste chinesa chateado chorar</Line>
<Line>calhar cheia chamam chegarem chave chamei cheirar chefe coelho conhece</Line>
<Line>chuva caminhar chegamos chegou chinês chegar companhia chegado</Line>
<Line>campanha conheces conheci chamo cheio chatear chão chamada chamado</Line>
<Line>conhecem cachorro caminho chamar chegaram cavalheiro chame conhecido</Line>
<Line>conhecia chapéu chamadas chama cheira conhecer chamem chega conheço</Line>
<Line>chegam chegando choque chamava chamou chegada desenho despachar</Line>
<Line>desconheci dinheiro duche despacha detalhes desenhos despachem escolha</Line>
<Line>estranho escolhe encher estranhas escolhido espelho escolheu escolhas escolhi</Line>
<Line>escolher estranha espanhol estranhos ficheiro fechar fechados falhado filho</Line>
<Line>falhar filhos ficheiros filha fechado falhou fechada falha filhas feche folhas</Line>
<Line>folha ficha fecha galinha gatilho ganhar ganha ganho ganhou ganhei ilha</Line>
<Line>julho junho joelhos linhas linha lho lhes lhe milhares medalha melhores</Line>
<Line>milhas mochila montanhas mantenham maravilha melhorar marcha mulher</Line>
<Line>manhã melhor mulheres molho marinha mantenha minha montanha minhas</Line>
<Line>milhão milhões nenhum nenhuma orelha olhei orelhas olhem olhou olhes</Line>
<Line>orgulhosa olhar olhando olhada olha orgulhoso olhadela olhos olho olhe</Line>
<Line>orgulho partilhar parvalhão palhaço ponho padrinho ponha patrulha ponham</Line>
<Line>reconhecer rainha rocha recolher senhoras senhores suponho sonho</Line>
<Line>sonhos sarilhos sozinhos sozinha sonhei senhorita sonhar senhor sobrinho</Line>
<Line>senhora sozinho tenho trabalhava trabalhado tinhas tinham trabalhou</Line>
<Line>tenhas trabalha tenham telhado testemunha tínhamos trabalho trabalhos</Line>
<Line>trabalhas trabalhar trabalham tchau tamanho tinha tenha testemunha trabalhei</Line>
<Line>unhas velhos venham velhas vermelho vermelha velhote venhas vizinho venha</Line>
<Line>vizinhos velho velha venho tenhamos reconhece vinho valha vinha vergonha</Line>
</Level>


<Level>
<!-- 19 -->
<NewCharacters>,.</NewCharacters>
<Line>aconteça. ponha, rua, parecido. marcha, violência, pudesses.</Line>
<Line>fazendo, tristeza. milhões. suficiente, enviou. anda, chamem. memórias,</Line>
<Line>cometi, relações. melhorar, lidar, escudos. cresci, preferia, vejam. realidade,</Line>
<Line>estiveram. rever. fizeres, mudanças. colegas, meta. respeito, importam.</Line>
<Line>ouviram, descobre. banho, obrigar, real. quiseres, acabam. tamanho.</Line>
<Line>pintura. voltamos, original. oficial, olhadela, chamou. partes. animal, botão.</Line>
<Line>trazido. bom, estarmos. permissão, passado, orgulho. morreu. identifica.</Line>
<Line>humana, devem. andem, absoluta. dana, arruinar. pesado. portanto,</Line>
<Line>pensam. gravação, ponte. paciência, vingança. descansar. geral, foram.</Line>
<Line>brincar, ligou. trouxeste. deixarei, revelar. perna, pudesse. seguinte,</Line>
<Line>identidade, velha. usou, poderá. adivinha, pertence. sim, encontre. problema,</Line>
<Line>velho. tipos, vivemos. estás, vocês. temporada, passo. homens, obviamente.</Line>
<Line>alto, lama. roubar, aula. plantas, estudantes. sobreviver, morrer. força, sombra.</Line>
<Line>sentado, chinês. túnel, haviam. terça, champanhe. máscara,</Line>
<Line>terminado. vive, luz. sapato, escritório. felizmente, taco. média, cobre. templo,</Line>
<Line>francesa. tentou, basebol. duche, noutra. muita, sou. cadáveres, horríveis. vira,</Line>
<Line>dinheiro. vai, chamo. clube, darei. pode, piloto. comissário, robô. impressão, bate.</Line>
</Level>



<Level>
<!-- 19 -->
<NewCharacters>1234567890=+-</NewCharacters>
	<Line>1+3=4 2-1=1 5+3=8 11-5=6 12-3=9</Line>
	<Line>2-1=1 5+3=8 12-3=9 13+1=14</Line>
	<Line>13+1=14 22-13=9 29+11=40 28+3=31</Line>
	<Line>22-13=9 29+11=40 11-5=6 1+3=4 28+3=31</Line>
</Level>
 
<Level>
<!-- 20 -->
<NewCharacters>Capitals</NewCharacters>
<Line>Tabuaço Marinhais Oliveirinha Avelar Couço Pias Marialva</Line>
<Line>Arcozelo Murtosa Caramulo Treixedo Alvalade Avis Vouzela</Line>
<Line>Beringel Lalim Murça Amares Britiande Mação Minde Bucelas</Line>
<Line>Fontelo Marvão Boticas Penamacor Alijó Barroselas Mora</Line>
<Line>Lourinhã Amareleja Pêra Prados Azambuja Branca Lazarim</Line>
<Line>Arouca Sobralinho Arrifana Campo Malveira Olival Crestuma</Line>
<Line>Alcanhões Queijas Ferragudo Fuseta Moita Sesimbra Pedroso</Line>
<Line>Mozelos Grijó Ançã Almendra Pevidém Sobrado Marmeleira</Line>
<Line>Tábua Pinhão Abragão Góis Torreira Leomil Gaeiras Caria</Line>
<Line>Serzedelo Montalegre Alhadas Avintes Nisa Oeiras Vidago</Line>
<Line>Grândola Mões Turquel Loureiro Óbidos Lousã Oiã Mourão</Line>
<Line>Fânzeres Alpiarça Monforte Arraiolos Eixo Resende Sertã</Line>
<Line>Almodôvar Cadaval Alcobertas Lagoa Caldelas Redondo Angeja</Line>
<Line>Cascais Crato Tentúgal Febres Vialonga Nespereira Alandroal</Line>
<Line>Ponte Verride Riachos Torrão Argozelo Nelas Darque Batalha</Line>
<Line>Freixianda Mira Valadares Parchal Almeida Almancil Carnaxide</Line>
<Line>Pataias Trevões Tramagal Alpendurada Azueira Carvalhos Melgaço</Line>
<Line>Arranhó Pedrario Alvite Vidigueira Fermentelos Belmonte Tocha Palmela</Line>
<Line>Chamusca Vagos Ferro Avanca Odeceixe Algoz Canelas Lousada Golegã</Line>
<Line>Maceira Borba Cedovim Fão Pampilhosa Maceda Alcanena Vimioso</Line>
<Line>Cambres Caranguejeira Forjães Teixoso Souselas Favaios Carapinheira</Line>
<Line>Alcochete Alcains Louriçal Baião Caminha Abraveses Campelos Cela</Line>
<Line>Azeitão Porches Sátão Silvares Mogadouro Valença Salir Sousel Ansião</Line>
<Line>Rossas Alfarelos Válega Pontinha Sobreda Soalheira Oleiros Ourique</Line>
<Line>Monção Serzedo Fajões Sardoal Zebreira Ramada Soure Argoncilhe</Line>
<Line>Camarate Cumieira Benavente Benedita Sabrosa Escoural Alhandra</Line>
<Line>Cinfães Aljustrel Mafra Perosinho Avô Sendim Alvaiázere Alvito Cavês</Line>
<Line>Monchique Frazão Sendim Arganil Nazaré Corroios Brito Constância</Line>
<Line>Bombarral Paião Carvoeiro Aljubarrota Penacova Arazede Estômbar</Line>
<Line>Torredeita Sandim Famões Salto Alfeizerão Rebordões Penedono</Line>
<Line>Souselo Algés Capelas Caniçal Salzedas Espinhal Alenquer Izeda</Line>
<Line>Lavradio Juncal Armamar Mourisca Moncarapacho Carregosa Manteigas</Line>
<Line>Arronches Boidobra Ribeirão Barrancos Pontével Sintra Vinhais Bobadela</Line>
<Line>Penela Turcifal Anta Portel Monsanto Ronfe Alcoutim Silgueiros</Line>
<Line>Barrosas Ribamar Sernancelhe Maiorca Moscavide Tortosendo Gavião</Line>
<Line>Fronteira Fontes Mortágua Santar Colares Coruche Joane Carregado</Line>
<Line>Sagres Mértola Odemira Caneças Vilarandelo Aljezur Anha Canedo</Line>
</Level>

 

 
<Level>
<!-- 22 -->
<NewCharacters>algumas frases</NewCharacters>
<Line>Água é uma substância química cujas moléculas são formadas por dois átomos de hidrogênio e um de oxigênio</Line>
<Line>As temperaturas do planeta permitem a ocorrência da água em seus três estados físicos principais.</Line>
<Line>Embora os oceanos cubram a maior parte da superfície terrestre, sua água é inadequada para o consumo humano por conta de sua salinidade.</Line>
<Line>Somente uma pequena fração disponível sobre a superfície dos continentes que contém poucos sais dissolvidos, a água doce, está disponível para consumo direto.</Line>
<Line>A poluição hídrica compromete a qualidade da água, prejudicando a biodiversidade, bem como o abastecimento de água e a produção de alimentos.</Line>
<Line>A posição favorável da Terra na zona habitável do Sistema Solar permite que a água ocorra naturalmente em seus três estados físicos.</Line>
<Line>A água é de fundamental importância para todos os seres vivos na natureza.</Line>
<Line>O sal de cozinha ou sal comum é um mineral formado principalmente por cloreto de sódio (NaCl).</Line>
<Line>O sal era, até o início do século XX, um importante conservante alimentar.</Line>
<Line>Existem enormes quantidades de cloreto de sódio em antigos mares ou lagos salgados que sofreram evaporação.</Line>
<Line>O sal é produzido em diversas formas: sal não refinado (sal grosso, também chamado sal marinho e a flor de sal), sal refinado (sal de cozinha) e sal iodado.</Line>
<Line>Em Portugal, o principal centro de produção de sal-gema está no Algarve (mais propriamente no concelho de Loulé) e em Rio Maior.</Line>
<Line>No Brasil, os principais estados produtores são o Rio Grande do Norte, no chamado Polo Costa Branca, e o Rio de Janeiro, na chamada Região dos Lagos.</Line>
<Line>O urso-pardo (Ursus arctos) é um mamífero carnívoro da família dos ursídeos.</Line>
<Line>O urso-pardo é um animal solitário, sabe conviver pacificamente quando existe abundância de alimento.</Line>
<Line>A Terra é o terceiro planeta mais próximo do Sol, o mais denso e o quinto maior dos oito planetas do Sistema Solar.</Line>
<Line>A sua superfície exterior está dividida em vários segmentos rígidos, chamados placas tectônicas, que migram sobre a superfície terrestre ao longo de milhões de anos.</Line>
<Line>A Terra interage com outros objetos no espaço, em particular com o Sol e a Lua.</Line>
<Line>Os recursos minerais da Terra em conjunto com os produtos da biosfera, fornecem recursos que são utilizados para suportar uma população humana global.</Line>
</Level>
 
 
<Level>
<!-- 22 -->
<NewCharacters>algumas frases mais complicadas</NewCharacters>
<Line>A população mundial continua a crescer desde o fim da grande fome de 1315-1317 e da Peste negra em 1350, quando chegou a 370 milhões.</Line>
<Line>Uma alta no crescimento populacional (de 1,8%) foi reportado entre 1955 e 1975, chegando a 2,06% entre 1965 e 1970.</Line>
<Line>Foi estimado que a população global chegou a 1 bilhão pela primeira vez em 1804.</Line>
<Line>Demorou cerca de 123 anos, em 1927, para chegar a 2 bilhões, mas foram necessários somente 33 anos para chegar a 3 bilhões em 1960.</Line>
<Line>Em 1974, a população humana chegou a 4 bilhões, depois 5 bilhões em 1987, 6 bilhões em 1999 e 7 bilhões em 2011/2012.</Line>
<Line>A América do Norte tem uma população de 358 milhões (5%), a América Latina perto de 639 milhões (9%) e a Oceania em torno de 35 milhões (0,5%).</Line>
<Line>A ONU estima que no ano 2000 a população mundial crescia então a um ritmo de 1,2 % (77 milhões de pessoas) por ano.</Line>
<Line>Das pontes em arco há vestígios desde cerca de 4000 a.C. na Mesopotâmia e no Egipto,[4] e, mais tarde, na Pérsia e na Grécia(cerca de 500 a.C.).</Line>
<Line>A dorsal de Lomonossov é uma grande dorsal oceânica do oceano Ártico. Estende-se por cerca de 1800 km das ilhas da Nova Sibéria até à ilha Ellesmere.</Line>
<Line>A largura da dorsal de Lomonossov varia entre 60 e 200 km. Eleva-se entre 3300 e 3700 m acima do fundo oceânico.</Line>
<Line> Os magmas acumulam-se em geral dentro de câmaras magmáticas situadas entre os 15 e os 150 km de profundidade, com temperaturas que variam entre 650 e 1 200 ºC, mas podendo atingir 1 560 °C.</Line>
<Line>A temperatura mais baixa da Terra (-93,2 °C) foi registrada na Antártida, sendo a temperatura média na costa, durante o verão, de -10 °C; no interior do continente, é de -40 °C.</Line>
<Line>A África separou-se da Antártida por volta de há 160 milhões de anos, seguida pelo subcontinente indiano no início do Cretáceo (aproximadamente há 125 milhões de anos).</Line>
<Line>Poluição luminosa é o tipo de poluição ocasionada pela luz excessiva ou obstrutiva criada por humanos.</Line>
<Line>A perturbação dos padrões naturais de luz e escuridão influência vários aspectos do comportamento animal.</Line>
</Level>


</Levels>
</RasytiLecture>
