<RasytiLecture>
 <Title>română</Title>
 <Comment>created by Manfred Schulenburg</Comment>
 <Levels>
 <Level>
 <!-- 1 -->
 <NewCharacters>dk</NewCharacters>
 <Line>kk ddd dk dkdd dkk kddk kk dkdd dkk kk ddd kdd kdd kdk dkd ddd</Line>
 <Line>k kddk ddd kddk dkd kddk k d kdd dkk d kdd dk ddd kddk k k kdk</Line>
 <Line>kddk dkk ddd kk dk kddk kddk k kdd kdd dk kdk d dd k d kdd dd ddd</Line>
 <Line>k ddd k kddk d d ddd k d ddd dd kk kdk kdd k k kk ddd dd kdk k</Line>
 <Line>kk k kddk kdd kdd k d kdk k dd dd dkk dd dkd k dk ddd kdd d ddd</Line>
 <Line>dkd kddk k k kdk dd kdk k d kdk kdd k dk d dk d kdd kddk dd dkk k</Line>
 <Line>dkd dkk d k d k dkd k ddd d kdk k kddk d dkk dd d k dk d kk dd kdd</Line>
 <Line>kdk dkd dkd d kdk kddk dd kk kdd k dkk dkk k kdk dd dd k dkd d kdd</Line>
 <Line>ddd dkk dd kdd dkd k kdd kddk dd dd dk dkk kk k dk dd kk kddk d</Line>
 <Line>dkk kdk k k dkd kddk k dd d kdd d kdd dk k k d kk dd d kdk dkd dd</Line>
 <Line>dd dk d k d kk d kddk dkk k kdd dkk d dk kdk d kddk kdd d dd dk</Line>
 <Line>kdd dkd dkd kddk k k ddd dd kdd kddk d kddk dk kddk dk k kdd d d</Line>
 <Line>ddd dd dk d kk kdk dd ddd kk dk d dkd k kk kk d dk ddd dkk dkk k</Line>
 <Line>dk d dkd kdd dkd kddk kdd kddk kddk dd ddd kk dkd d dd k dd dkd</Line>
 <Line>dkk k k d d d k k dd ddd k kdd d kddk kdd k kddk kdk kk k dk kddk</Line>
 <Line>kdd kdd d k dk k kddk kk dk kk dkk dk d kdk k kddk kdd d dkk dd</Line>
 <Line>k dk k kddk dk ddd k kddk kddk d d k dkd k ddd d k kddk k d dd</Line>
 <Line>dd kdd kddk k k dkk dd dkk k d dkk k kk kddk dk kdd kdd dk d dkk</Line>
 <Line>kdk dd dd dd dkd dk d dkd d kddk dkk kk kdd k d k d k k dd k kdd</Line>
 <Line>dk ddd kddk d k k dd dd ddd kk d kdk k kdd dkd dkd kdk dd ddd d</Line>
 <Line>kdd dd dkd ddd dd dd k d d dkk ddd ddd k dd dkk k k k k kdk kddk</Line>
 <Line>dkk d ddd kddk kk kddk d d kdk kdd dd d kddk k ddd dkd dd kddk kdk</Line>
 <Line>kdd ddd d d ddd dk k k d kdd kddk dkd kdd k kk d d dd dk dd dkd</Line>
 <Line>dkk kdd dk dd dk dk dd dd k kddk dk d k kddk kk ddd dk kdk dd kddk</Line>
 <Line>k dkk k d kk kdd d kdd dd kdd dd dk d kddk d dkd kk dk dk kdd</Line>
 <Line>kk d kk k dd kk dkd dd d dkd dd k dd dd dk dk dd ddd dkd d dkd</Line>
 <Line>ddd dkd dk ddd d d dk dkd kdd k dkd kdd kk dkk kdd k d ddd dk k</Line>
 <Line>dkk kdk dk k dd d k d k dkk kk dk dkd ddd dk kk kk dkk k kdd dkd</Line>
 <Line>d dkd dd ddd dk k kddk d kk ddd dkd dkk dkk k kddk kdd kddk k</Line>
 <Line>dkd dd k kk dkk kddk dkk k ddd dkd dd d dkd kk kdd kk d k dd kddk</Line>
 </Level>
 
 <Level>
 <!-- 2 -->
 <NewCharacters>dkjl</NewCharacters>
 <Line>jjl ljklj l lljl jk jl k ld kljk lj klk k jklkl ldlkkl klk lkl ld jk k</Line>
 <Line>lklj ljl kldlkk klk llj l ldlkkl lj klk ljklj klk k ldlkkl ljl llj lkl llj</Line>
 <Line>lkl klk k ldlkkl k jk klkjj jl k jklkl klk klk jl k l lkl jl k ld l lljd</Line>
 <Line>l klk k k llj llj ld klk klk lj jl ld jjl l lkl ldlkl klk ljklj l klk</Line>
 <Line>ljl k klk l ld klk llj llj klk lkl ldlkl l k jk jklkl jl jjlkl l klk</Line>
 <Line>lkl klk ljl jl lkjl ldlkjl jlkjk ld ljl lj lkjl jlk llj ldlkjl jlk jlk ljjlj</Line>
 <Line>jlk jlk l jjl k k ldlkjl l l lkl ld l jjl jlk lj jlk k jk dlkdl lj lj</Line>
 <Line>ljl k jjl ljl jlk k jljk k dl ljlj klk jl ljl jlk ljlj lj k ljldl jl ljl</Line>
 <Line>klk lkl dl k lj jlk jjl jljk lj l jljk jlk k ljlj lj dl lkl l k dl klk</Line>
 <Line>jljk jlk ldlkjl dl ldlkjl dl l lj jl k jjl k lkjl ljl lkjl k lkl l jl l</Line>
 <Line>jljk ldlkjl ljldl k l ljjlj ljl klk jlkjk l ljlj jk jlk jl jjlkl jl klk ljldl</Line>
 <Line>dl lkjl ljldl jk jk jl lj lkjl k jl jjlkl ljjlj jlkjk k lkjl ljjlj ljlj</Line>
 <Line>lj jl jl dl dl jl dl l lkl ljldl lj jldlkk ljldl dl jlk jjl jlk k k</Line>
 <Line>l ljlj ljjlj k jlk jlk lkl ldlkjl ljldl ljldl k jlkjk lkjl jk lkl ljjlj jjlkl</Line>
 <Line>jl dl jk lj lkjl lkl dl k l k ljjlj ljjlj dl ljldl ljl ljldl klk ljldl</Line>
 <Line>lj jk ljldl jlk lj l ljjlj l jlk l llj jlkjj jlk jlk jl jldlkj ljl jlk ljjlj</Line>
 <Line>jl jjlkl ldlkjl jlkjj ldlkjl klk dl ljlj k jlk ljlj jlk jk lj jl k k klk</Line>
 <Line>k ljlj dl k jjlkl l jlk jk l jlk k ljldl jlk ljl jjl jlk lkl dl ljldl</Line>
 <Line>jlk jlk klk ljjlj ljlj lj jlk dl ljldl dl lkl jlkjj k lkjl ldlkjl k jjlkl</Line>
 <Line>l ljlj k jlk ljjlj llj jlk ljl dl l llj k lj l ljjlj jlk lj lkl ljl</Line>
 <Line>klk jlk jlk llj lk ljlj k lkl ldlkl lldl k lk lk jlkl jk lldl lj llj</Line>
 <Line>lk lkl lk lldad jl llj l ldlkl jl jjl lj ljk lj lk lk llj lldad ljlj</Line>
 <Line>ldlkl lj jl jlkl lldad l ljl lkl ljlj lk llj lk ljlj jk lk llj l lkl</Line>
 <Line>l l jl l jlkl dad jl k lldad lj lkl lk lk k lkl ljl lk jjl jjl</Line>
 <Line>k dad dad jl lk lk lk jlkl lj l lk lk l lkjj lkjl jjl lkl ljlj lkjlk</Line>
 <Line>ljl k lk k jl dad lkl ljl k klk l ljl k jjl k jl llj llj lkl jjl</Line>
 <Line>lk lj l jl ljlj jk lk ljk l k jl lkl l lkl ldlkk jlkl jjl jjl</Line>
 <Line>lk jl lk jk llj l lkljk k jjl jk ljk dad l jl ljlj jl llj jk ldlkl</Line>
 <Line>ldlkk lk lk lldad lk llj jl dad jk llj ljk lj jlkl lk lj jl lj jl k</Line>
 <Line>lldad l lkl ada lk lk jk llada lk lkl ljk jk k jk ljl ljlj lk ada jl</Line>
 </Level>
 
 <Level>
 <!-- 3 -->
 <NewCharacters>dkjlsș</NewCharacters>
 <Line>ljș sș l ljșkl l sljslj s lksljsf kl lsdk ls ls lșs lkj slk ks jl jjșs</Line>
 <Line>l slj jl lkj lsdkf s lsdk lsdk lsdk lsddlk jjlsdk ljșk lj s lșs ljsdk lj</Line>
 <Line>kl lj lj lkj ljsdk lsdk ljsdk js lșs kl jl jl lsdkș ljsdk s lsljs js kl</Line>
 <Line>lsdk ll lsșs ljdks sljsf lsșs ldks jl kl lsljslj kl ldksf kl lsșsljs ls js</Line>
 <Line>s ldks kșk js kl js ls ljdks jl jjldks ldks jjldks ldksf s ldks ldksk slj</Line>
 <Line>slj lj ljdks lkj s ldksf ldkd skșk lșsljs lj ldkds ldkdsk kl lks lj sf lks ldkdsk</Line>
 <Line>slj kl sf ldkșșk lj ldkds lj slj ldkdsljs sljs ldkds ks ksljs</Line>
 <Line>ldkds lșsljs sf lks lj ldkdsf lksljs ldkdsljs jjșs ldkds slk kl ldkds ldkdsf</Line>
 <Line>s ldkds ldkdskșk s jl ldkds lșldkdsk ldkdsk js lșsljs sljslj lks ljdkds jl</Line>
 <Line>ks lșs ldkdskșk lș kl ks kl js kl ldkdsk kl lș slk ldkd skșk lkj slj lks</Line>
 <Line>ldkds lksljs ldkdsf ldkd kșk lsljs ldkdsk slk ldkdss lkj lkj s jjldkds</Line>
 <Line>lj s kl slk jjșs lș ldkds lșsljsf slj ldkd skșk jl lj kl lj jl s lș ldkds</Line>
 <Line>lkj lkj lș lkj kl lj lj ldkds lj lks ldkd skșk kl s ldkdsk lj lj ks kl</Line>
 <Line>ldkdsf jsljslk ljd kds ldkdss ldk dsk ldkds ld kd skșk jjșs lkj slk jl</Line>
 <Line>l lj jjșs lsș ldkdsk ldkds kl slj ldkdsf kl ldkdskșk slk jjldkdsljsf ldkds kșk</Line>
 <Line>ljdkds ldkdsljs lsș ldk dskșk ldkds kl jl kl lj lsș kl lșs kl sf llșs ldkdskșk kl</Line>
 <Line>sf lj ks lkj lj jjldkds ldsk lșs jjlds ldskșk ldskșk ldsk sljsf slj lds</Line>
 <Line>js ldsf ljds ldsf lks ks lds jjldsljslj ljds ldskșk s jsljjldsljs s ks lds</Line>
 <Line>lds lkj ldss ldsk lșs lj ldsk lsșs jl sf ljds kl sljs lds lsdf s lks ls</Line>
 <Line>lșs lsdsljlj lsdkșk jllslk sf lks lkslj lsdk jl lksllsd kșklkslj</Line>
 <Line>ks lks ks ljsd lsds lsșs lsdk kl s ks lksljlk lj slj lsds lj s js jjsșs</Line>
 <Line>kl lkslj lj slj s lsdf lsljf lșs lsd sljf lsds lsșs jjlsdl slk lsdk</Line>
 <Line>s kl lsd lsd kl lsd lj jjsșs lșs lsdf lsd jjsșs kl lsd jjlsd jjșsș sf lsd</Line>
 <Line>jjlsd ks lsd jsl slj jjlsd lj sf lkj kl s jjlsd kslj lsds lșsș lj slk</Line>
 <Line>lsdl slj lj lșsș js lkj ljsd ks lkj ks lsdk jjșsș lsd lsdl kl js lj</Line>
 <Line>s lslj sljf lsds jl ljsdl lkj lșs jl lșsș lj slk lsdf jjlsdl ks lj</Line>
 <Line>ljsd lkj jslj js lsd slk lsd skșk jl ksl lsdss lsds lkj lsds jjșsș lsds jjșsș s</Line>
 <Line>lșsș s kl lsdsk lsdss lj s lsdsf kl sf slj kl sf lkj lșsljlk lșsș ls ls</Line>
 <Line>lj sf kl lsdș kl lsdș jjșsș lsdșs kl ljsdș jjlsdș lj js jl sf kl kl jl jl</Line>
 <Line>lsdșf lsdș lsdșs lsdșslj lsdș slk lksljlj lkj ljsdș kl kslj lj kl lsdșk lsdș l</Line>
 </Level>
 
 <Level>
 <!-- 4 -->
 <NewCharacters>dkjlsșaf</NewCharacters>
 <Line>dll dșafs sldks fldkș fafs faf fldk safs fldsk jdkafș fldk</Line>
 <Line>sdșsș afl safșd jdkafs af lafs fldks șafld ld dskș fldk ldks</Line>
 <Line>dsk af jdkfa fds ldș sfa sdșs șkds kd ffa ffa faj fdș k lfa</Line>
 <Line>jdkș ldșs lfa sfal faș jdkfa fa fas sdk fads sfal lds fldk</Line>
 <Line>faffafd falș sș jdkș fafa ldkș ldsș lfa ldkd ffas fadks fas</Line>
 <Line>fas fldșk falș sșf sfals jdks jdkfas dsfa dsk fas dj fal fals</Line>
 <Line>dkd sfal dlld sdlsds dlls sd dls sdldls ffas dsk fals dsks</Line>
 <Line>sds jdkfa ldks ldșs lfa dk lfa sldk ffal faffafds sldks</Line>
 <Line>ffa fa lfa fa fald fa sfa sfafas skd sfafa fldk skdsd jdks</Line>
 <Line>dsfa fas fa fldk dkd fadd lfa fadks k jdkfa ffal fds sfas</Line>
 <Line>fal fald faffafds faf ffals fldk ldk fldk fldks dsks fldk ldșs</Line>
 <Line>fldk ldșs ld dkd fldsks fad skds sfa dksd sfa ld skds sfal</Line>
 <Line>sds lfas dsfas fal sfa fal lfas kfa sfasd sldk dsfas lfas</Line>
 <Line>fal faffafd sdk faffafds ffals dsk fds fals dsks ldșs jdk</Line>
 <Line>dsks fals afdk afls afdks afs dsks s k jdkaf lds fldk dsafs</Line>
 <Line>d fafl af k kaf affaffd afd fldks sdks afdsd laf safsds</Line>
 <Line>sd skds lafs jdkdșs af affaffds ldks skd afdk fldks ds skd</Line>
 <Line>afs jdkdsș afd fldk fafls afs faf safs ld afs dsk aflds safls</Line>
 <Line>afs skds safsds fafl dkd safsd fldk afls fldks lds safafs s safsds</Line>
 <Line>dks fldk sdks sdsș lds af fldks jdks dj dkd afdk fldks</Line>
 <Line>fldk dsk laf fldks afs kaf af jdkdsș afs dsks afd aflds jdks</Line>
 <Line>affaffd sd fldk safsd dks sds laf kl fd dsks af safl</Line>
 <Line>aflds fafl ldks afl fafls safafs afld skds afls afls jdkafs</Line>
 <Line>dsks safls lds laf lds dsk afdks kaf jdk fldk sdldls fldks</Line>
 <Line>fds sdks sdlsd jdkdsșd dlfdlfd ldl dlls dlj ldls ldks fdls</Line>
 <Line>fdll fldks sdadl ldls dll dlldsl dlld k ldl skd ldks dsks</Line>
 <Line>ldk jdkdad fd dads ldl jdkdsș dadk lds sldk dl kd dsdls</Line>
 <Line>sdll dll k fldk dls sldk dl ldl ldl fdl dsk dll dadks sdls</Line>
 <Line>ldks ldsș fdlls ldlsd lds dkd ldk skds dlf dl jdk sldks</Line>
 <Line>sdadls dlls ldls sdadl fldks s dll s ld fdl sd ldls fldk ds</Line>
 </Level>
 
 <Level>
 <!-- 5 -->
 <NewCharacters>dkjlsșie</NewCharacters>
 <Line>kdiekdll iei fldiks ldsie skdișie dils iedlk kidkș iedlk kdisei didl</Line>
 <Line>kdișieei fdi dsșei seideișie dei ideil seidll seidll dlei dils sidkșs seiedil dsși</Line>
 <Line>dieies dleie eiedls kdiidid idlks idil diidkș kidkșs sidlks idkș idki lil</Line>
 <Line>deedi skdi skdildls fdes des edl edlk sedlks skdes dik des ldfe</Line>
 <Line>i fdedls fde idsdl dfe kdies didl fldi kidkies sidlks idedl sidlks de</Line>
 <Line>skdes es dil sedik dke ke fldișie kdidl fldi fldișie sede fdes kdfedi</Line>
 <Line>sdik kdie edls edlks fdes dke edkes ediks dsși slde dișiedkies fldeldils</Line>
 <Line>deedkies ki dșsi sdilf dli dles dies ke fldes e deedișie kidfkei kde dfes</Line>
 <Line>lde dșsi sidkei fldeldils dișie kdes sedils didl didl dies deedi kdikdișie</Line>
 <Line>edlk fle edsks kdikdișie lel skdildl kdidls sedlks ede dsldie edl fldeldils</Line>
 <Line>edișie fldik kdse fldeldil ediks idel sidkeis i sdils edlks idedl diidl</Line>
 <Line>deedkeis sldies didl kdișiee dies dke sediks edsks sldies fldiks flde</Line>
 <Line>dke e kldik fdedl sedlk de sdil sdildls fdse edls edke fdedls</Line>
 <Line>ldik deedkeis deei kdfedi fldeldils kei ki edișie edkei fdke fldik dies</Line>
 <Line>kdes sdildl sedll ldil kidkei fldiks de deedi fdes edlks kdekdll</Line>
 <Line>fdes dsldie lde ke sldes se skdildl edik sldies fdedl fde sedll sdik</Line>
 <Line>ldes kdieded dkeie edsks jke fdse il skdildl fdes sede des fdedl</Line>
 <Line>di skde dles di skdes die fdedls fdse e dișiedkeis di fdi edkeis kdse</Line>
 <Line>kldișie dles kdses fldi fdedl kdișie idsdls kdfedi deei fdișie ldes kei</Line>
 <Line>lde sediks dișiedkei kdi dișiedkeis sldes kdidls lel idedl didl skdișie</Line>
 <Line>sedll fldeldil kidkseis dfe kdidl die fldes die ldfe sdles edes sidksei</Line>
 <Line>fdes deei edksei skdildls kidksei edkes sedils dșse kdes di idel ldilfdlls</Line>
 <Line>fdke dils des e des il edi sedil kdfedi edkes kdi idedl dke des</Line>
 <Line>skdi ldfe dik sldies sede sdik sediks edll ldils fle sedils de</Line>
 <Line>ldik e fldeldils sdildl sedflș fdes ke fde fldik sdildl kei sedflș</Line>
 <Line>dils sdle skde skdies de e kdie ke di fldiks skdildls fldeldils</Line>
 <Line>edls sedil ede kldiks de dils dișiedkseis dles es sidkseis dșsi ediks</Line>
 <Line>fldeldils sedksei ldils skdildls skdes kdikdi die jke delds fldiks edke</Line>
 <Line>fldeldil kdses skdildls i skdișie edsk kdișiee sel diidl kldișie dfe kdes</Line>
 <Line>edkes flde dies fdses edik di sel e dils kdes fle deedksei dke kdikdișie</Line>
 </Level>
 
 <Level>
 <!-- 6 -->
 <NewCharacters>literă nouă: no</NewCharacters>
	<Line>dans finisaj inel ikdinos sjlde skdnșoe foaie inel kdino skdnșoe sjlde foaie inel kdino linie</Line>
	<Line>sens inel ikdinos skdin sjlde sdikno skdnșoe skdnșoe sjlde linie sens inel kdino skdin noie</Line>
	<Line>foaie inel ikdinos linie dans finisaj sdikno inel kdino sjlde skdnșoe sens inel ikdinos skdin noie</Line>
	<Line>dans finisaj inel ikdinos sdikno sjlde foaie inel kdino skdnșoe linie sens inel kdino skdin noie</Line>
	<Line>dans finisaj inel sjlde skdnșoe sdikno foaie inel ikdinos linie sens inel kdino skdin noie</Line>
 </Level>
 
 <Level>
 <!-- 7 -->
 <NewCharacters>literă nouă: rm</NewCharacters>
	<Line>ședere aranja mesaj radio aer familie animal aranja arde are dar doar aer</Line>
	<Line>faimos familie aranja femei femeie forma fier sora floare forma forma mesaj</Line>
	<Line>lemn lire forma lor mesaj mare model maro aranja masa masina melodie</Line>
	<Line>mie milioane miros miss moale model nor mesaj forma nord aranja familie</Line>
	<Line>masa model oameni familie oraș sare mesaj semn similare sir aranja soare somn</Line>

 </Level>
 
 <Level>
 <!-- 8 -->
 <NewCharacters>literă nouă: vt</NewCharacters>
	<Line>alimente alte avion deșert determina devreme divide dovedi element elev este</Line>
	<Line>etaj eveniment fata feroviar foarte fost fratele indiferent instantane interes</Line>
	<Line>intra inventa istorie lateral lent lift liniștit lista lovit materiale metoda</Line>
	<Line>minte moarte mort motiv motor nevoie nivel oferta salt salva servi sistem soldat</Line>
	<Line>stand stat stele strat tare tata tatal teren termen terminat testare tineri toate</Line>
	<Line>trei tren trimis trimite vale valoare varia vedere verde vest vinde vrea</Line>

 </Level>
 
 <Level>
 <!-- 9 -->
 <NewCharacters>literă nouă: pu</NewCharacters>
	<Line>word șapte aduna adus ajuta anvelope apel apoi aproape aștepta atomul aur auto</Line>
	<Line>depinde despre destul dimensiune dolarul dreapta drept dumneavoas fapt fiu</Line>
	<Line>furie industrie instrument lapte lui lume lumina luminos luna lupta maestru</Line>
	<Line>meu minut mult multe munte muri must natura natural nisip noapte nostru nou</Line>
	<Line>numai nume numeral opera opri opt opus pantof par parte partid pas pat patru</Line>
	<Line>pentru perete perioada permite peste pește piele pierdut pistol plat ploaie</Line>
	<Line>plural poate popula portul potrivi poveste prea prieten primi primul prin prins</Line>
	<Line>print printre produs proprietat propriu proteja pui pune putea putere rapid</Line>
	<Line>raspunde repeta rotund roșu rulou rupt rutier sau simplu speriat spre spune</Line>
	<Line>studiu sud sunet sunt suport temperatur timp tipul top ulei uman</Line>
	<Line>umple una unde unele unitate uriaș urma ușura vopsea</Line>

 </Level>
 
 <Level>
 <!-- 10 -->
 <NewCharacters>literă nouă: yg</NewCharacters>
	<Line>ajunge alege argint deget draga dragoste egal energie fig figura gama gata</Line>
	<Line>grad greșit grele greu greutate gri gros grup gura guverna imagina imagine</Line>
	<Line>larg lege log lung lungime magnet margine merge naviga negru organ pagina</Line>
	<Line>rege regiune segment sigur singur trage vigoare</Line>

 </Level>
 
 <Level>
 <!-- 11 -->
 <NewCharacters>literă nouă: zh</NewCharacters>
	<Line>aprovizion auzi dezvolta divizare favoriza furniza gaz ghid harta home magazin</Line>
	<Line>poezie prezent rezolva rezultat sezon triunghi utilizare vezi viteza vizita zgomot zona</Line>
 </Level>
 
 <Level>
 <!-- 12 -->
 <NewCharacters>literă nouă: bc</NewCharacters>
 <Line>abur același acest aceste acestea acolo acord act acum aduce afacere aici alb</Line>
	<Line>albastru altceva alunecare amesteca arc arunca asculta band bani bar bate bine</Line>
	<Line>birou bit bloc bogat bord brusc bucurie bucuros bumbac bun cal cald cale calificare</Line>
	<Line>camion cap capabil capac caracter care carne carte Cautare cauza caz ceas centru cer</Line>
	<Line>cerc cere cheie chiar cinci citeste ciudat clar clopot coasta coeficient colecta</Line>
	<Line>coloana colonie compania compara complet comun conecta construi conta continentu</Line>
	<Line>continua copac copie copii copil corect corp costul costum crea cred crește cruce</Line>
	<Line>culoare cum cunoaște curat curent curs curte cut cutelor cutie deschis descrie dificil</Line>
	<Line>directe discurs discuta doresc dublu echipa echivala efect efectueze electric face fericit</Line>
	<Line>fiecare fierbinte foc freca fructe galben ghici inamic inci includ indica joc juca lac liber</Line>
	<Line>lichid liliac loc localiza locul lucru meci medicul mic mișcare minuscul multiplica</Line>
	<Line>multumesc muzica necesar necesita nici nimic obiect observa oceanului ochi ocupat orice</Line>
	<Line>pereche pericol petrece picioare picior Pitch plecat plimbare plumb porumb posibil practica</Line>
	<Line>principal probabil probleme proces produc proiectare punct punctul puternic rece revendicar</Line>
	<Line>ridica rochie scaun schimbare sclav scor scrie scris scrisoare scurt secol simbol singuratic</Line>
	<Line>special spectacol sub subiect substantiv succesul suficient trebuie trece trecut tub ucide</Line>
	<Line>urcare ureche uscat vechi vecin verbul verifica victorie voce vorbi zbura zece zecimal</Line>
 </Level>
 

 <Level>
 <!-- 13 -->
 <NewCharacters>literă nouă: ă</NewCharacters>
	<Line>șansă școală adăuga adevărat afară amiază</Line>
	<Line>apărea apăsare aripă artă băiat bancă barcă băutură bilă bucată bucătar cădea</Line>
	<Line>călătorie căldură cameră capăt căpitan captură casă căzut celulă clasă clipă coadă coajă</Line>
	<Line>coardă consoană corespunză cravată cultură cumpăra cumpărat dacă dată decidă diagramă diferă</Line>
	<Line>doamnă două douăzeci după exactă fată ferăstrău fereastră fermă finală</Line>
	<Line>formă frază frică găsi găsite gaură generală grabă grădină grăsime iarbă iarnă inimă insectă</Line>
	<Line>insulă jumătate lăsa limbă lovitură lună mașină majoră mamă mână măr marcă masă măsura milă minciună</Line>
	<Line>modernă moleculă montură muncă navă niciodată notă nouă număr odihnă oră originală pădure pălărie</Line>
	<Line>pământ păr părinte pasăre păstra păstrate pătrat pauză persoană piatră picătură pisică planetă</Line>
	<Line>plantă plăti poartă pregăti presă proaspăt problemă rădăcină ramură rasă răspândire răspuns rău</Line>
	<Line>război reală regulă reprezintă roată rocă sălbatic săptămână sărac sârmă scădea scară scăzut seară</Line>
	<Line>separată silabă spălare sticlă stradă strălucire strigăt sugerează surpriză</Line>
	<Line>sută tabără tăcut totală trăi umăr următor uzură vacă vânătoare vară vârstă vocală vreodată</Line>
	<Line>zahăr zăpadă îmbrăca împreună încă încărca îndepărtat </Line>
 </Level>
 
  <Level>
 <!-- 14 -->
 <NewCharacters>literă nouă: ț</NewCharacters>
<Line>țară oțel suprafață atingeți stație viață puțini încercați gheață simțit puțin comerț ținută dimineață</Line>
<Line>simți mulțime frumusețe față distracție ascuțit conțin țineți braț fracțiune acțiune soție națiune</Line>
<Line>bărbați experiență rață învăța semințe substanță țărm speranță poziție propoziție selectați piață</Line>
<Line>exercițiu colț știință soluție secțiune dinți condiție subțire învăța spațiu obține</Line>

 </Level>
 
 
 <Level>
 <!-- 15 -->
 <NewCharacters>literă nouă: â</NewCharacters>
	<Line>adânc atât blând câine câmp când cânta cântec curând cuvânt decât</Line>
	<Line>frânghie gând gât hârtie mână mânca pâine pământ rând râs răspândire</Line>
	<Line>râu sânge săptămână sârmă stânga târziu vânătoare vânt vârstă zâmbet</Line>
 </Level>
 
 <Level>
 <!-- 16 -->
 <NewCharacters>literă nouă: î</NewCharacters>
	<Line>îmbrăca împotriva împreună înainte înalt înapoi încă încărca începe început</Line>
	<Line>încercați îndepărtat îngrijire înot înregistra însemnat întâlni întâmpla</Line>
	<Line>întindere întotdeaun între întreb întrebare întreg întrucât întuneric învăța</Line>
 </Level>
 
 <Level>
 <!-- 17 -->
 <NewCharacters>AJKL</NewCharacters>
	<Line>Abrud Adjud Agnita Aiud Aleșd Alexandria Amara Anina Aninoasa</Line>
	<Line>Arad Ardud Avrig Azuga Jibou Jimbolia Lipova Liteni Livada Luduș Lugoj Lupeni</Line>
 </Level>
 
 <Level>
 <!-- 18 -->
 <NewCharacters>GPUYZ</NewCharacters>
	<Line>Găești Galați Gătaia Geoagiu Gheorgheni Gherla Ghimbav Giurgiu</Line>
	<Line>Pașcani Panciu Pâncota Pantelimon Pătârlagele Pecica Petrila Petroșani</Line>
	<Line>Pitești Ploiești Plopeni Pogoanele Potcoava Predeal Pucioasa Ulmeni</Line>
	<Line>Ungheni Uricani Urlați Urziceni Zalău Zărnești Zimnicea Zlatna</Line>
 </Level>
 
 <Level>
 <!-- 19 -->
 <NewCharacters>HBC</NewCharacters>
	<Line>Babadag Băbeni Bacău Băicoi Băilești Balș Bălan Bălcești Baraolt Bârlad Bechet</Line>
	<Line>Beclean Beiuș Berbești Berești Bicaz Bistrița Blaj Bocșa Borșa Borsec Botoșani</Line>
	<Line>Brad Bragadiru Brăila Brașov Breaza Brezoi Broșteni Bucecea București Budești</Line>
	<Line>Buftea Buhuși Bușteni Buzău Buziaș Cajvana Calafat Călan Călărași Călimănești</Line>
	<Line>Câmpeni Câmpina Câmpulung Caracal Caransebeș Carei Cavnic Căzănești Cernavodă</Line>
	<Line>Chitila Ciacova Cisnădie Codlea Comănești Comarnic Constanța Corabia Costești</Line>
	<Line>Covasna Craiova Cugir Curtici Hațeg Hârlău Hârșova Horezu Huedin Huși Hunedoara</Line>
 </Level>
 
 <Level>
 <!-- 20 -->
 <NewCharacters>IENO</NewCharacters>
	<Line>Eforie Iași Ianca Țicleni Iernut Ineu Isaccea Nădlac Năsăud Năvodari Negrești</Line>
	<Line>Nehoiu Novaci Nucet Odobești Oltenița Onești Oradea Orăștie Oravița Orșova Otopeni Ovidiu</Line>
 </Level>
 
 <Level>
 <!-- 21 -->
 <NewCharacters>RMVT</NewCharacters>
	<Line>Măcin Măgurele Mangalia Mărășești Marghita Medgidia Mediaș Mihăilești</Line>
	<Line>Milișăuți Mioveni Mizil Moinești Moreni Motru Murfatlar Murgeni Răcari</Line>
	<Line>Rădăuți Râșnov Recaș Reghin Reșița Roman Rovinari Roznov Rupea Tălmaciu</Line>
	<Line>Tășnad Târgoviște Târnăveni Techirghiol Tecuci Ștei Teiuș Timișoara</Line>
	<Line>Tismana Titu Toplița Topoloveni Tulcea Turceni Turda Vașcău</Line>
	<Line>Vaslui Victoria Videle Vlăhița Voluntari Vulcan</Line>
 </Level>
 
 <Level>
 <!-- 22 -->
 <NewCharacters>SCDF</NewCharacters>
	<Line>Dăbuleni Darabani Dărmănești Dej Deta Deva Dolhasca Dorohoi Drăgășani Dragomirești</Line>
	<Line>Dumbrăveni Făgăraș Făget Fălticeni Făurei Fetești Fieni Filiași Flămânzi Focșani Frasin</Line>
	<Line>Fundulea Săcele Săcueni Salcea Săliște Salonta Sântana Sărmașu Săveni Scornicești</Line>
	<Line>Sebeș Sebiș Segarcea Seini Sibiu Sighișoara Simeria Sinaia Siret Slănic Slatina</Line>
	<Line>Slobozia Solca Sovata Strehaia Suceava Sulina</Line>
 </Level>
 
 <Level>
 <!-- 23 -->
 <NewCharacters>unele propoziții</NewCharacters>
<Line>Ursul brun este o specie de urși din genul Ursus, răspândită în toată regiunea holarctică.</Line>
<Line>Ursul brun are o blană deasă, mult apreciată, cu două rânduri de peri, spicul și puful.</Line>
<Line>În România, se găsește subspecia Ursus arctos arctos.</Line>
<Line>Cu toate că este retras în Carpați, ursul își găsește în România cel mai prielnic adăpost din Europa.</Line>
<Line>În afara statelor menționate, în Europa se mai găsesc efective în Polonia, Cehia, Balcanii de sud-vest, cât și partea centrală a Italiei.</Line>
<Line>Măcăleandrul este o pasăre insectivoră din familia Muscicapidae.</Line>
<Line>Aproape două treimi din măcălendrii mor înainte să împlinească vârsta de un an, omorâți de răpitori sau pentru că sunt incapabili să se îngrijească.</Line>
<Line>Zece la suta din măcălendrii adulți își pierd viața în timpul apărării teritoriilor.</Line>
<Line>Măcăleandrii trăiesc în relații strânse cu omul, mai ales în Marea Britanie și Europa Centrală.</Line>


 </Level>
 
 
 
 </Levels>
</RasytiLecture>
