<KTouchLecture>
 <Title>Русский</Title>
 <Comment>KTouch training file
Created by Oleksiy Gorelov
Kiev, Ukraine
Mon Nov 14, 2005

mailto: grolm@ukr.net
</Comment>
 <Levels>
  <Level>
   <NewCharacters>ол</NewCharacters>
   <Line>ол ло оо ол ол оо ло лл ло ол ло ол ло ол ол ло ол ло ол лл</Line>
   <Line>ололл лооло олоол ллоло оолол ололл лолоо ололо ллоло оолол</Line>
   <Line>оллол лолоо олоол ллоло оллол ололл лолоо ололо ллоло оолол</Line>
  </Level>
  <Level>
   <NewCharacters>ва</NewCharacters>
   <Line>аавав вавав аваав вавва аавав ввава ваваа авава вавав аавав</Line>
   <Line>аловл алвло алаво влаво овала ловла валао лалво аолов ловла</Line>
   <Line>вал лав вол лов лава вова овал лола олово вава алла оловал</Line>
  </Level>
  <Level>
   <NewCharacters>дж</NewCharacters>
   <Line>жжджд ддждж джждж жджжд джддж жжджд ддждж джджж ждджд джджд</Line>
   <Line>дол дал жал лож вода лада жало ложа вожжа жажда ждала вдова</Line>
   <Line>вал жаждала ложа дал лажа жадал влада джола жолод джовалода</Line>
  </Level>
  <Level>
   <NewCharacters>фы</NewCharacters>
   <Line>фыфыф ффыфы ыффыф ффыфы ыфыфф ыфыфы ффыфы ыффыф фыфыф ыффыф</Line>
   <Line>вол жал выл фол дол ложа лыжа фолы воды долы волы жала лады</Line>
   <Line>фалды дылда вылов доводы овал дважды выждал овод выводы выжал</Line>
   <Line>олово выдал выждала выдавала фалда лафа выждал дважды вывод</Line>
  </Level>
  <Level>
   <NewCharacters>пр</NewCharacters>
   <Line>прпрп прпрр рпрпп пррпр рпррп прпрр ррпрп прпрп рппрр ппрпр</Line>
   <Line>раж ров пол вор жар поп фары папа роды воды лорд рыло дыра</Line>
   <Line>пола лапа поры плавал плов повал фролов парад пора пожар плоды</Line>
   <Line>пора воровал провода форвард фолы поповы поплыл водопровод</Line>
  </Level>
  <Level>
   <NewCharacters>ке</NewCharacters>
   <Line>кееке кекек ккеке кееке екеек кекее екекк кекек еекек ккеке</Line>
   <Line>кол лак как рак пел око лево креп орел река перо дека паркер</Line>
   <Line>кедр веко ведро дырка докер древко веревка каре прокол дырка</Line>
   <Line>кора кредо кедр корова окова варево дело кепка полевка плевок</Line>
  </Level>
  <Level>
   <NewCharacters>нг</NewCharacters>
   <Line>нгнгг гннгн нгнгн ггнгн нггнг гнггн нгннг ггнгн нггнг нгнгн</Line>
   <Line>гол нож гав лаг ген вон не лен рог пена гонг граф рога вена</Line>
   <Line>грек горе нерв сено нога нега гора нарды вагон полог капрон</Line>
   <Line>вогнал гагара жонглер гангрена гонка геккон фенол огород нежно</Line>
  </Level>
  <Level>
   <NewCharacters>ми</NewCharacters>
   <Line>мимми иммим ммими мимим миимм миими имиим мимим иимим ммими</Line>
   <Line>дом вид мир мол вол гам маг жим лом миф вилы гром межа мода</Line>
   <Line>мимо вина мина вложим мини камин фирма логика дрожим марка</Line>
   <Line>имидж мерка лимон манеж фиакр домино многими филигранно</Line>
  </Level>
  <Level>
   <NewCharacters>ть</NewCharacters>
   <Line>ььтьт ттьть тьтьь ьтььт тьтть ьтььт тьтть тьтьт ттьть тьтть</Line>
   <Line>лот тик вот ток мот тол топ кот том конь ларь торг март финт</Line>
   <Line>порт топь огонь топь новь винт потоп гладь гнать ждать жакет</Line>
   <Line>фагот вагон темниьт винить желать жетон метро трон плыть колоть</Line>
   <Line>обладать гладить тальк ветер монета желать лорнет платье портье</Line>
   <Line>платок жаркое рыдать романтика математик агитатор натирает</Line>
   <Line>корпеть антрепренер криптограф артикль антиквариат аббревиатура</Line>
  </Level>
  <Level>
   <NewCharacters>шщ</NewCharacters>
   <Line>шщшщш шшщшщ шщшщщ шщщшщ щшщщш шщшшщ щшщщш шщшщш щшшщш шшщшщ</Line>
   <Line>щит шарж вещь шаг шов вещь щепа пиво щека шапка щетка шишка</Line>
   <Line>щелка шпага шило щель лещина шелк щавель мешок кашне шофер</Line>
   <Line>щетина лощина прищепка щука общипать гараж тошнит вышивать</Line>
   <Line>шлепать лишать щиколотка пищать шелушить вешенка шарманка ощипать</Line>
  </Level>
  <Level>
   <NewCharacters>уц</NewCharacters>
   <Line>цуццу ууцуц ццуцу цуцуу цууцу уцууц ццуцу цуцуц ууцуц ццуцу</Line>
   <Line>луг цирк цепь цифра цоколь торец купец цент фунт кущи штука</Line>
   <Line>грунт фартук прицеп циркуль журавль конец терпеть огурец циферка</Line>
   <Line>центнер ловец целофан целовать нацеливать оцепление циркулировать</Line>
  </Level>
  <Level>
   <NewCharacters>бю</NewCharacters>
   <Line>ююбюб ббюбю бюбюю юбюбб бююбю юбююб бюббю бюбюб ююбюб ббюбю</Line>
   <Line>тюк бал люк бок лоб тюк юла юшка плюш бор трюк клюв булка</Line>
   <Line>белка балкон боль брюква буран буфет флюгер барометр тюбик</Line>
   <Line>бушевать люстра крюк блюдо бормотать бриллиант бегаю бюллетень</Line>
  </Level>
  <Level>
   <NewCharacters>чс</NewCharacters>
   <Line>ччсчс чсчсс счсчч чсчсч чсчсс счссч чсччс ссчсч ссчсч ччсчс</Line>
   <Line>сок чан час нос чиж часы ключ туча дочь бусы борец плечо кусты</Line>
   <Line>чибис чабан бочка мачта чурбан шоссе смотр смерть жесть баскетбол</Line>
   <Line>чащоба циркач встать судьба чесать фосфор цитрус сапфир печать</Line>
   <Line>тюрбан галстук солнечно счастье ложечка чеканка колючка офицер фасад</Line>
   <Line>фиксатор косточка высотник слюда бастурма сетчатка частокол честь</Line>
  </Level>
  <Level>
   <NewCharacters>яй</NewCharacters>
   <Line>яйяяй йяйяя яйяйя ййяйя яййяй йяййя яйяяй ййяйя яяйяй яяйяй</Line>
   <Line>яд ряд лей вой йод для фея рой соя йог яйцо крой ялта строй</Line>
   <Line>яйла шляпа ядро ящик ясный ямщик рядом фляга жидкий рябчик</Line>
   <Line>плясун йод ясный рядом горюй разгильдяй веселый ямщик кишащий</Line>
  </Level>
  <Level>
   <NewCharacters>зх</NewCharacters>
   <Line>зхззх ххзхз ззхзх зхзхх хзхзз зххзх хзххз зхзхз ххзхз ззхзх</Line>
   <Line>хор зал зло мех цех хек зов лаз зек хор газ узы вехи смех</Line>
   <Line>зной холм хлам хлеб порох фазан зебра хобот храм охра хозяин</Line>
   <Line>зона зонтик зарево захудалый меха хорист заходи грузно озвереть</Line>
  </Level>
  <Level>
   <NewCharacters>эъ/\</NewCharacters>
   <Line>э\ъэ/ъ ъэъ/э /ъэъэ ъ/эъэ \эъъэ/ ъэ/ъэ эъэ/ъ /ъэъэ э/ъэъ ээъ/ъ</Line>
   <Line>/эра эрос поэт \эхо этаж /эфир/ эпос эликсир воля въезд экран</Line>
   <Line>объект заказ \этнос м/сек хряк химия явь эйфория объявление эндокринный</Line>
   <Line>яр сор хай язь \загар сахар л/мин подъем эбонит эбонитовый объезд</Line>
   <Line>призыв партия якорь \лошадь ясность парашют увалень км/час часовой</Line>
   <Line>неотъемлемый элеватор объезд/неприхотливый/хозяйственный редкий</Line>
   <Line>хороший байт/сек яркий аграрный экскаватор эрмитаж /\\/\э\/\/э</Line>
  </Level>
  <Level>
   <NewCharacters>Повторяющийся текст</NewCharacters>
   <Line>батя батя батя батя батя батя батя батя батя батя батя батя</Line>
   <Line>бита бита бита бита бита бита бита бита бита бита бита бита</Line>
   <Line>буза буза буза буза буза буза буза буза буза буза буза буза</Line>
   <Line>фуга фуга фуга фуга фуга фуга фуга фуга фуга фуга фуга фуга</Line>
   <Line>вилы вилы вилы вилы вилы вилы вилы вилы вилы вилы вилы вилы</Line>
   <Line>вино вино вино вино вино вино вино вино вино вино вино вино</Line>
   <Line>воды воды воды воды воды воды воды воды воды воды воды воды</Line>
   <Line>ноды ноды ноды ноды ноды ноды ноды ноды ноды ноды ноды ноды</Line>
   <Line>шоры шоры шоры шоры шоры шоры шоры шоры шоры шоры шоры шоры</Line>
   <Line>жало жало жало жало жало жало жало жало жало жало жало жало</Line>
   <Line>жато жато жато жато жато жато жато жато жато жато жато жато</Line>
   <Line>заря заря заря заря заря заря заря заря заря заря заря заря</Line>
   <Line>батя бита буза фуга вилы вино воды ноды шоры жало жато заря</Line>
   <Line>батя бита буза фуга вилы вино воды ноды шоры жало жато заря</Line>
   <Line>батя бита буза фуга вилы вино воды ноды шоры жало жато заря</Line>
   <Line>батя бита буза фуга вилы вино воды ноды шоры жало жато заря</Line>
   <Line>батя бита буза фуга вилы вино воды ноды шоры жало жато заря</Line>
  </Level>
  <Level>
   <NewCharacters>Повторяющийся текст</NewCharacters>
   <Line>зола зола зола зола зола зола зола зола зола зола зола зола</Line>
   <Line>зина зина зина зина зина зина зина зина зина зина зина зина</Line>
   <Line>коды коды коды коды коды коды коды коды коды коды коды коды</Line>
   <Line>вино вино вино вино вино вино вино вино вино вино вино вино</Line>
   <Line>соты соты соты соты соты соты соты соты соты соты соты соты</Line>
   <Line>шины шины шины шины шины шины шины шины шины шины шины шины</Line>
   <Line>доля доля доля доля доля доля доля доля доля доля доля доля</Line>
   <Line>воля воля воля воля воля воля воля воля воля воля воля воля</Line>
   <Line>коля коля коля коля коля коля коля коля коля коля коля коля</Line>
   <Line>фома фома фома фома фома фома фома фома фома фома фома фома</Line>
   <Line>луга луга луга луга луга луга луга луга луга луга луга луга</Line>
   <Line>лужа лужа лужа лужа лужа лужа лужа лужа лужа лужа лужа лужа</Line>
   <Line>зола зина коды вино соты шины коля воля коля фома луга лужа</Line>
   <Line>зола зина коды вино соты шины коля воля коля фома луга лужа</Line>
   <Line>зола зина коды вино соты шины коля воля коля фома луга лужа</Line>
   <Line>зола зина коды вино соты шины коля воля коля фома луга лужа</Line>
   <Line>зола зина коды вино соты шины коля воля коля фома луга лужа</Line>
  </Level>
  <Level>
   <NewCharacters>Повторяющийся текст</NewCharacters>
   <Line>дуст дуст дуст дуст дуст дуст дуст дуст дуст дуст дуст дуст</Line>
   <Line>горе горе горе горе горе горе горе горе горе горе горе горе</Line>
   <Line>вето вето вето вето вето вето вето вето вето вето вето вето</Line>
   <Line>риск риск риск риск риск риск риск риск риск риск риск риск</Line>
   <Line>флиц флиц флиц флиц флиц флиц флиц флиц флиц флиц флиц флиц</Line>
   <Line>кожа кожа кожа кожа кожа кожа кожа кожа кожа кожа кожа кожа</Line>
   <Line>плуг плуг плуг плуг плуг плуг плуг плуг плуг плуг плуг плуг</Line>
   <Line>стук стук стук стук стук стук стук стук стук стук стук стук</Line>
   <Line>мука мука мука мука мука мука мука мука мука мука мука мука</Line>
   <Line>чижы чижы чижы чижы чижы чижы чижы чижы чижы чижы чижы чижы</Line>
   <Line>быки быки быки быки быки быки быки быки быки быки быки быки</Line>
   <Line>цеха цеха цеха цеха цеха цеха цеха цеха цеха цеха цеха цеха</Line>
   <Line>дуст горе вето риск флиц кожа плуг стук мука чижы быки цеха</Line>
   <Line>дуст горе вето риск флиц кожа плуг стук мука чижы быки цеха</Line>
   <Line>дуст горе вето риск флиц кожа плуг стук мука чижы быки цеха</Line>
   <Line>дуст горе вето риск флиц кожа плуг стук мука чижы быки цеха</Line>
   <Line>дуст горе вето риск флиц кожа плуг стук мука чижы быки цеха</Line>
  </Level>
  <Level>
   <NewCharacters>Повторяющийся текст</NewCharacters>
   <Line>вода вода вода вода вода вода вода вода вода вода вода вода</Line>
   <Line>горе горе горе горе горе горе горе горе горе горе горе горе</Line>
   <Line>сухо сухо сухо сухо сухо сухо сухо сухо сухо сухо сухо сухо</Line>
   <Line>сало сало сало сало сало сало сало сало сало сало сало сало</Line>
   <Line>стон стон стон стон стон стон стон стон стон стон стон стон</Line>
   <Line>сито сито сито сито сито сито сито сито сито сито сито сито</Line>
   <Line>мячи мячи мячи мячи мячи мячи мячи мячи мячи мячи мячи мячи</Line>
   <Line>пора пора пора пора пора пора пора пора пора пора пора пора</Line>
   <Line>печь печь печь печь печь печь печь печь печь печь печь печь</Line>
   <Line>пища пища пища пища пища пища пища пища пища пища пища пища</Line>
   <Line>раки раки раки раки раки раки раки раки раки раки раки раки</Line>
   <Line>река река река река река река река река река река река река</Line>
   <Line>вода горе сухо сало стон сито мячи пора печь пища раки река</Line>
   <Line>вода горе сухо сало стон сито мячи пора печь пища раки река</Line>
   <Line>вода горе сухо сало стон сито мячи пора печь пища раки река</Line>
   <Line>вода горе сухо сало стон сито мячи пора печь пища раки река</Line>
   <Line>вода горе сухо сало стон сито мячи пора печь пища раки река</Line>
  </Level>
  <Level>
   <NewCharacters>Четвертый ряд клавиатуры</NewCharacters>
   <Line>ё78878 87887 78778 78787 77878 78788 87877 78787 88787 77878</Line>
   <Line>ёбатя7 бита8 буза7 фуга8 вилы7 вино8 воды7 ноды8 шоры7 жало8</Line>
   <Line>ё56656 65665 56556 66565 55656 56565 65655 56565 66565 55656</Line>
   <Line>ёжато5 заря6 зола8 зина7 коды5 вино8 соты5 шины7 коля8 воля6</Line>
   <Line>ё90090 09009 90990 00909 99090 90909 09099 90909 00909 99090</Line>
   <Line>ёколя9 фома0 плуг7 фома0 дуст6 горе4 вето5 риск9 флиц8 кожа0</Line>
   <Line>ё34434 43443 34334 44343 33434 34344 43443 44343 44343 33434</Line>
   <Line>ёплуг3 стук4 мука3 чижы0 быки7 цеха4 вода2 горе4 сухо6 сало4</Line>
   <Line>ё--=-= -=-== =-==- -==-= =-==- -=--= ==-=- -=-=- ==-=- --=-=</Line>
   <Line>ёстон= сито- мячи3 пора- печь4 пища= руки5 река= рога7 роса=</Line>
   <Line>ё12212 21221 12112 22121 12212 12121 21211 12121 22121 11212</Line>
   <Line>ёрота1 роща1 руда=руки2 рыба- сады3 село1 сено6 сила2 сито1</Line>
   <Line>ётемя4 фары3вина3цепи0--= часы7 5чаша5 3 5чудо5 3 4шуба42-10</Line>
   <Line>ё``\`\ `\`\\ \`\`` ``\ \`\\` `\``\ \\`\` `\`\` \\`\` ``\`\</Line>
   <Line>ё8+4=12\ 8+3=11 9-3=12 6+4=10 3-2=5 9-7=16 8-6=14\ 9-8=17 6-2=8</Line>
   <Line>ё43-1=10\ 4-7=11 6=9=15 2-8=10 3-4=7\ 8-5=13 9*3=12 4-6=10 5-4=9</Line>
  </Level>
  <Level>
   <NewCharacters>Верхний регистр клавиатуры</NewCharacters>
   <Line>ВАЗТК ЖТЫНЩ ЦЬСШЗЫ ЕВФМЖД ХОПУЧ УРИСПЩ ЗНУЙТБ ЛКМГЬЫ РПЛРАЫ</Line>
   <Line>ЖНИКЧ НЧУМЕС ЗБШТНИ ЦЫСНГШ ЛТИПЕМ ВКЕИТШ ЙЦИМ ХЗЬРИ ПРНЕК ПРОЛ</Line>
   <Line>ПНУЧРЩ ДЛННАТ ОКСЛЖТ ЦЧИШТЕВМ ОАЕВТЬИ ЖШТАМЧУ ЛНИМЧСУИ ОЕЕТ</Line>
   <Line>САМОЛЕТ ОСТРОВИТЯНИН СЛЮДА ХЛЯБЬ ОДНАЖДЫ ПРОИЗОШЛО КРУШЕНИЕ НАДЕЖД</Line>
   <Line>ОРБИТАЛЬНАЯ СТАНЦИЯ ПОТЕРЯЛА ВЫСОТУ ЖЕМЧУГ ВСТРЕЧАЕТСЯ РЕДКО</Line>
   <Line>ЖМУРКИ СТОЛБИК ФРУСТРАЦИЯ ОСТОЛБЕНЕТЬ АББРЕВИАТУРА КОРРЕСПОНДЕНТ</Line>
  </Level>
  <Level>
   <NewCharacters>Четвертый ряд верхний регистр клавиатуры</NewCharacters>
   <Line>! !&quot;! &quot; ! !&quot; &quot; !!&quot; !&quot; ! &quot;! &quot;! &quot; !&quot;! &quot; ! &quot;!&quot; ! &quot;!&quot; &quot;&quot; &quot; &quot;! !&quot;&quot;</Line>
   <Line>ё &quot;вода ! вода &quot;! вода &quot; вода !&quot; вода ! вода &quot;&quot;! вода &quot; вода !!</Line>
   <Line>ё ; #;# # ;#; #; # ;# #;; ;# ;#; # ; ; ##; # ;# ; # ;;# ; #;;</Line>
   <Line>ё заря ; заря #; заря ##; заря # заря ;# заря ; заря ;# заря ;</Line>
   <Line>ё :,: ,, : ,:, , :, : ,:: ,: , :, , ::, : ,: , :,, : ,,: : ,:,</Line>
   <Line>ё корь :&quot; корь &quot; корь &quot;:&quot; корь : корь :&quot; корь &quot;: корь &quot; корь :</Line>
   <Line>ё . *. * .*. * *.. . *. ** .** . * .* * ..* .* . *. * *. .* **</Line>
   <Line>ё стук . стук *. стук * стук .*. стук . стук **. стук * стук .</Line>
   <Line>ё ( ) ))( )( ) () ) ( ))( ( )( ()( ) () ))( (() )( ( )() () ((</Line>
   <Line>ё мука ( мука )( мука) мука ( мука )() мука ) мука () мука )(</Line>
   <Line>ё _ + +_+ _ + _ _+_ _+ _ __+ +_+ _ ++ _+ + _ ++_ +_ + _+ + _+_</Line>
   <Line>ё мина _ мина +_ мина _+_ мина +_ мина _+ мина + мина _ мина _+</Line>
   <Line>ё шина (&quot; шина *# шина ) шина ;, ;шина #_ шина ): шина . шина ,</Line>
   <Line>ё фишка ; фишка #( фишка ;: фишка * фишка &quot;_ фишка &quot; фишка ) фишка :.&quot;</Line>
   <Line>ё коля *; коля )# коля ( коля .&quot; коля  :, коля ._ коля ; коля &quot;</Line>
   <Line>ё сода . сода &quot;# сода (_) сода ; сода ,  сода : сода ,_ сода .;</Line>
   <Line>ё печь , печь .# печь * печь (; печь );* печь #_ печь . печь :#</Line>
   <Line>ё тема * тема ;( тема *&quot;, тема : тема (_ тема # тема ) тема .;</Line>
   <Line>ё толя : толя #, толя ,( толя ) толя ; толя ._ толя ,#* толя ,</Line>
   <Line>-(!.+&quot;: )!(+&quot;* .!:+!_ ;!#+, )!*+&quot;. *!,+&quot;# (!;+&quot;&quot; )!;+&quot;# .!#+(</Line>
  </Level>
 </Levels>
</KTouchLecture>
