<KTouchLecture>
 <Title>Русский (упрощенная)(autogen-edit)</Title>
 <Comment>Russian training file                                                                                 
 adapted by Chemisov Konstantin &lt;dabc4123@mail.ru>                                                            
 from ktouch-gen utility 
 29-08-2005</Comment>
 <Levels>
  <Level>
   <NewCharacters>ол</NewCharacters>
   <Line>лоло ооол л ллоо л ло лл ол ллл ол оооо ллоо лоо лл о лоло ол о оо</Line>
   <Line>лл лл л ло ооо ллл лоооо ооо ол ло олоо ол ололо лл ооо ололо ллооо</Line>
   <Line>оо оооо ол ол ллооо ооол лл лолл ооо ооол лл ло лл ооол ол ло олл</Line>
   <Line>лл о ллоо ол ол ооо олл о ол ло лл оооо лолл лоло ллооо лл ло ло</Line>
   <Line>олоо ол лоооо ооо ло олоо ол о о ллооо ооол ол лл лоо о о ло лоо</Line>
  </Level>
  <Level>
   <NewCharacters>ва</NewCharacters>
   <Line>а а вола во авлао вввол ллва олоа а лвл вввол оа оа вллво ллв</Line>
   <Line>а а ала ллв вввол ал в оа оао ола аа во ла ал в ллв ал в а авлао</Line>
   <Line>вввол вввол вола в аалв ла лав олоа а ллва вола ао вавл ала в аалв</Line>
   <Line>аалв лвл аа алла алло олоа а ва в вллво аалв алло а ола ао во ола</Line>
   <Line>ола ла лвл в ал в вллво в вввол ао алло лвл авлао алло ала ла оа</Line>
  </Level>
  <Level>
   <NewCharacters>дж</NewCharacters>
   <Line>жол лвжжв лдв ододд лаж лаж ж ааж дл жажа аж ад ододд дл жв ж жол</Line>
   <Line>ааж жвала да жв ж лдв лдв джж лдв ододд до ж жв ооож аж ж лвлд ад</Line>
   <Line>ж жажа жажа джж лвлд жол жв до жв дао вдвж вдвж джж два ж долл</Line>
   <Line>дл жол джж жд лвлд два два джллж долл ододд жд лаж лввож ааж жв</Line>
   <Line>жв да жвала до лвжжв жв ооож дао два джллж жол вдвж дао дао жажа</Line>
  </Level>
  <Level>
   <NewCharacters>фы</NewCharacters>
   <Line>дважды ф овы дыа жфл афф вы фыа ф овы дыа фд дважды фыа фдж дыа ф лафа</Line>
   <Line>фа фа дважды афвдо фд афф ыф дыа ввфлл вы ыф жфжо фф ы дважды афвдо</Line>
   <Line>фыа дважды фав ф вфы лафа фф жфл дважды ф афвдо афвдо ыафж выд ф</Line>
   <Line>ыф фа фа ф фд вы ввфлл одыд жфжо ф овы фав ф лафа афф ыафж одыд</Line>
   <Line>жфл афвдо ыф лафа фав ыф ф дыа одыд одыд дфы дважды ыафж фа афф</Line>
  </Level>
  <Level>
   <NewCharacters>прэ</NewCharacters>
   <Line>пл про рыл вправо рады алоэ па вправо др фр па рожд рад прод пров</Line>
   <Line>дров оп рыл рва подп подо рыл рва па рвов рва доп вып рыл дрожа поло</Line>
   <Line>дров прод рады дров паф алоэ вып вып пров рада впопад вып пр проф</Line>
   <Line>рада про про пр оп подо алоэ рад дров впопад впопад проф рвов опа</Line>
   <Line>доп вправо пров про опа дрожа рад пл др опа доп алоэ рад впопад</Line>
   <Line>по поло алоэ рожд рва рады поло про опа про фр пл вып пл пров ров</Line>
   <Line>оп дров доп ров рада рады рожд рада па рыл подп прод прод алоэ</Line>
   <Line>оп про фр фр фр поло впопад доп рыл вправо рад опа пл подп фр поло</Line>
  </Level>
  <Level>
   <NewCharacters>нг</NewCharacters>
   <Line>дн оглы на англо аналого ровно гало одно агар га оглы вдогон ларго</Line>
   <Line>наполно она повадно долго прыг волго ага рондо рано попарно полгорода</Line>
   <Line>полн долго прогр дрыг гала он одно наново рожна арго попарно прогр</Line>
   <Line>оглы англо одного она однажды вдогон гав прогр она рожна рожна на</Line>
   <Line>гоп долга подавно наповал вдогон англо гала гало наповал долга наповал</Line>
  </Level>
  <Level>
   <NewCharacters>ке</NewCharacters>
   <Line>полпервого краев ее кана лег корп внакладе положе однопокровные поныне</Line>
   <Line>акад коэфф жен панове реле жег кана окр де реле же поперек переде</Line>
   <Line>кр когда легко недалеко двое деп жег ввек врак недалек наверное</Line>
   <Line>вполнакала карго ножен еле недолго пролег недавно драже переде плавне подороже</Line>
   <Line>реф некогда невдогад арпеджо авокадо негде однопокровные легко де</Line>
  </Level>
  <Level>
   <NewCharacters>ть</NewCharacters>
   <Line>пропоете дотлеет тенет потрепет нетверд лат отожжет толков то тратьте</Line>
   <Line>деревень подопреет ревете редеет выпрете аннот отопьете потрепет выжрете</Line>
   <Line>откровенен тоже отрепков накоротко нетвердо пропоете лото выпадете нет</Line>
   <Line>деньжат такова отд тогда натрое тепла дотла то подотрете деньжонок ладненько</Line>
   <Line>лото ткет авт вольете гложете поете отопьете вырвет попоете ржете</Line>
   <Line>тел альпака вплоть поленьев выпереть нетверда пожжет впереть арт</Line>
   <Line>терпежа давненько тред поодаль телеателье жнет трет выжрет также поленьев</Line>
  </Level>
  <Level>
   <NewCharacters>ми</NewCharacters>
   <Line>полмира пережмем подымем иль моргана авантажем проедим тремоло фигли</Line>
   <Line>наметем потемок подремлем фин манером трио приват можно итого вытрем</Line>
   <Line>темени пламенем выметет фоторепортажем магнето немерено надменен идете</Line>
   <Line>андантино преждевременен подгнивает дремлет дотрем моими выплывем мелеет</Line>
   <Line>липидов витражом прогниет подомнем проникновенен помигивает филе помоев</Line>
   <Line>жжем отревем километражем поднадоедим полмиле леди али поедом конфетти</Line>
   <Line>дремлете виват подгоним равномерно тире идальго они вопрем ммоль имен</Line>
   <Line>деванагари дожем привиденьевые наедине миражом выедим метаданные радиоданные</Line>
   <Line>подгорит полголовки неплатежом отметет едим дожмете вытрем поднадоедите</Line>
   <Line>дотрем мимолетом претит поджилок мрет гидроидные идемте фламенко пианино</Line>
  </Level>
  <Level>
   <NewCharacters>шщ</NewCharacters>
   <Line>фетишом штормило вольешь лавашем нервишек шьет вишь шортов китенышем</Line>
   <Line>одинешенек помелешь дошьете вытошнит клевеща протрешь напрешь решет нашем</Line>
   <Line>перетрешь клевеща дешево шильев ерш клевещет выигрышем гашишем наше поднажмешь</Line>
   <Line>выпивши переешь детишек поешь вышьем втридешева гложешь китенышем шевроле</Line>
   <Line>дремлешь подешевеет нощно проревешь тише горше ваши штормило пожмешь</Line>
   <Line>вишь шьешь кашне потоньше шпионажем вширь ерше решет вышьет кошем</Line>
   <Line>дошьешь шорт дошьем ерша шт прошел клевеща дешевле трепеща выведешь</Line>
   <Line>ваш подопрешь шире нощно повелишь вгонишь подальше нащипет шимми</Line>
   <Line>шлеп щегле подопрешь проешьте фотофинишем краешком вотрешь вышлет</Line>
   <Line>клевещете шевалье ершом выживешь подешевле выпивши демаршем краше вышьете</Line>
  </Level>
  <Level>
   <NewCharacters>цу</NewCharacters>
   <Line>ветру провидцев колодцев каудильо принцем половцев цефеид душем двоеженцем</Line>
   <Line>отцветут пожгут циклопарафинов упада коленец уже вытекут вотку вырву</Line>
   <Line>кукишем гуманен инородцев протру гордецов мегагерцем отожгу цунами выпекут</Line>
   <Line>иранцев вокруг утрем тру тимуровцем прекращу управленцев отметут приверженцем</Line>
   <Line>фрау ливанцем полегоньку мордовцев натолку вегетарианцев отмету подожму</Line>
   <Line>телешоу впервинку выплыву наголову рукоп вомну гуру огурцом вытрут недурно</Line>
   <Line>живцом марокканцев анекдотцев инородцев между туда дружке натуго отщепенцем</Line>
   <Line>утенышем выпадут царевен приморцем отревут утру огулом подожгу перерожденцем</Line>
   <Line>филиппинцев полуднем ропщу воплощу венцом натекут шпицев панцирнощекие погорельцем</Line>
   <Line>птенцом малоквалифицирован путиловцем перцем цыц трудоднем ркацители</Line>
  </Level>
  <Level>
   <NewCharacters>зхъ</NewCharacters>
   <Line>выползет изотрет зелены замдиректора поразомнет припухнуть взовьем перех</Line>
   <Line>незнакомцем авгиевых повывезут метаданных вузовцев издревле заржете туземцев</Line>
   <Line>превзошел заметешь конголезцем андалузцем зелены поразомнем намерзнет</Line>
   <Line>разв вышеуказан запрешь жизнен раздерут затрет изразцом впопыхах</Line>
   <Line>разомну ходуль гнездышек незаконен подзову взревем изопьешь тихомолком</Line>
   <Line>разыму запершит захолонет запоете разопру запоем дерзновен мерзее угораздить</Line>
   <Line>хитрецом отзовете хитра похлеще изомнет зернышек генуэзцев задешево припухнет</Line>
   <Line>тихомолком хлынут кахетинцев возьмешь поздно запоете разуем впопыхах назреет</Line>
   <Line>рукокрылых запрете назреет привиденьевых догрызете извергнул зазеленеет</Line>
   <Line>охотку загрызешь прогрызет закишит глазенок изольете полозьев зашьешь</Line>
  </Level>
  <Level>
   <NewCharacters>й</NewCharacters>
   <Line>коленей зуйком зуйка продажей вальпургиевой траурницей ложей дележей</Line>
   <Line>хохотуний травницей уйму ершей атторней дорогушей уймут пираний некоей</Line>
   <Line>тонкошеий доймешь плащаницей поймешь перенаймом фрейлейн впотай вельможей</Line>
   <Line>розвальней полыней оладий ежей поднайме поднайму займе дележей уйдемте</Line>
   <Line>нейдет вожжой айда парашей майна кашицей перепродажей фойе гайморова</Line>
   <Line>плащаницей лгуний летуний перешейку зайдемте райку далай ершей поймете</Line>
   <Line>вруний кражей плутней пройму поймете землицей поймет той наймем аванложей</Line>
   <Line>аванложей вещуний ершей моей межей поймет гридницей пейзажем кривошеий</Line>
   <Line>переймешь овцой трахейнодышащие уймет продажей живицей паршой долгушей</Line>
   <Line>дрожжей тефтелей увальней платежей ленцой переймешь разумницей гидрогелей</Line>
  </Level>
  <Level>
   <NewCharacters>сб</NewCharacters>
   <Line>слабило заснимете двумстам безлиствен знобить бегуний абазинцем обретешь</Line>
   <Line>отрастает косцом сростнолепестные пси стахановцем двухстах исхлещут малообоснован</Line>
   <Line>брызжет полуобнимете обниметесь усохнет оруженосцем всецело подобьешь</Line>
   <Line>скерцо суждено судей сцифоидных симф рыботорговцев массажем белорыбицей</Line>
   <Line>сих высокохудожественен посуше накось листажом выбреем слабило обомрешь</Line>
   <Line>засниму рыботорговцем утрусь смелем отрубей диссонирует вопросцем споешь</Line>
   <Line>сомбреро спеет вынесетесь прошибет исподволь изолжетесь сновидцем свищем</Line>
   <Line>прусь голосеменные вблизи сне скитальцев посередке либретто метростроевцев</Line>
   <Line>высокоторжественен сгоним сростнолепестные суворовцев шустры невесел посвищет рысцой</Line>
   <Line>сшибешь буйком виршеписцев улегшись вразброд пепси базедова кибуцем</Line>
  </Level>
  <Level>
   <NewCharacters>чюя</NewCharacters>
   <Line>проклянешь прокаливаются слежатся живя разнимается ответвятся хлопоча заверчу</Line>
   <Line>отзовемся обовьется разуются пропаяю уплощаются ваяются промываются закладываются</Line>
   <Line>наименуется бдя дрематься обесцветится заколыхается незапятнан подвыпью</Line>
   <Line>натрешься позвеню сзываются расспрашиваются переплавляются пригорают захватится</Line>
   <Line>намучаются воспевается тупятся фильтруется колошмачу обуешься взращиваются</Line>
   <Line>всклочивается проламывается домочадцем нездоровится вмонтируется оплачиваются</Line>
   <Line>далече выглядя крошатся истолчет эмитируются отрезаются моя моею твердиться</Line>
   <Line>самоокупается перелагается нечестивцем цепче выклиниваются калачом рюшем звонче</Line>
   <Line>буксируются тиглю посходят диссоциируют расточатся предпочтя шью оценивается</Line>
   <Line>зарябят утончается расшумится засылается возделается заструится подзаймемся</Line>
  </Level>
  <Level>
   <NewCharacters>АБВГДЕЖЗИЙКЛМНОПРСТУФХЦШЩЧЪЫЬЭЮЯ</NewCharacters>
   <Line>НЭПу Верея Господи АЦП Вязников Сержем ГДР РНК Мезень Закопане УВД</Line>
   <Line>ЦРУ Хамамацу Манту Акимовичем ГУЛАГе Витальевичем Баренцево Марковичем</Line>
   <Line>ИТР Рагби РОЭ Гонолулу Айдахо мГц Мексико Лос ЮНЕСКО Лейбницем ВАКа</Line>
   <Line>ГУЛАГу Голанских РЛС Жанейро Леопольдовичем Карно Игнатьевичем Гошей</Line>
   <Line>Рамбуйе Ханчжоу Иннокентьевичем АЗС Янцзы Артемьевичем Сьерра Китакюсю</Line>
   <Line>Грацем Бородино Петром Ельца Аликанте Змееносец Валентиновичем СНГ</Line>
   <Line>ЧК АОНу Ярославовичем Хартри Безье ЕЭС ВИНИТИ Анжу Арсентьевичем</Line>
   <Line>Голанских Лауэ Леонтьевичем Токио Овен Больцано кГц Ямагути Родионовичем</Line>
   <Line>Джорджем Лиепае Анд Александровичем Альбукерке Алексеевичем Альбертовичем</Line>
   <Line>Оже Тренто Федосеевичем Леонтьевичем Египтом ВЛКСМ Самсоновичем</Line>
   <Line>Вадимовичем Тихоновичем Ниццей Сережею Ханчжоу Угличем Самоа мВ Коломбо</Line>
   <Line>НИИ Египте Огайо Череповец Фадеевичем мкА МХАТу Альп Христос Карло</Line>
   <Line>Гуанчжоу Адель ПВО Петродворце Андрюшей Карловичем Египту Капитоновичем</Line>
   <Line>Назаровичем Лиепая Архиповичем Польшей Карповичем Карло Петродворца МХАТ</Line>
   <Line>Теннесси Бородино ГУЛАГ Абрамовичем Египту Эгейского УКВ Голанские Станиславовичем</Line>
   <Line>Капитоновичем Адель КПД мэВ Монтевидео КПСС ГОЭЛРО Зимбабве Карно Георгиевичем</Line>
   <Line>Сент Макаровичем Карачи АЭС Чикаго Диего Гавриловичем НЭПа Харитоновичем</Line>
   <Line>Ефимовичем Саппоро кВ Кембриджем Шри ГРЭС Самоа Франциско ГУЛАГа Станиславовичем</Line>
   <Line>Онтарио НЧ ГОСТом Чудским БТР Лиможем ЧК Монтевидео Беркли Ефремовичем</Line>
   <Line>МХАТу Кузьмичом Лыткарино Мезень Льежем Петром Кордильер Змееносец</Line>
   <Line>Десау Николаевичем Удэ Христу ГЭКу Зимбабве Аксеновичем Панчево Гавриловичем</Line>
   <Line>ГДР Леонтьевичем ЦИК Борнео Чикаго ГЭКе Рио Григорьевичем АОНу Трускавец</Line>
   <Line>Катманду Долгопрудный Глазго ГОСТ Римини Фе ЦИК Калгари ВМФ Энрико ЦИК</Line>
   <Line>Воронежем Химок Кавасаки Джо Всеволодовичем Аксеновичем Анд Николаевичем</Line>
   <Line>Рико Артемовичем НТР КЗОТ ЦК Никифоровичем Мидлсбро Коломбо ООН Мехико</Line>
   <Line>Чеховом Аламогордо АОЗТ Лыткарино Осиповичем Рио Риу Егоровичем Сакаи</Line>
   <Line>РФ Фолклендские Анисимовичем Череповца Апеннин Канарскими Карповичем</Line>
   <Line>Игнатьевичем Монпелье Ефремовичем Халле Марокко Арсеньевичем Николаевичем</Line>
   <Line>ПЗУ Федосеевичем Карповичем мкВ Буффало Колорадо НПО ОВИРа Джорджем</Line>
   <Line>Иннокентьевичем Осака ЦСКА ЧМ Родионовичем Трофимовичем Петродворец Давыдовичем</Line>
  </Level>
 </Levels>
</KTouchLecture>
