<KTouchLecture>
 <Title>Russian (auto-generated)</Title>
 <Comment>KTouch training file generated Tue Oct 25 12:51:40 MSD 2005 by Miha Ulanov (mulanov@mail.ru)
 </Comment>
 <Levels>
  <Level>
   <NewCharacters>ао</NewCharacters>
   <Line>оао аа ао ооо о аоо а оаа ао аа оаа аоа о а аоа о оао оа оаа ааа</Line>
   <Line>ао оа оаа ааоо ооо ааоо а а а оа о аоаоа ааоо а оаа о о аоа а оа</Line>
   <Line>ооа оо оа ооа аоа а оаа ооа ао аоаоа а оаа а а аао аоо а о ао ао</Line>
   <Line>а оао оа оа ао а оао оао оа аао ао ао а аао оао оа аоо оа аоаоа</Line>
   <Line>аоо оао о ао а аа ааоо аао а о аао аоа а ао ааоо оа оа аоа ао ааоо</Line>
   <Line>а а аа ао а ааа оаа а ооо оаа ааоо о а ааоо ао ао о ааа аоа оаа</Line>
   <Line>оаа ааа оаа оа оао ооо ааа ао а оа а о ооа о а ао а ооо оа аоа ао</Line>
   <Line>оаа оа аоа аоа а оао оаа а о о оао ааоо оо аоаоа ао о о о а аоо</Line>
   <Line>а а оао ао а оа о оа ао а оо ооо ао о а ооо оа о ааа аоа а ооо</Line>
   <Line>ао оаа ао оа а ао оаа аоа о ао аоа ао оа о аоаоа аа о ооо о о о</Line>
   <Line>аоа оа о ооо о о оаа аа ао аоа оа ааа оаа оаа ооа оаа ааа ааа оа</Line>
   <Line>о а оа ааоо оаа о ооо а аао оаа ааоо оаа оа оаа аоа а аао оа аоа</Line>
   <Line>аоа оа ооо оа ааа ооо аа аао аоа аоо а оаа ао аао аао а ао о а аоа</Line>
   <Line>о а аоаоа оа ао аоаоа аоо ао ао а оа ао о оа оа ооа оао ооо о</Line>
   <Line>а аоаоа а о о аоа оа а ааоо ооа ооо о о оа аоа оа аао ааа аоаоа</Line>
   <Line>аоо аоаоа о о оао аао аао ао оаа аао ааоо ооа о о оа оаа оа ооо</Line>
   <Line>о ао оаа о аа ааоо аоаоа а ооа оа ааоо оаа оа а ао ааоо аоа оао</Line>
   <Line>ооа ао аа оаа а оа аоа оаа о аоаоа аа а оаа ао оаа о аоаоа о а о</Line>
   <Line>оа а оа оа аа о ааоо аа оаа оа оа ааа ааоо а ооа ааоо аоаоа о аоа</Line>
   <Line>аоа ооа аа аао о ао аоа ао ооа оа ао ао о а а оа оо о оао оа ааа</Line>
   <Line>ооа оаа оа ооо аа а ао а аоо ао ооо о ооо ао аа а о о ааа а оаа</Line>
   <Line>аоаоа аоа оа о о аао ааа аоаоа аоаоа ооо ааа а оаа о аоаоа ао а ааоо</Line>
   <Line>о оа аа оа аоаоа оаа ааа оаа а оао оа ооа о о оаа ааоо а о оаа</Line>
   <Line>аоа оаа о ао ооа аоа ааа о оаа ооа ао ао ао оа аоа а аоаоа о оаа</Line>
   <Line>ооо ао аао ооа аоа аао аоаоа оо ао о аоа ооо а аа а о оо оаа а оаа</Line>
   <Line>оа оао аао а о ао а оа о оа а о о аоа а оа ао ааа а а оа а ао аоо</Line>
   <Line>ооо оа ао оа о аоа оао о ааоо аоо оаа оао ао ооа оа ао ао а ао оа</Line>
   <Line>ооа ааа ао ааоо ооо аоо а ао а ао оао а оо ааоо ао оаа о ао ао аоа</Line>
   <Line>аао ао о о ааоо аоо ао аоаоа ао ао а ааоо ооо ааа аао аоа оаа оа</Line>
   <Line>а ооо аоа аоаоа ооо оаа о оа аоаоа оо аао оа о а о оао аа ааоо</Line>
  </Level>
  <Level>
   <NewCharacters>вл</NewCharacters>
   <Line>ооллл в оавла лава ла вл овал лл вал вал лл в лала лава вл лл ооллл</Line>
   <Line>ово вл оавла лава алло лвв во лава ллвоо вал овал в ла ооллл вл</Line>
   <Line>в вл ал вол во лала лвв ово ллвоо авлв алло лоо вол ово ллвоо</Line>
   <Line>вал ово овал алло лава лава авлв в ав лл вл ла лл ла ооллл вол вол</Line>
   <Line>оавла ово алло ллвоо ооллл аал лов аал ово аал во ллвоо алло оавла</Line>
   <Line>овал ла вл ооллл ооллл в аал ово ллвоо вал авлв вал ово лала овал</Line>
   <Line>во аал алло авлв аал в овал вол авлв ово ав в ал авлв ав лвв ово</Line>
   <Line>оавла ав вол лвв лвв авл олово лава лоо во лов вол аал ллвоо ово авл</Line>
   <Line>ла лава ла ооллл олово алло в оавла в во лл алло лоо лоо авл вол</Line>
   <Line>авл лоо алло овал олово в лоо ово овал алло ав вал лала вал ово</Line>
   <Line>оавла лоо вл ав ла алло ла алло во ооллл во ла в ал вал ооллл оавла</Line>
   <Line>алло ооллл олово в алло лоо олово алло ооллл авлв в во в лоо аал</Line>
   <Line>в лала лава оавла аал вал лава во ав ооллл ла во ал лов в в авлв</Line>
   <Line>алло вл лл овал ла авл авл лала алло ово в олово аал лов алло ово</Line>
   <Line>авлв лвв в во ово лоо овал лава овал ла ал лвв лава в в в в олово</Line>
   <Line>авлв ла ово лл в алло вол лл олово ла вал лл вол вал алло вал в вол</Line>
   <Line>вл ооллл в алло ла ооллл в вал ллвоо олово лава алло вал в лов</Line>
   <Line>аал ал вл лл ово ллвоо аал ллвоо в ав алло вл ооллл лава вал во</Line>
   <Line>в вал лала во ла ооллл в олово лоо ово вл вал ав аал вол вл во</Line>
   <Line>лл вал лов ллвоо оавла вал алло лала авлв лоо ла в лов вл лвв вал</Line>
   <Line>ав лоо ла лвв аал ал лала ла ооллл олово олово вал ооллл авлв вол</Line>
   <Line>ово овал в аал ллвоо ооллл вал ово лвв олово алло авлв авлв ово</Line>
   <Line>вол лава в в во лава лвв вал ллвоо овал ла лава ово ла ла алло овал</Line>
   <Line>авл овал авлв ла в лава авлв в лоо в алло вл алло вал ла ал ав лава</Line>
   <Line>ал ла в ал олово авлв лов вал лала овал ал лава лов вол лала лала</Line>
   <Line>ооллл вл вл ово лала лава алло ооллл оавла вал ла алло ла во ал в</Line>
   <Line>ово ал овал лава вл аал вал аал ла ллвоо вал во в ооллл алло вол</Line>
   <Line>аал ово ооллл авл алло вол лл вол в олово ла ооллл вол в оавла лала</Line>
   <Line>овал ал лоо вол во вал оавла в лов овал оавла ллвоо лвв ла ово вл</Line>
   <Line>ллвоо ав лала лава авлв ал вол лала ла лов вал ла ла авл алло во аал</Line>
  </Level>
  <Level>
   <NewCharacters>ыд</NewCharacters>
   <Line>водовод ы ад дылда адов дол ввыыв лад вдова ад вывод ы вылов лдо овод</Line>
   <Line>да ад да вывод вода дылда выо дао вывод довод довод лад ад д ввыыв</Line>
   <Line>ввыыв адов д аадв ад ы вы аадв да выо ввыыв даа выо ад даа довод ад</Line>
   <Line>ввод водовод вывод ода ад аадв довод овод ы водовод вода довод ыо</Line>
   <Line>вода овод лдо лдо ад вода вдова авд дао вы вывод ыо вывод да довод</Line>
   <Line>до дол авд д авд вдова аадв ад дол дол дол ыо ыо вы до вы довод</Line>
   <Line>ыо лад водовод да овод ввыыв вы авд д ад д довод до д водовод авд</Line>
   <Line>вылов да даа ыо ыо вода ввыыв ода вдова даа два ввод ода ввод водовод</Line>
   <Line>до ыо дылда дылда ввыыв два два дол лдо дол д выо вдова лад вдова</Line>
   <Line>аадв дылда ад ввыыв дао д ввыыв лад до ыо аадв выо ад даа до лад</Line>
   <Line>довод довод аадв аадв ы водовод ыо вода ввыыв д авд водовод ввыыв</Line>
   <Line>вдова дол водовод дол авд адов даа водовод дол ыо ввод дол адов адов</Line>
   <Line>дол ода до вы ввод выо ад овод даа выо да довод адов вдова ода ыо</Line>
   <Line>до ыо авд два дол ад водовод лдо дылда да овод вдова аадв вода</Line>
   <Line>адов водовод ода вода дао ввод два ад адов ад ы ыо довод до довод</Line>
   <Line>авд вода вдова д ввыыв ввод даа ввыыв довод овод водовод адов ад</Line>
   <Line>ад вода ыо аадв вода адов д дао ыо аадв ы дылда вывод дылда дылда</Line>
   <Line>два два два вывод дао овод водовод выо вы вылов ввод ыо овод д адов</Line>
   <Line>довод дол вывод овод овод дол вы аадв аадв да вода вода до овод ыо</Line>
   <Line>ввод аадв дао до дылда ыо дао дао ввыыв ыо довод вывод да ввод дылда</Line>
   <Line>д выо да вдова вывод да да вы д вывод до вдова овод ад выо адов</Line>
   <Line>аадв дылда два вывод вы выо вдова лад овод дылда выо да ад вылов</Line>
   <Line>до ад довод два ад дол лдо до водовод ввыыв вывод да да ыо вылов</Line>
   <Line>вода ода вы да ы ввыыв ыо дол ода лад дао вы ыо ввод адов даа ы адов</Line>
   <Line>даа ода дол авд ы даа два да ад вдова дол даа вывод ввыыв овод ад</Line>
   <Line>дол вы аадв ад дао овод аадв водовод авд дылда д д до выо дао вывод</Line>
   <Line>авд д ы вывод до ввод вылов дао вы даа овод лдо до овод два дол</Line>
   <Line>вывод вывод ы вывод довод вдова ыо ввыыв вдова ыо даа вылов д дол</Line>
   <Line>ыо вода два ыо вы вылов овод ввод довод довод выо лдо вода да вдова</Line>
   <Line>лад вывод водовод вылов ы ыо водовод вывод два водовод до аадв авд</Line>
  </Level>
  <Level>
   <NewCharacters>фж</NewCharacters>
   <Line>фа ложа лыжа аж жало аж лф жвала аф фал лаж аф фал фва ж аф аж</Line>
   <Line>вфо вожжа дож вфо жы жвала ж лф фва фф фды аж фва жажда двж дож</Line>
   <Line>аф фал аж фф ж жвала жы ыож лаж аж ж двж вфо фа вж фа аж лафа лафа</Line>
   <Line>фва двж лф аж ыож аф жало лафа вж жвала дож аж фа вж аж аф ж жажда</Line>
   <Line>лф лф вожжа фалда фалда лф ыож вожжа дож фа двж жажда дож фалда</Line>
   <Line>лф жы фва ыож лыжа вж лф двж лафа жало лаж аж лаж жы жы лыжа лф</Line>
   <Line>лаж фф ложа фа ложа лф лф важ вж ж ыож лыжа лафа вфо фва аж фа лф</Line>
   <Line>лф фды двж важ лыжа лф вж важ ж фф лаж аж лф дож фал вожжа ыож</Line>
   <Line>жажда фва дож дож дважды фф лыжа дож ыож фды аж аф аж лф аж фалда</Line>
   <Line>аф жажда жажда фал фал аж ыож жало важ жы вфо лафа жажда жы вожжа</Line>
   <Line>ж аф лафа лаж лф жвала фф дважды лф фал лаж лф дважды вожжа ыож</Line>
   <Line>ж фва ж важ жажда дож лф лф вж жало дважды жы важ вфо аф вожжа</Line>
   <Line>двж жвала фф вж ж фалда лф жвала ыож лыжа лф ложа жажда фа фал дож</Line>
   <Line>жало лф жвала лаж фва дож фал лаж фф аж фды жажда ж ыож дважды лаж</Line>
   <Line>фа фва дож лаж жало лф дважды аф аж фалда аж двж лф дож важ аж</Line>
   <Line>вж жвала фф жвала фф лф дож лф вожжа ж дож важ жвала ложа фал ж</Line>
   <Line>лыжа ложа дважды фва лаж фва жало вфо ыож лаж лф важ аж аж лыжа лф</Line>
   <Line>ложа дважды вфо фалда жвала лафа аж аф фал лыжа аж аж вфо ж ж важ</Line>
   <Line>ложа лафа лф фва жы жы лыжа ложа ложа аж вожжа аж ж двж ложа лф лф</Line>
   <Line>жажда фва вфо лафа двж фды ложа фа лф лаж фал фф лф вожжа ложа дож</Line>
   <Line>ж фды жажда фва лф дож фа вожжа фва двж дважды вж аж жвала лаж</Line>
   <Line>фва лафа аж аж фва лф лыжа лф жы ж жажда фалда фа жажда вожжа фалда</Line>
   <Line>ж дважды лф аж дважды фа фф жвала фф дож двж лф дважды фалда лф</Line>
   <Line>ж аф вфо дож жы лафа жажда жвала лф жвала лф вфо жвала аж важ</Line>
   <Line>жало жало фва лафа вожжа лаж ж ыож жало аж ыож лаж лыжа ж жы важ</Line>
   <Line>фа жало дож лафа фал лф двж двж ложа фва дож фды двж фва дож лаж</Line>
   <Line>лыжа лф вожжа лафа жы фды фа ложа вфо жы лыжа фа фды фалда дважды</Line>
   <Line>лаж лафа важ лф лф аж лыжа аф лф ж аф лаж жало ж жвала фды дважды</Line>
   <Line>ж ложа фды двж ыож аф важ фф лф жажда лф лф жало лф вж ыож дож</Line>
   <Line>лаж фал важ вж лф фф фды вфо аф фал вожжа ж лафа двж вж аж жвала</Line>
  </Level>
  <Level>
   <NewCharacters>пр</NewCharacters>
   <Line>лавр пора порода рвов параф доллар подо фавор рыло рвов папа дыра</Line>
   <Line>раджа аврора выдра форвард одр рад драп жара по лор паф дров пора</Line>
   <Line>подвал пора опал паф ржа доллар вар опала лавр пал опора рад дрова</Line>
   <Line>вор дыра под под жара подо правда поп род правда плов под ров драп</Line>
   <Line>опала по рад по пола попа дрофа арфа ар па опора аврал раджа под оправа</Line>
   <Line>аврора поло жара водопад одр фара падло подвод дров провод рады рыло</Line>
   <Line>пола прапор повар правда пропажа падло право дар порыв рвы оправа</Line>
   <Line>раж пыл вражда рвы опал рожа аврал дрожа дрофа падло одр одр водород</Line>
   <Line>паропровод аврора опала флора паф форвард подпор попа рожа пава паф под</Line>
   <Line>двор пыж ржа под повод лавра вправо пал паж подрыв пора вправо род</Line>
   <Line>поп рвы паропровод вор рвы род рва жопа оправа впопад жопа лор прорыв</Line>
   <Line>плодовод дрова паропровод вор ров лавра выдра плод правда повар лорд</Line>
   <Line>опа драп по лавра лапа опала дрова пропажа пыж фара жара паж папа</Line>
   <Line>падло флора подо пал опара лорд подрыв дрова орава порода выдра пола</Line>
   <Line>поло фавор раджа рвы параф опал повар правда опара жара дров выпад</Line>
   <Line>подол раж про рада орава раж вправо водопад прорыв па подвал водород</Line>
   <Line>вор пава рад ров порыв жара дрова пал паф подпол повод орава рвы</Line>
   <Line>лавр пыж подвод повод провал пора форвард папа вор выпад пал пропажа</Line>
   <Line>выдра паф аврал подол двор выдра лорд подвал пожар ров прапор опал</Line>
   <Line>плод лавра дрова прапор пава дар жопа жопа паропровод паж водород</Line>
   <Line>прорва вор рвов жопа паж провал пава выдра фара опа оп попа орда флора</Line>
   <Line>двор двор паропровод прорва лавра прорыв пора рада плодовод дрова</Line>
   <Line>про двор радар рва опал пыж водород прорыв арфа рвы провал дар арфа</Line>
   <Line>варвар рад пар пара поп опа пожар жопа пропажа подол дрожа под опал</Line>
   <Line>пола впопад опала водопровод доллар пыл подрыв паропровод лор провод</Line>
   <Line>подрыв род поп дрофа плов дрова дыра опара повод подол продажа право</Line>
   <Line>по пропажа пара подпол рыло лорд вар флора пожар форвард опа фавор</Line>
   <Line>доллар форвард плодовод опара провод аврора жопа лорд парад порыв поп</Line>
   <Line>жара подпор оправа пара порыв подол плов право повар дыра пара подпор</Line>
   <Line>лавра аврора порода па продажа раж одр право подпор продажа лор арап</Line>
  </Level>
  <Level>
   <NewCharacters>э</NewCharacters>
   <Line>апэ эпод дэр ээ аэр эра рдоэ эпод рдоэ эд ээ аэр эфа жвэо алоэ эд</Line>
   <Line>пэр пжфэ эж фэы эд эфа э пжфэ эа ыыэр дэр фэы ээ эыв эыв жэд эыв</Line>
   <Line>э жвэо э рэ ыыэр даэ фэы пжфэ ээ эыв даэ ыыэр аэр даэ алоэ эпод</Line>
   <Line>эж эж ээ эа эд э апэ пэр эд пэр пэр эра пэ фэы даэ пэ эра эфа алоэ</Line>
   <Line>эфа э рэ жэд алоэ пжфэ ээ пэ эва эфо эа ыыэр эфо пэр эфо алоэ даэ</Line>
   <Line>фэы эфа ыыэр дэр апэ эж дэр жвэо эж алоэ э пэр эд рэ рдоэ эыв ээ</Line>
   <Line>э жэд пжфэ эфо фэы рдоэ пэр жвэо рэ эва эыв эа жэд эпод алоэ жэд</Line>
   <Line>эва алоэ эыв рдоэ алоэ рдоэ пэр алоэ алоэ апэ аэр пэ апэ пэ эж э</Line>
   <Line>эд апэ эра оэа алоэ рэ ээ алоэ эд фэы ыыэр ээ ыыэр аэр фэы эж эфо</Line>
   <Line>рэ рэ э алоэ эфо эпод алоэ эфа пэ ээ эва аэр алоэ эфа пэ эд эыв</Line>
   <Line>жвэо э аэр э фэы эыв эва эра пэ пэ пжфэ дэр оэа рэ апэ эра эпод оэа</Line>
   <Line>ыыэр алоэ эфа даэ ээ эра пэр эд пэ пжфэ эыв эфо эфо рэ эыв эж дэр</Line>
   <Line>рдоэ эпод алоэ рэ жэд эпод эд эфо эфо жэд аэр эд апэ алоэ эфо аэр</Line>
   <Line>эва жэд жвэо фэы рэ рдоэ эфа рэ ыыэр алоэ рэ рдоэ фэы алоэ рдоэ</Line>
   <Line>пэр даэ жэд эд рдоэ эж алоэ алоэ эфа эд эра эпод аэр ээ ээ апэ эж</Line>
   <Line>ээ ээ эа рэ апэ алоэ рэ аэр жэд эж рэ э ыыэр фэы эд эва эпод эра</Line>
   <Line>жэд алоэ ыыэр даэ алоэ рдоэ даэ алоэ оэа фэы пжфэ эфа эд ээ рэ жвэо</Line>
   <Line>эпод эфо э эра э эфа ээ алоэ эфо пэр ээ ээ эа эд эд жвэо рэ эыв эж</Line>
   <Line>алоэ алоэ эа эпод эж эфо рдоэ ыыэр фэы апэ эа эд эфо дэр эфо алоэ</Line>
   <Line>жвэо ыыэр эфо дэр эра пжфэ пэр эпод эпод эд фэы э эа рэ э эж эва</Line>
   <Line>эд эд пэ ээ эфа эд эж эж дэр эыв эфа апэ э рдоэ эфо рдоэ фэы дэр</Line>
   <Line>эфа рэ эва эж жвэо эд оэа ээ эд пэр эпод жвэо аэр эра э ээ эж дэр</Line>
   <Line>эж рэ апэ даэ пэ рэ рдоэ эж дэр эыв ээ апэ эва дэр пэ эпод эд ыыэр</Line>
   <Line>ээ ээ жвэо пэ алоэ эфо ээ алоэ фэы рдоэ аэр эпод рдоэ эра пэ фэы</Line>
   <Line>эд пэ э ээ эра эфо рэ апэ эпод эыв жэд жвэо пэр дэр ыыэр рдоэ даэ</Line>
   <Line>э э дэр жэд эд алоэ эа фэы апэ эыв эпод эфа рэ эра апэ рэ эд рэ</Line>
   <Line>эд алоэ жвэо рдоэ ыыэр эж пэ э апэ дэр эыв эд эпод алоэ пэ алоэ</Line>
   <Line>алоэ дэр апэ рдоэ жэд алоэ фэы дэр эыв ыыэр эа э э ээ жэд алоэ эра</Line>
   <Line>пжфэ алоэ апэ дэр жвэо рэ э эыв пэ рэ рдоэ эфа эж алоэ рдоэ эж эа</Line>
   <Line>оэа рэ даэ эфо пэ эд жэд даэ ээ оэа фэы жэд пжфэ эа пэ апэ эа рэ</Line>
  </Level>
  <Level>
   <NewCharacters>кг</NewCharacters>
   <Line>какао год эколог драга главк полгорода ка враг галлов аварка воровка</Line>
   <Line>арапка кадр аграф око плавка подлавок покража воровка выплавок гофр</Line>
   <Line>копка лак акколада капо корж арак коралл прыг оголовок подкоп арапка</Line>
   <Line>выжгла крага фаг копра фок подожгла рогожка копалка кво ограда прожарка</Line>
   <Line>рожок выжгла коп рог давка выродок оргвыводов парковка голодовка крага</Line>
   <Line>рококо пролог огарок ограда оговорка град арка паводок подголовок кво</Line>
   <Line>арык колпак подпорка колокол вокал гав колода ка жгла град выплавок</Line>
   <Line>арапка оглодок логово ко гало около гага долга ка эклога давка доклад</Line>
   <Line>грыжа дрок кара прокладка флажок оковы драга копра карго колокол дрыг</Line>
   <Line>дорога клоака глажка паводок аркада гага оградка догадка оргвыводы</Line>
   <Line>кожа прыгалка гопак голодовка рок копка годок окопка вокал выпорок</Line>
   <Line>каковы колода рык воровка флаг ко подковка голова рокфор флаг гала</Line>
   <Line>влага горка кода впрок прок к гав аполог городок подлодка покров клоака</Line>
   <Line>догадка каппа каковы глажка опорок профорг голодовка корка оговор кадр</Line>
   <Line>ожгла голод кров капор оргвыводы договор лог графа оглы кража арапка</Line>
   <Line>крага подводка прожарка долог рогожа дырокол дог кво пожог коала авокадо</Line>
   <Line>логово кофр оковка кого карга горка глава акр корд гагара аэролог рококо</Line>
   <Line>доклад глагол договор поволока логово оковы графолог опорок коп варка</Line>
   <Line>проволока рогожка говорок вкладка капор логограф аэрограф головка карп</Line>
   <Line>акр паковка дырка гагарка давка выправка выводок арак подголовок</Line>
   <Line>лапка проводка подправка клык рок влага выкопка горка ракорд гало</Line>
   <Line>агар волок кавардак догадка долог клака порог эк палка догадка капрал</Line>
   <Line>колодка долго попка доводка оправка правка каково выводок коллаж полгорода</Line>
   <Line>капор голгофа покров корж корвалол владыка около колпак акр кара рык</Line>
   <Line>порог глажка голодовка подлог волк аккорд выкопка прожгла прыг аквадаг</Line>
   <Line>пожгла кол поправка гало галка ого галлов каков лодка профорг рог копров</Line>
   <Line>глагол жарок ложок подлавок выводок оковалок кагор волга выправка кора</Line>
   <Line>полог галлы кора полка подкова поклажа арак жарок коала прыгалка ковров</Line>
   <Line>прогал кого погодка ага город порог варка вклад коровка галка дорожка</Line>
   <Line>подголовок подправка клоп прок флажок лыко подложка арапка галоп лапка</Line>
  </Level>
  <Level>
   <NewCharacters>уш</NewCharacters>
   <Line>плаву шкура лопушок глупышка урду рупор крупа двушка крупка дружок</Line>
   <Line>кровушка пуд папуша кадушка окошко куполок шпора грудка фарш прогулка</Line>
   <Line>полшара околыш кукловод полугруппа полугода куда прогул жгу полушалок</Line>
   <Line>журфак выжру полуда удод пуп уговор фуфло голыш выжру ржу кур удавка</Line>
   <Line>грудка гуд крошка окошко шоу ужо жгу кашпо удав удав округ фарш швырок</Line>
   <Line>уф волокуша паук грудка оршад плуг авгур голышка уролог упадок</Line>
   <Line>пожгу подгруппа выпру выжру урок уварка выпаду пуговка колыша подопру</Line>
   <Line>упада шаровары дорогуша укладка упру вдруг папуша кураж кружок фу</Line>
   <Line>удав дуло кулуаров рукав ловушка швырок рупор голыш плаву фуга уролог</Line>
   <Line>кулуары лужа пурпур полукруг выжгу покуда подруга кашпо шов лук пушок</Line>
   <Line>кружка аура урду упаду куровод оршад дуршлаг кукушка углу аул шкала</Line>
   <Line>лапша уварка крыша урод аул купол уварка вдруг горлышко гуд плужок</Line>
   <Line>дружок угар шоколад выплыву правша глупыш ушко лопушок агу профгруппа</Line>
   <Line>купаж полушка пугало кружок калоша выжгу полшага шора радужка шоколад</Line>
   <Line>караулка пружок жук шаг укладка шоколад купол пружок шва лапша фуга шурпа</Line>
   <Line>лошадушка ловушка кур крыша фура гложу подожгу полушар шкварка выгул фу</Line>
   <Line>лук выжру одышка жук пожгу покрышка долгуша урду куколка полукруг</Line>
   <Line>лук калуга шкварка квакуша шарф кулак кукловод крыша дуло полушалок</Line>
   <Line>прожгу шкода подгрудок луговод авуары купаж руда проулок шпора у ладоша</Line>
   <Line>крупка уф выволоку дорогуша гладыш шкаф шлаг уклад управа упаковка</Line>
   <Line>колыша кугуар вышка руда гладыш подружка плаву дуда пружок укол кошка</Line>
   <Line>выпаду крылышко крупка шов урок шарада рулада вогул радуга покупка</Line>
   <Line>попру шалаш рука шурпа шпажка подошва укол дура калоша покупка удар</Line>
   <Line>швы полушар углы лук шок школа шуга ковш дуло шоколадка гул рука</Line>
   <Line>кожура групповод шпажка подгруппа вырву угол гугу уварка углов дорогуша</Line>
   <Line>шарж апаш фураж уварка упаковка грушовка шлаг вошка пудра пул шарж</Line>
   <Line>вышла урок паша шарж углу полкруга кувалда укупорка купаж порука полушка</Line>
   <Line>выплыву кушак плуг радужка ожгу гложу полуовал выкуп вурдалак форшлаг</Line>
   <Line>вдруг паша шкура покрышка пул полушар шкала проулок вогул уродка гладыш</Line>
   <Line>душа ладоша фура гложу параша ужо прудок удав рукав ржу урод уловка</Line>
  </Level>
  <Level>
   <NewCharacters>цщ</NewCharacters>
   <Line>фарцовка прыщ цацка дворцов укрощу укрощу ропща площадка палаццо ларцов</Line>
   <Line>царап цаца роща цуг цыпка гуща цок цуг поглощу укрощу глупцов гуцулка</Line>
   <Line>овца дворцов кварц ловцов палаццо цыц пуща плащ фарцовка роща цаца</Line>
   <Line>цаца укрощу огурцов цапфа цыпка цап плац купцов вдовцов вдовцов фарцовка</Line>
   <Line>гуцулка цыц глупцов гуща кварц цаца роща цап пощада цацка цыпка кацап</Line>
   <Line>цуг ропщу плащ цаца кварц палаццо роща ловцов вдовцов ропща пуща</Line>
   <Line>цап поглощу фарцовка вдовцов цапфа гуща ропща ощущу пощада рыща</Line>
   <Line>палаццо ропщу продавцов вдовцов огурцов куща вдовцов цап плащ плащ щуп</Line>
   <Line>цаца пуща воплощу цыц пуща праща огурцов царап цаца роща огурцов</Line>
   <Line>продавцов овощ цап воплощу пуща цапфа пощада плащ пращур цок палаццо рыща</Line>
   <Line>воплощу овца ловцов продавцов продавцов укрощу щуп рцы щуп огурцов праща</Line>
   <Line>гуща овощ купцов ловцов цыц куща ларцов цыц цок куща прыщ плац цацка</Line>
   <Line>цаца огурцов царап пуща рцы праща гуцулка щуп цок щука цацка роща</Line>
   <Line>цапфа ропщу цап кварц фарцовка кварц кварц пуща цаца овощ плац гуща</Line>
   <Line>ловцов укрощу пловцов цуг глупцов ропщу кацап ропщу овощ роща дворцов</Line>
   <Line>дворцов вдовцов укрощу щука продавцов ощущу ощущу цапфа цап глупцов</Line>
   <Line>цацка цыц пощада ропщу воплощу куща кацап пращур цыпка продавцов воплощу</Line>
   <Line>ропща ощущу воплощу укрощу цапфа щуп огурцов кварц укрощу вдовцов</Line>
   <Line>щука глупцов плац цацка цапфа щука вдовцов дворцов продавцов ощущу</Line>
   <Line>пращур рцы кацап цацка гуцулка палаццо пуща цуг цыц огурцов ропщу цап</Line>
   <Line>щуп огурцов купцов овощ плащ купцов цап плащ цуг дворцов цыпка щука</Line>
   <Line>щуп купцов глупцов пращур пощада цап щука рцы щуп палаццо прыщ цацка</Line>
   <Line>вдовцов цок роща воплощу плащ глупцов продавцов цаца цыпка роща цап</Line>
   <Line>укрощу овца цуг вдовцов пращур цапфа роща палаццо рыща цап щука цацка</Line>
   <Line>поглощу цаца пращур глупцов цап рыща огурцов прыщ цок поглощу щука плац</Line>
   <Line>щуп ловцов цуг цыц рыща цыпка пращур укрощу пуща цацка пощада цок</Line>
   <Line>вдовцов укрощу огурцов царап цацка цок глупцов вдовцов цыпка цыпка воплощу</Line>
   <Line>кварц вдовцов палаццо ловцов цуг щуп щука цап куща глупцов глупцов</Line>
   <Line>прыщ овца цаца куща пловцов щуп щука цаца царап вдовцов купцов цуг</Line>
   <Line>гуща цапфа гуща роща дворцов царап цуг палаццо пощада купцов царап</Line>
  </Level>
  <Level>
   <NewCharacters>йз</NewCharacters>
   <Line>роза подуй загадка закупка продуй поджарый уругвайка раз гроза далай</Line>
   <Line>выдуй запорка полз гузка вдрызг выкройка подуй лупоглазый догрызу</Line>
   <Line>аз подвозка жаровой караковый запашок уполз догрузка враз дойка</Line>
   <Line>враз залповый впайка здоровый закупорка запорка ужовый заголовок</Line>
   <Line>полый узор закройка воз задворок заржу дрозд лыковый правшой развалка</Line>
   <Line>половой возок лайковый фуговый кругозор вожжой дворовый кайлы удалый</Line>
   <Line>указка фуговый правовой полугодовалый гвоздок продуй поджарый полугодовой</Line>
   <Line>зуав эоловый взвод выгрызу полковой зло зуйку проза дорогой задолго</Line>
   <Line>заропщу зоолог разлука уругвайка гвоздок агаровый подвоз родовой лаковый</Line>
   <Line>дуй алкалоз пошлый провозка кукуруза двукрылый задуй круглый паровоз</Line>
   <Line>дозаправка розовый форзац форзац кайл аэровокзал айвовый попой завозка</Line>
   <Line>зоопарк раковый кордовый парафраз выползок ополз далай зажужжу ползок</Line>
   <Line>драйв кайл погрузо вожжой узкоглазый каковой далай разгрузка караковый</Line>
   <Line>шоковый кузов парковый зло газ подполз зло зэк подзаголовок полувзвод</Line>
   <Line>половой задолго дроздовый раджой зародыш попойка выйду городовой показ</Line>
   <Line>впалый закройка заропщу зайка повозка заглушка горазд паршой долговой</Line>
   <Line>прогорклый звуковой зуав возок поджарый разожгла копровой закройка лай</Line>
   <Line>завозка запорка заропщу кордовый куцый злаковый кукурузовод узор лукавый</Line>
   <Line>раздуй украдкой залп клаузула кавказка полый кругозор подлый вылаз</Line>
   <Line>подуй паровоз вожжой лузга золушка зраза зарок загул упокой разгул</Line>
   <Line>фуговый прогрызу допой разожгу долой взгорок закладка карповый айда</Line>
   <Line>зол дозвуковой градовой уполз развалка джазовый кровавый грузовой</Line>
   <Line>заглушка запорка гвоздок подовый золушка взвод лайка груз пращой вдрызг</Line>
   <Line>лукавый взвод каждый доковый запруда ржавый драповый попугай разговор</Line>
   <Line>фаза повозка запор узловой зав вылаз правшой удой запродажа корковый</Line>
   <Line>фарфоровый акуловый агаровый загородка закупорка разгрызу выдуй вдрызг</Line>
   <Line>поводковый карапуз аз узкогрудый округлый годовалый загорода опоковый золовка</Line>
   <Line>вывозка аэровокзал раздуй карповый кройка вполз закоулок разгрузка попугай</Line>
   <Line>зав шаговый зайцу пыжовый какой лавровый зайцы горазд гораздо зазор</Line>
   <Line>шаговый грузовой увоз луговой зайцы узда дворцовый полувзвод каравай</Line>
  </Level>
  <Level>
   <NewCharacters>хъ</NewCharacters>
   <Line>поход дох хохол двух холл вахлак двухходовка пых проход хлороз воздуходувка</Line>
   <Line>проруха худо экзарх уход шарлах швах хурал дохлый дух холщовый вахлак</Line>
   <Line>холопка хохлушка охапка худо дох худой впопыхах худой духовой доха воздуходув</Line>
   <Line>дыхало двух похвала роздыха холоп охапка хлыщ ахов пах хохлов походка</Line>
   <Line>воздухопровод эпоха аховый пухлый воздуховод роздыха запах хлопок холодок</Line>
   <Line>лох прохладца хоровой дохлый зажухлый холщовый ух пороховой хлыщ</Line>
   <Line>охровый пых пухлый худощавый жух хлопковод пуховка хохлушка охапка дух</Line>
   <Line>шорох двухгодовалый поход пых пахлава хлопушка пароход пропах дух</Line>
   <Line>пороховой духовка ха двухголовый дохлый шарлах хвала дух двухходовка роздыха</Line>
   <Line>хохла уха олух двухходовка жух заглох хохлу кроха хала волхв зажухлый</Line>
   <Line>хлороз хапуга двухгодовалый жох храповой двуходка воздухопровод аллах</Line>
   <Line>роздыху холопка кроха воздух пропах заглохлый порох похвала двуходка</Line>
   <Line>рыхлый худощавый хорал кожух доход пах хук хау папаха хвощ хвощ дохлый</Line>
   <Line>выдох пух пухлый ух вполуха выдох вход жухлый хохлушка доход доха</Line>
   <Line>хулахуп хорал худо жох показуха жухлый хлопушка вход охапка похрущу</Line>
   <Line>подпухлый плаха проход худо экзарх подпухлый проруха эх ух холопка хрущак</Line>
   <Line>двухгодовалый дыхало захудалый кожух хлопушка храп хрущ хохол проход хруп</Line>
   <Line>хлопок ход хорошо уход хазар запах холл кроха подвох ох худощавый худышка</Line>
   <Line>паховый воздуходув охов воздуховод запах ходок лох казах худощавый дыхало</Line>
   <Line>полудохлый выдох храповой горох вахлак гороховый лопух холодок хулахуп</Line>
   <Line>хрущ горох двухголовый двухходовка голодуха хорошо плохой хорош холка</Line>
   <Line>хулахуп дохлый хрущ ха храп хохолок охра уха ах хвала эпоха вход пах</Line>
   <Line>опухлый пухлый хорда хлопок хлороз уху продух хохла хруп эпоха холщовый</Line>
   <Line>роздыху уход халвовый хлопковый пух роздыху холуй паховый холуй храп</Line>
   <Line>казах хлад аллах уху двухвалковый охапка ух казах двухходовка оглох</Line>
   <Line>заход хадж хоровой эх ха халупа двухголовый пуховый охровый ах похвала</Line>
   <Line>казах хохол худышка жух папаха швах походка шорох хоровод продух порох</Line>
   <Line>духовка проруха холщовый пожух запах пахлава прохлада хлад пах показуха</Line>
   <Line>выходка пароход хороша доход хоп разруха олух дох подход походка прохладца</Line>
   <Line>хрущак хор хадж хлад прах волхв пуховый хау дыхало хук шах хохлы шорох</Line>
  </Level>
  <Level>
   <NewCharacters>мь</NewCharacters>
   <Line>алломорф кворум кромка мулла львом амплуа овамо морока помарка разом</Line>
   <Line>дом молодой акрополь моль разойму дымка молох мул майка подмога</Line>
   <Line>дымопровод главарь малага холодцом вдоволь мог гм муза галька пальма мозговой</Line>
   <Line>вдоволь вождь райком мху дымовой мхом ломка подрамок гофмаршал огольцом</Line>
   <Line>эльф мулла царь шампур гм дымок поэма займа плазма драма мажь заморозка</Line>
   <Line>аэрозоль мы пыль морковь молоко удальцом шмыг зам малышок пума лукум</Line>
   <Line>жмых малышом голышом замковый купцом махра двум гармошка замуж разморозка</Line>
   <Line>удальцов формула млад камышовый хохлом пловцом зажму промазка мозглый</Line>
   <Line>пыльца маг маховый алломорф ужом мажордом пахарь гоголь глазурь алькальд</Line>
   <Line>льды глухарь маховой вопль ком эль долька подрамок ходуль махра замухрышка</Line>
   <Line>умолку ловцом муха хоромы мудрый малышом комма промывка крахмал калмык</Line>
   <Line>марка вальцовка полька морда комма жом прыщом моровой мок молва моховой</Line>
   <Line>коль муж куль поэма дамка кладь дамка вразмах камора размазка аэродром</Line>
   <Line>молва амальгама задаром мху вмажь дымоход макрофаг волдырь маразм</Line>
   <Line>вразмах промажь мразь ольха кормовой пароль ромашка размахайка молоко</Line>
   <Line>формовка возмущу главарь моховой шумовой гамак хвощом долька вожму пожму</Line>
   <Line>проформа кавалькада омуль дурь молокозавод мху молоковоз лодырь корм</Line>
   <Line>хахаль жму пыжом зам мажа замолк копь копь моховой хохма ламповый дойму</Line>
   <Line>вуаль кому лампадка взмок голышом шарм взмок замок хрущом мальцов</Line>
   <Line>альма ампулка грымза мороз мокрый швам дожму мол моровой выхухоль</Line>
   <Line>маг домой помазок ромашка ольха молодь мухомор макака ухом крамола</Line>
   <Line>рамка палашом ломка ламповый марш подмоклый махровый площадь муаровый</Line>
   <Line>полдома выпь помол майка подгруздь крайком пампа волдырь мороз вуалька</Line>
   <Line>эльф млад мазок мальва полдома фольговый мор ломка падаль храм камзол</Line>
   <Line>дымоход ловцом куркуль помалу пыльца молока фуражом хворь гамак муравушка</Line>
   <Line>пульпа май врозь шагом шмыг хром мху умолк гужом аэрозоль помолог аэродром</Line>
   <Line>форум камфара гайдамак пулька огулом лампа пальмовый пажом мгла мухомор</Line>
   <Line>займа малыш домоуправ жму пыль программа помпа овамо молодушка малый</Line>
   <Line>крахмал задаром фальцовка лампадка мошка майорша главком камора мукомол</Line>
   <Line>крамола комовой подгруздь взмах мажа проформа грамм майорша кромка муха</Line>
  </Level>
  <Level>
   <NewCharacters>сб</NewCharacters>
   <Line>особый кубовый скалолаз солгу блокада кубовый сухощавый бобра засохлый</Line>
   <Line>сом убой вожмусь прослойка сбой сок сахар возвращусь рассылка запрусь</Line>
   <Line>сушь голубцом врубовый самодур закваска капсула мухобойка зыбь смолоду</Line>
   <Line>блажь роса бамбук сусаль служба пульс заскок плавбаза слава шагалось</Line>
   <Line>обмолвка лабух словцо опорос рыба сопру параллакс окраска скаковой послов</Line>
   <Line>вразброс мордобой срой улыбка коробок молокосос обожгу лассо брусковый</Line>
   <Line>запас бокс бурозубка рапсовый вспух посыпь абхазка сладкоголосый рыбовод</Line>
   <Line>возрос усыпь салол скворцов срок впрыск загс вызовусь скопцов плоскоголовый</Line>
   <Line>сапог распорка смарагд скупка клуб думалось богомаз сосцов курсовой</Line>
   <Line>разбраковка массовка крыса вполслуха зубровка сполз оброс обращу голубушка</Line>
   <Line>буль скок вспух буржуа зуб забрало прабабка парус посадка бородка</Line>
   <Line>самопал гульба болгарка обжора рыбхоз массовый добавка подсох барбос</Line>
   <Line>всход посуда обогащу баллада загорбок прокос браковка возмущусь лбу</Line>
   <Line>посадка фугаска улыбка поскольку самодур лабаз обкладка саркофаг раскладка</Line>
   <Line>альбом просыпь башмак флокс водоспуск морось бурь скороход блоха губка</Line>
   <Line>араб складка осыпь волопас бой сагайдак духоборка мольба сухарь сыр</Line>
   <Line>облый вспышка сброд улыбка бобра умбра зуб забудь колосс подопрусь</Line>
   <Line>дубрава сага барда смолк жлоб облава господ шубка сырь особа лосось</Line>
   <Line>бурса пасха свадьба бардовый засов боксовый фас космы факсовый сквозь</Line>
   <Line>раскопка пупс голубушка русло спор булавка бука борщовый рыбопромысловый</Line>
   <Line>посла мыс кобыла полусумрак сбросовый башмак посошок заросль расспрос</Line>
   <Line>баобаб засохлый сыск лось справка закуска рыбоход скольку буйволовый</Line>
   <Line>эскулап крокус подсадок запаска кумыс просол бы барахолка бах косхалва</Line>
   <Line>эскарп слада пасха колбаса абхазка бросок сам падубовый бульба свара</Line>
   <Line>сосок послом загс подборка сгрызу бобылка обрывок рубка бука соловушка</Line>
   <Line>сор жлоб обыск ромб рассылка блокада бобок буфф об клуб квас обмолвка</Line>
   <Line>бульдог сурьма зарос брусок басма багров засов скала свозка багажом</Line>
   <Line>басма бабушка босу борзый зулус бойку босу усушка скуловой соус кобыла</Line>
   <Line>разожглась подсадок садковый коромысло псалмы складка боксовый спор скоморох</Line>
   <Line>бульба скаку мусоровоз букварь подобру смазка сказ господа коллапс</Line>
  </Level>
  <Level>
   <NewCharacters>чю</NewCharacters>
   <Line>бычковый басмачом сворочу карачках враскачку прокачусь краюшка муравью</Line>
   <Line>случка сумочка спою сочла собьюсь любовь палачом разуюсь зрачковый</Line>
   <Line>блюдо кушачок зашьюсь бомболюк окручу уволочь подкачусь дошучусь шлюп</Line>
   <Line>чохом рычаг слухачом озолочу дюраль рюха оплачу взбаламучусь алычою</Line>
   <Line>парчой вышью качалка чаща покручу оболью чубарый чары вьюрковый чумовой</Line>
   <Line>подкачусь союз гравюра дачка чад подкручу сыч югославка муравью получас</Line>
   <Line>аллюр клюшка запыхчу клюковка сучка каракульча плюш юкка марочка брюшков</Line>
   <Line>крючок карагач скопычусь закачу почасовой алыча поправочка арчою чужак</Line>
   <Line>окачу прокачу кумачом чарочка помучаюсь озабочусь глюкоза плюгавый</Line>
   <Line>выбьюсь прокачусь кавычка полудюймовый часовой полосочка покручусь люд</Line>
   <Line>кумачом всю ворочусь кашлю уволочь пою вылью кашлю ключом развалюха</Line>
   <Line>людской брюква сургучом кадочка обобью очажок юрк скобочка бювар выдача</Line>
   <Line>галочка мчась охочусь чайком задача лачужка урча журча прокачу музычка</Line>
   <Line>лавочка сучка скопычусь колюшка облокочу добыча чуждый плюгавый запою</Line>
   <Line>юрфак машбюро горбач судачок чулок подхвачусь кольчуга парчовый горбачу</Line>
   <Line>волью зюйд плачь сплочу выкачу окачу подчас сарычом вкачу загородочка</Line>
   <Line>люлька чумазый хрю жвачка вкруговую чубарый взовью вышучу моча качуча</Line>
   <Line>всюду чубарый получка ушью плюшка бочка рыбачка бомбочка каблучок</Line>
   <Line>разовью обуюсь оболочка забочу хвачу пальмочка жвачка чурбак чушь рачок</Line>
   <Line>озабочу буча сочлась подолью калмычка ворочусь музычка слюда воспою</Line>
   <Line>харчо вволочь балычок сучка очковый кольчуга лавочка молча ворочусь</Line>
   <Line>облачко блюдо волочь вколочу выручка подача взобью грач правдолюб цыпочка</Line>
   <Line>полюс чудь двухдюймовый выплачу очков закучу чай почва взбучка дюза</Line>
   <Line>парчой хрюшка ворочу обобью бочка шлюз чадра обочлась колючка парчою</Line>
   <Line>закучу взлохмачусь шлюзовой дача вольюсь купюра пасюк качка кавычка</Line>
   <Line>русачка каракалпачка люкс чукча досочка югослав подкачка юморок парчовый</Line>
   <Line>взбучка чукча блюз раскручусь дырочка пыхчу окачу кюрасо бучу чумка</Line>
   <Line>пальмочка лучок выволочь бочка колпачок вьюрок улюлю складочка магарычом</Line>
   <Line>раскачу вздрючка брюк жучок брюк грачом люк холую озабочусь плюмаж лампочка</Line>
   <Line>чалка рассрочка выпью подвыпью всюду заколочу укручу разовью ворочу</Line>
  </Level>
  <Level>
   <NewCharacters>яё</NewCharacters>
   <Line>вобьёшь прядка двояковыпуклый гусёк свёрла вдвоём обгрызёшь зажёгся</Line>
   <Line>грызёшь козявка оболжём своя впаяю вопрёмся папайя увял упрёмся маяк</Line>
   <Line>пройдясь рыбёшка пройдя чьё продуйся правопорядок зяб борясь дрязг сёмужка</Line>
   <Line>допрёшь чёлочка рублёвый завял брёх зубья загрызём опля бязь чёла грядочка</Line>
   <Line>прошьёшь зачёс дуя рябуха якорёк ожжёмся домохозяйка краковяк замрём</Line>
   <Line>зозуля оладья акушёр закряхчу фуляр язва самоё ляд продуйся холуя займёмся</Line>
   <Line>бугаёв саморазряд сольёшься волочься сжёг бряк слёг разобьёшь расклёв</Line>
   <Line>ярус язычковый буря мухояровый язва ушёл блёкла рассохся копёр собьёшь</Line>
   <Line>гусёк вольёмся курьёз упряжь грёб обожжёмся заляг почём якорь заём</Line>
   <Line>заряд шлямбур кошкодёр язычок кудрявый обмяклый загряз лосёвый акушёр</Line>
   <Line>побрякушка похлёбка споёшь прокряхчу продуйся плёс заляг колядка дырявый</Line>
   <Line>допоёшь хлябь мяу валуём воробьём восьмёрка попрёмся увяла лягушка зажёг</Line>
   <Line>обобьёшь выдохся полусырьё доля спросясь сопляк грызёшься жёлоб яшма</Line>
   <Line>впрячься соблюдём заржёшь дряб разойдясь вошьёшь допойся прожжёшь формуляр</Line>
   <Line>вязь расчёлся дряхлый пройдя болячка языковой яблочко углём яд спряду</Line>
   <Line>языковой лёжка пёрся колясочка прёмся армяк прошёл прячась завялый вмажься</Line>
   <Line>замёрз крадя глядя подожжёшь соловья доскрёб жмёшь оболжём полгоря</Line>
   <Line>закряхчу мучайся проймём прогрызём яблочко шляпа грызёмся разопрёшь вольёшь</Line>
   <Line>поляк свёрла зайдя подопрём ухажёр лёгок вопрёшься расползся дубляжом</Line>
   <Line>маркёр рохля дурачьё зазря зашьёмся развязка полячка вошьём шёлковый</Line>
   <Line>обобьёшь блюдёшь добрячка хвоя грязь очёска рядышком обопрём обожжёшь</Line>
   <Line>соболёк прожёгся пляска заклёклый язь взошёл попёр кляп вопьёшься скрёбся</Line>
   <Line>язёвый попячу марьяж горяч валуях впёрся побрякушка погрызёшь бобёр</Line>
   <Line>запрём обожжёшь хозяйка грязь взобьёшь ожжёмся поймёшь гусляр сгрызём</Line>
   <Line>прялка чёл обопрёшь склёпка окромя займём корявый запряжка ухажёр подзарядка</Line>
   <Line>вопьёшься поём впрямую подсядь воробьём выпрячься яблочко коряга обовьёмся</Line>
   <Line>щёлка полушёлковый улья позёмка смяк подожмёмся обзовём взобьёшь обожжём</Line>
   <Line>промёрзлый разобьёшься дрязг зазря бадья пассакалья подпёр хомячок сошьёшь</Line>
   <Line>вожмёмся лёссовый квёлый вздёржка помрёшь заряд хрящом зашьёшь распёр</Line>
   <Line>валуём пряжка взовьёшься проявка щёчка языковой краля взобьёшь подзарядка</Line>
  </Level>
  <Level>
   <NewCharacters>АБВГДЕЁЖЗИЙКЛМНОПРСТУФХЦЧШЩЪЫЬЭЮЯ</NewCharacters>
   <Line>Элла Ирка Гошка Эмма Оскар Игорь Игорь Поллукс Коля Аглая Назар Прасковья</Line>
   <Line>Зоя Эмма Алголь Ольга Оля Егор Алголь Рудольф Валька Толя Галя Ксюшка</Line>
   <Line>Володька Эмма Толя Фобос Абрам Зоя Славка Вовка Эдуард Иуда Коля Аглая</Line>
   <Line>Вовочка Колька Егор Якоб Алёша Будда Алёшка Юлька Аглая Ксюша Люба Васька</Line>
   <Line>Боря Вася Вова Боря Исаак Алголь Вовка Ио Клава Эмма Жора Марк Валя</Line>
   <Line>Уралмаш Лёша Лука Валя Фёдор Назар Вова Эдуард Вася Алёшка Даша Ксюха</Line>
   <Line>Маруська Гоша Маруська Ирочка Ирочка Юра Лука Вовочка Вовка Адам Захар</Line>
   <Line>Валя Фёкла Зоя Гошка Алёха Ромка Маркс Ксюша Надька Евграф Ромка</Line>
   <Line>Колька Влас Валька Надька Макар Карл Элла Ева Наум Лазарь Аглая Майя</Line>
   <Line>Валя Маруся Вовочка Паллада Ева Ксюша Паллада Будда Колька Карл Агафья</Line>
   <Line>Алла Кузьма Саша Алёха Оля Варя Тарас Майя Элла Евграф Вовочка Кузьма</Line>
   <Line>Абрам Прасковья Прасковья Оскар Лёша Ромка Васька Ирка Валя Элла Люба</Line>
   <Line>Паша Вася Маруся Боря Фома Сашка Оскар Вова Паллада Лёвка Васька</Line>
   <Line>Валя Карл Клара Жора Вовочка Гошка Лёвка Ксюшка Магда Юра Уралмаш</Line>
   <Line>Карл Абрам Марфа Оскар Паша Юлька Уралмаш Иуда Ио Софья Марк Надька</Line>
   <Line>Карл Исаак Аглая Пашка Лука Софья Алёша Абрам Ермолай Ксюха Алёша</Line>
   <Line>Вова Абрам Лазарь Ксюха Икар Якоб Маруська Вася Ксюха Надька Алёха</Line>
   <Line>Тамара Аглая Ярослав Ольга Надька Коля Евросоюз Юлька Сашка Абрам Лёша</Line>
   <Line>Варя Вовка Ксюшка Оля Лёвка Вовка Ольга Ира Икар Наум Саша Клара</Line>
   <Line>Фобос Ксюха Тамара Евграф Эмма Эмма Оскар Варя Паша Гоша Алёха Иуда</Line>
   <Line>Маруся Фома Сашка Дашка Даша Зоя Маруся Ксюша Якоб Клара Варя Абрам</Line>
   <Line>Вова Машка Машка Фёкла Юлька Яков Илья Алёшка Васька Дарья Тамара</Line>
   <Line>Ксюха Паша Фома Люба Ирочка Исаак Элла Элла Надька Савва Алголь Магда</Line>
   <Line>Сашка Прасковья Софья Галя Вова Ольга Алёша Марфа Влас Надя Евросоюз</Line>
   <Line>Сашка Юра Исаак Кузьма Ирочка Марья Валя Ира Назар Аглая Надя Якоб</Line>
   <Line>Клава Ио Марфа Уралмаш Лука Даша Егор Варвара Марс Валька Ирка Боря</Line>
   <Line>Захар Маруська Юра Ермолай Машка Алла Ира Людка Марфа Марс Толя Яков</Line>
   <Line>Гошка Алёша Маруська Ксюха Рудольф Евграф Рудольф Яков Оля Фобос Люба</Line>
   <Line>Алёша Колька Наум Зоя Макар Ромка Люба Макар Эмма Васька Марья Исаак</Line>
   <Line>Игорь Егорка Надя Жора Ольга Марс Ксюха Яков Евграф Валька Ксюшка</Line>
  </Level>
 </Levels>
</KTouchLecture>
