<RasytiLecture>
<Title>slovenčina</Title>
<Comment>created by Manfred Schulenburg</Comment>
 <Levels>
 <Level>
 <!-- 1 -->
 <NewCharacters>dk</NewCharacters>
 <Line>kk ddd dk dkdd dkk kddk kk dkdd dkk kk ddd kdd kdd kdk dkd ddd</Line>
 <Line>k kddk ddd kddk dkd kddk k d kdd dkk d kdd dk ddd kddk k k kdk</Line>
 <Line>kddk dkk ddd kk dk kddk kddk k kdd kdd dk kdk d dd k d kdd dd ddd</Line>
 <Line>k ddd k kddk d d ddd k d ddd dd kk kdk kdd k k kk ddd dd kdk k</Line>
 <Line>kk k kddk kdd kdd k d kdk k dd dd dkk dd dkd k dk ddd kdd d ddd</Line>
 <Line>dkd kddk k k kdk dd kdk k d kdk kdd k dk d dk d kdd kddk dd dkk k</Line>
 <Line>dkd dkk d k d k dkd k ddd d kdk k kddk d dkk dd d k dk d kk dd kdd</Line>
 <Line>kdk dkd dkd d kdk kddk dd kk kdd k dkk dkk k kdk dd dd k dkd d kdd</Line>
 <Line>ddd dkk dd kdd dkd k kdd kddk dd dd dk dkk kk k dk dd kk kddk d</Line>
 <Line>dkk kdk k k dkd kddk k dd d kdd d kdd dk k k d kk dd d kdk dkd dd</Line>
 <Line>dd dk d k d kk d kddk dkk k kdd dkk d dk kdk d kddk kdd d dd dk</Line>
 <Line>kdd dkd dkd kddk k k ddd dd kdd kddk d kddk dk kddk dk k kdd d d</Line>
 <Line>ddd dd dk d kk kdk dd ddd kk dk d dkd k kk kk d dk ddd dkk dkk k</Line>
 <Line>dk d dkd kdd dkd kddk kdd kddk kddk dd ddd kk dkd d dd k dd dkd</Line>
 <Line>dkk k k d d d k k dd ddd k kdd d kddk kdd k kddk kdk kk k dk kddk</Line>
 <Line>kdd kdd d k dk k kddk kk dk kk dkk dk d kdk k kddk kdd d dkk dd</Line>
 <Line>k dk k kddk dk ddd k kddk kddk d d k dkd k ddd d k kddk k d dd</Line>
 <Line>dd kdd kddk k k dkk dd dkk k d dkk k kk kddk dk kdd kdd dk d dkk</Line>
 <Line>kdk dd dd dd dkd dk d dkd d kddk dkk kk kdd k d k d k k dd k kdd</Line>
 <Line>dk ddd kddk d k k dd dd ddd kk d kdk k kdd dkd dkd kdk dd ddd d</Line>
 <Line>kdd dd dkd ddd dd dd k d d dkk ddd ddd k dd dkk k k k k kdk kddk</Line>
 <Line>dkk d ddd kddk kk kddk d d kdk kdd dd d kddk k ddd dkd dd kddk kdk</Line>
 <Line>kdd ddd d d ddd dk k k d kdd kddk dkd kdd k kk d d dd dk dd dkd</Line>
 <Line>dkk kdd dk dd dk dk dd dd k kddk dk d k kddk kk ddd dk kdk dd kddk</Line>
 <Line>k dkk k d kk kdd d kdd dd kdd dd dk d kddk d dkd kk dk dk kdd</Line>
 <Line>kk d kk k dd kk dkd dd d dkd dd k dd dd dk dk dd ddd dkd d dkd</Line>
 <Line>ddd dkd dk ddd d d dk dkd kdd k dkd kdd kk dkk kdd k d ddd dk k</Line>
 <Line>dkk kdk dk k dd d k d k dkk kk dk dkd ddd dk kk kk dkk k kdd dkd</Line>
 <Line>d dkd dd ddd dk k kddk d kk ddd dkd dkk dkk k kddk kdd kddk k</Line>
 <Line>dkd dd k kk dkk kddk dkk k ddd dkd dd d dkd kk kdd kk d k dd kddk</Line>
 </Level>
 
 <Level>
 <!-- 2 -->
 <NewCharacters>jl</NewCharacters>
 <Line>jjl ljklj l lljl jk jl k ld kljk lj klk k jklkl ldlkkl klk lkl ld jk k</Line>
 <Line>lklj ljl kldlkk klk llj l ldlkkl lj klk ljklj klk k ldlkkl ljl llj lkl llj</Line>
 <Line>lkl klk k ldlkkl k jk klkjj jl k jklkl klk klk jl k l lkl jl k ld l lljd</Line>
 <Line>l klk k k llj llj ld klk klk lj jl ld jjl l lkl ldlkl klk ljklj l klk</Line>
 <Line>ljl k klk l ld klk llj llj klk lkl ldlkl l k jk jklkl jl jjlkl l klk</Line>
 <Line>lkl klk ljl jl lkjl ldlkjl jlkjk ld ljl lj lkjl jlk llj ldlkjl jlk jlk ljjlj</Line>
 <Line>jlk jlk l jjl k k ldlkjl l l lkl ld l jjl jlk lj jlk k jk dlkdl lj lj</Line>
 <Line>ljl k jjl ljl jlk k jljk k dl ljlj klk jl ljl jlk ljlj lj k ljldl jl ljl</Line>
 <Line>klk lkl dl k lj jlk jjl jljk lj l jljk jlk k ljlj lj dl lkl l k dl klk</Line>
 <Line>jljk jlk ldlkjl dl ldlkjl dl l lj jl k jjl k lkjl ljl lkjl k lkl l jl l</Line>
 <Line>jljk ldlkjl ljldl k l ljjlj ljl klk jlkjk l ljlj jk jlk jl jjlkl jl klk ljldl</Line>
 <Line>dl lkjl ljldl jk jk jl lj lkjl k jl jjlkl ljjlj jlkjk k lkjl ljjlj ljlj</Line>
 <Line>lj jl jl dl dl jl dl l lkl ljldl lj jldlkk ljldl dl jlk jjl jlk k k</Line>
 <Line>l ljlj ljjlj k jlk jlk lkl ldlkjl ljldl ljldl k jlkjk lkjl jk lkl ljjlj jjlkl</Line>
 <Line>jl dl jk lj lkjl lkl dl k l k ljjlj ljjlj dl ljldl ljl ljldl klk ljldl</Line>
 <Line>lj jk ljldl jlk lj l ljjlj l jlk l llj jlkjj jlk jlk jl jldlkj ljl jlk ljjlj</Line>
 <Line>jl jjlkl ldlkjl jlkjj ldlkjl klk dl ljlj k jlk ljlj jlk jk lj jl k k klk</Line>
 <Line>k ljlj dl k jjlkl l jlk jk l jlk k ljldl jlk ljl jjl jlk lkl dl ljldl</Line>
 <Line>jlk jlk klk ljjlj ljlj lj jlk dl ljldl dl lkl jlkjj k lkjl ldlkjl k jjlkl</Line>
 <Line>l ljlj k jlk ljjlj llj jlk ljl dl l llj k lj l ljjlj jlk lj lkl ljl</Line>
 <Line>klk jlk jlk llj lk ljlj k lkl ldlkl lldl k lk lk jlkl jk lldl lj llj</Line>
 <Line>lk lkl lk lldad jl llj l ldlkl jl jjl lj ljk lj lk lk llj lldad ljlj</Line>
 <Line>ldlkl lj jl jlkl lldad l ljl lkl ljlj lk llj lk ljlj jk lk llj l lkl</Line>
 <Line>l l jl l jlkl dad jl k lldad lj lkl lk lk k lkl ljl lk jjl jjl</Line>
 <Line>k dad dad jl lk lk lk jlkl lj l lk lk l lkjj lkjl jjl lkl ljlj lkjlk</Line>
 <Line>ljl k lk k jl dad lkl ljl k klk l ljl k jjl k jl llj llj lkl jjl</Line>
 <Line>lk lj l jl ljlj jk lk ljk l k jl lkl l lkl ldlkk jlkl jjl jjl</Line>
 <Line>lk jl lk jk llj l lkljk k jjl jk ljk dad l jl ljlj jl llj jk ldlkl</Line>
 <Line>ldlkk lk lk lldad lk llj jl dad jk llj ljk lj jlkl lk lj jl lj jl k</Line>
 <Line>lldad l lkl ada lk lk jk llada lk lkl ljk jk k jk ljl ljlj lk ada jl</Line>
 </Level>
 
 <Level>
 <!-- 3 -->
 <NewCharacters>s</NewCharacters>
 <Line>ljksdl ljkl l sljs ljks dlks ljsf kl lsdk ls ls ls lkj slk ks jl jjs</Line>
 <Line>l slj jl lkj lsdk fksdls dk lsdk lsdk lsddlk jjlsdk ljk ljksdls ljsdk lj</Line>
 <Line>kl lj lj lkj ljsdk lsdk ljsdk js ls kl jl jl lsdk ljsdkksdlsljs js kl</Line>
 <Line>lsdk ll lss ljdks sljsf lss ldks jl kl lsljslj kl ldksf kl lssljs ls js</Line>
 <Line>s ldks kk js kl js ls ljdks jl jjldks ldks jjldks ldksfksdldks ldksk slj</Line>
 <Line>slj lj ljdks lkjksdldksf ldkd skk lsljs lj ldkds ldkdsk lks lj lks ldkdsk</Line>
 <Line>slj kl sf ldkk lj ldkds lj slj ldkdsljs sljs ldkds ks ksljs</Line>
 <Line>ldkds lsljs sf lks lj ldkdsf lksljs ldkdsljs jjs ldkds slk kl ldkds ldkdsf</Line>
 <Line>s ldkds ldkdsk ksdjl ldkds lldkdsk js lsljs sljslj lks ljdkds jl</Line>
 <Line>ks ls ldkdskk ldk kl ks kl js kl ldkdsk kl ldk slk ldkd skk lkj slj lks</Line>
 <Line>ldkds lksljs ldkdsf ldkd kk lsljs ldkdsk slk ldkdss lkj lkjksdjjldkds</Line>
 <Line>ljksdkl slk jjs ldk ldkds lsljsf slj ldkd skk jl lj kl lj jlksdl ldkds</Line>
 <Line>lkj lkj ldk lkj kl lj lj ldkds lj lks ldkd skk klksdldkdsk lj lj ks kl</Line>
 <Line>ldkdsf jsljslk ljd kds ldkdss ldk dsk ldkds ld kd skk jjs lkj slk jl</Line>
 <Line>l lj jjs ls ldkdsk ldkds kl slj ldkdsf kl ldkdskk slk jjldkdsljsf ldkds kk</Line>
 <Line>ljdkds ldkdsljs ls ldk dskk ldkds kl jl kl lj ls kl ls kl sf lls ldkdskk kl</Line>
 <Line>sf lj ks lkj lj jjldkds ldsk ls jjlds ldskk ldskk ldsk sljsf slj lds</Line>
 <Line>js ldsf ljds ldsf lks ks lds jjldsljslj ljds ldsk ksdjsl jjlds ljsk sdks lds</Line>
 <Line>lds lkj ldss ldsk ls lj ldsk lss jl sf ljds kl sljs lds lsdfksdlks ls</Line>
 <Line>ls lsdsljlj lsdkk jllslk sf lks lkslj lsdk jl lksllsd kklkslj</Line>
 <Line>ks lks ks ljsd lsds lss lsdk klksdks lksljlk lj slj lsds ljksdjs jjss</Line>
 <Line>kl lkslj lj sljksd lsdf lsljf ls lsd sljf lsds lss jjlsdl slk lsdk</Line>
 <Line>s kl lsd lsd kl lsd lj jjss ls lsdf lsd jjss kl lsd jjlsd jjs sf lsd</Line>
 <Line>jjlsd ks lsd jsl slj jjlsd lj sf lkj klksdjjlsd kslj lsds ls lj slk</Line>
 <Line>lsdl slj lj ls js lkj ljsd ks lkj ks lsdk jjs lsd lsdl kl js lj</Line>
 <Line>s lslj sljf lsds jl ljsdl lkj ls jl ls lj slk lsdf jjlsdl ks lj</Line>
 <Line>ljsd lkj jslj js lsd slk lsd skk jl ksl lsdss lsds lkj lsds jjs lsds jjs s</Line>
 <Line>lsks dkl lsdsk lsdss ljksdl sdsf kl sf slj kl sf lkj lsljlk ls ls ls</Line>
 <Line>lj sf kl lsd kl lsd jjs lsds kl ljsd jjlsd lj js jl sf kl kl jl jl</Line>
 <Line>lsdf lsd lsds lsdslj lsd slk lksljlj lkj ljsd kl kslj lj kl lsdk lsd l</Line>
 </Level>
 
 <Level>
 <!-- 4 -->
 <NewCharacters>af</NewCharacters>
 <Line>dll dafs sldks fldk fafs faf fldk safs fldsk jdkaf fldk</Line>
 <Line>sds afl safd jdkafs af lafs fldks afld ld dsk fldk ldks</Line>
 <Line>dsk af jdkfa fds ld sfa sds kds kd ffa ffa faj fd k lfa</Line>
 <Line>jdk lds lfa sfal fa jdkfa fa fas sdk fads sfal lds fldk</Line>
 <Line>faffafd falksdjdk fafa ldk lds lfa ldkd ffas fadks fas</Line>
 <Line>fas fldk fal sf sfals jdks jdkfas dsfa dsk fas dj fal fals</Line>
 <Line>dkd sfal dlld sdlsds dlls sd dls sdldls ffas dsk fals dsks</Line>
 <Line>sds jdkfa ldks lds lfa dk lfa sldk ffal faffafds sldks</Line>
 <Line>ffa fa lfa fa fald fa sfa sfafas skd sfafa fldk skdsd jdks</Line>
 <Line>dsfa fas fa fldk dkd fadd lfa fadks k jdkfa ffal fds sfas</Line>
 <Line>fal fald faffafds faf ffals fldk ldk fldk fldks dsks fldk lds</Line>
 <Line>fldk lds ld dkd fldsks fad skds sfa dksd sfa ld skds sfal</Line>
 <Line>sds lfas dsfas fal sfa fal lfas kfa sfasd sldk dsfas lfas</Line>
 <Line>fal faffafd sdk faffafds ffals dsk fds fals dsks lds jdk</Line>
 <Line>dsks fals afdk afls afdks afs dsksksdk jdkaf lds fldk dsafs</Line>
 <Line>d fafl af k kaf affaffd afd fldks sdks afdsd laf safsds</Line>
 <Line>sd skds lafs jdkds af affaffds ldks skd afdk fldks ds skd</Line>
 <Line>afs jdkds afd fldk fafls afs faf safs ld afs dsk aflds safls</Line>
 <Line>afs skds safsds fafl dkd safsd fldk afls fldks lds safafsksdsafsds</Line>
 <Line>dks fldk sdks sds lds af fldks jdks dj dkd afdk fldks</Line>
 <Line>fldk dsk laf fldks afs kaf af jdkds afs dsks afd aflds jdks</Line>
 <Line>affaffd sd fldk safsd dks sds laf kl fd dsks af safl</Line>
 <Line>aflds fafl ldks afl fafls safafs afld skds afls afls jdkafs</Line>
 <Line>dsks safls lds laf lds dsk afdks kaf jdk fldk sdldls fldks</Line>
 <Line>fds sdks sdlsd jdkdsd dlfdlfd ldl dlls dlj ldls ldks fdls</Line>
 <Line>fdll fldks sdadl ldls dll dlldsl dlld k ldl skd ldks dsks</Line>
 <Line>ldk jdkdad fd dads ldl jdkds dadk lds sldk dl kd dsdls</Line>
 <Line>sdll dll k fldk dls sldk dl ldl ldl fdl dsk dll dadks sdls</Line>
 <Line>ldks lds fdlls ldlsd lds dkd ldk skds dlf dl jdk sldks</Line>
 <Line>sdadls dlls ldls sdadl fldksksddllksdld fdl sd ldls fldk ds</Line>
 </Level>
 


<Level>
 <!-- 5 -->
 <NewCharacters>ie</NewCharacters>
<Line>deje saje delia jedla sedadiel fakli kadili liadka kefli kalika ledakde klade</Line>
<Line>silila kalia sedkala lesklej silili skiel sklesli fialiek dial eifel lial sfliaska</Line>
<Line>sfaklila leji sedliak siakaj kile sedela dejiska sadil afakia leda sakija diala</Line>
<Line>sadali dedil delidiel ledajak diale kliala jaksi alef skladali kiksli elka liala</Line>
<Line>fikla delil diek dese seka kiks dedila leleka kadil sedielke faklili klesli dejiske</Line>
<Line>sika liskla sladila kief kiksla sedel klial dade kadia siaka sedkaj lade sfliaskali</Line>
<Line>fiask sliedi kajali alias klesala sake jedlej fliaskaj sfaklil dajakej klasia kale</Line>
<Line>flieskala sade liek salde edil sladia sedkal fikaj sadielka jasle skalil kalili</Line>
<Line>sliedil sadle jedle kadidiel faklila deke skladiska fidlikala fliaskali sede sedla</Line>
<Line>lelek sedadielka dielika deja sladidiel kadekde diel fifik leja lese dela kajke</Line>
<Line>lise diske aidse sale esej lieka kalila skladisk dakde kade diska slade klika</Line>
<Line>sedia lejaka klasili dielik flieskal faklia dele jediel fikali kalif kdesi desili</Line>
<Line>dedili kladie ladili slede kadejakej sadkali keli kaliska fiala sadielke sled keksa</Line>
<Line>klikal sliedila ejej klikli fidlikali ladil kakadej seje skielka jedli leska kefa</Line>
<Line>fifika skladiske sekla aleji aleje dieli klif klikaj fidlikal klasika skiffle delidle</Line>
<Line>lida sliedia aidsa kadesi siala fjedl klesali dlel liskli jasiel delila kele kasali</Line>


</Level>
 
 <Level>
 <!-- 6 -->
 <NewCharacters>no</NewCharacters>
<Line>kane naskladaj koloide dajako naklonenie skladanka odnosia</Line>
<Line>nenaondili dedenie lajne klalo fines eden solenie nedosiali idol</Line>
<Line>sililo liene kladina lienili jasnela najedla naklonenej lanka seklo</Line>
<Line>nasala jojkali kefol odoka fiklo nasekal kandela sladilo kolosea</Line>
<Line>niekade kladenie slinila silon osinela slnili onikala fiflena</Line>
<Line>nadialo odsedel odliali siena sklo delilo oondel odflinkalo sienko</Line>
<Line>osedlala osolili dokonaj odkalenie liena sodne jedenej nadkladali nasadilo</Line>
<Line>kanadiek donosenej sadlo seno odosielala kolosa oslnilo dedilo solenia</Line>
<Line>dolka danielik okani nalodenia nadkladalo oslej sadenie dnes</Line>
<Line>klene neleje dokonal kalina lesklo neodjedaj odkos odladili nanesenej</Line>
<Line>snili nika ojko odkliali nefandi skladisko jednej kanie dlenie ofsajd</Line>
<Line>nosilo odel neoslnila neodladilo nadanie oklaska danej ojedinelej</Line>
<Line>dojedala nasekla ojedinele diakonka jasanie kliesnila sedielko dejinnej</Line>
<Line>sadne alkaloidnej skladanie nasekali doladia naladenie naklonenia</Line>
<Line>lisol laso klokan ladnej kanadskej osadila dosialo klikalo kone</Line>
<Line>oddali naokolo naseklo sklonenie okien odosielalo flaneli</Line>
<Line>nasekaj dosladili nafliaska naladila oska konfesii nosiska soli jednali nejdi</Line>

 </Level>
 
 <Level>
 <!-- 7 -->
 <NewCharacters>rm</NewCharacters>
<Line>emisnej frfle mernej islamom mrdajme masakri sladidlom</Line>
<Line>slonom jamiskami oddielom olejem smoliarkam krkmi frakmi riodejaneirskej</Line>
<Line>derie mennej domino dodralo sklamali sekom jajkaniam srkali</Line>
<Line>skorom odkroja kriesia ojkami semienok jednorodenom maliarke</Line>
<Line>mierne mierka smena sladidlami madam lesnom seredskej mrkol</Line>
<Line>jednajme sadrami sfliaskam sedeniami orloji delidlom sekansmi</Line>
<Line>ofrflala okresom kreoliek rekord smrekom mele osamele</Line>
<Line>odjeme jmi dokolem milier odkreslil jar rafadlom skifom menili</Line>
<Line>nenaondime alarme mliaskame oklamanie sliedim komisne</Line>
<Line>jemnej mokke omladla odriekam kriesenia lalokom</Line>
<Line>dilem odmeralo korienka riasila irismi ojami serieme nosidlom</Line>
<Line>odkmasneme korilo ofsajdom oriem omamne naondejme</Line>
<Line>nemojkala miliarda skomolenia komsomolke frk mokrej</Line>
<Line>driemem smolili siemense odronisko oneskor drnkalo lemami</Line>
<Line>komolenie klamalo meranie mrmlanie kraj</Line>
<Line>dennom omdleli krkolomnej ondejme omladlo odmorilo mamenka</Line>
<Line>ronde omdlela sklamane odfrknime namelieme</Line>
<Line>odmenili jeseniam komisnom mierami dieriskom doredikaj</Line>
<Line>odmernom komora dral rondom monokli srdmi miesia</Line>
<Line>rokmi delami oklamme skrojka nadir komolili namlela fikajme</Line>
<Line>dolomili osirene nenaor omelom modrie kresielkom korde mojkali</Line>
 </Level>


 <Level>
 <!-- 8 -->
 <NewCharacters>vt</NewCharacters>
<Line>namotalo dostrel tlakom veslovaniam metiem interesoval</Line>
<Line>vandalstve jastria dokrvavili tmavejme temniem neostarla okrov</Line>
<Line>tantalovej svine remitentom sietivami vrstvia nalakoval intervale vkladajme</Line>
<Line>svetielkovala nasekajte vodavom vstrieknite navedenej odkreslite satelitom</Line>
<Line>stmavejme stmavej konvertitkami stresovanie vrstvilo letorastmi rest stajni</Line>
<Line>lakotnostiam dvojskok trojkolka odvievam kolenovej seminaristom revidovanom</Line>
<Line>nalistovala termofilnej dorastovom orientalistiek sakristia fatalistov</Line>
<Line>trianonskej matkine medovina internistka dislokoval namodelovali</Line>
<Line>vodievalo telenie otriaslo klietkovej teta svaliskami kivi fajnovej vnadia</Line>
<Line>fafrnkovi iredentistami miestenka dvojtretinovom tvaroval nestormi rovinnej majoritnom</Line>
<Line>odkrajovalo kokteilov strateno dovarenom nadskakovali jojkajte frekventant retroaktivitami</Line>
<Line>atakoval mafistka majsterko vkradneme smerovane navarili dodievajte semenovom</Line>
<Line>rovnomennom idiotskej stvoria neokrejete tiranskom asfaltovania karimatke vesien</Line>
<Line>jasajte neovanie defektov lietate tank verenom koketovania</Line>
<Line>faktmi klarinetista jednoliatostiam vravieva mentorstvo olova artilerista</Line>
<Line>mliasknete dovravelo mikrosvet novelistiek</Line>
<Line>dvojramennej starosvetskej nitkovitom frasovi kreditormi drevnatelo</Line>
<Line>vesielok svetlomilnej fasoval konvent smerovkovej drsniete stretmi</Line>
<Line>sadistka odvliekli mrmotom ovesilo vsiakajme tiesnim osnoval varovnej marinkovej</Line>
<Line>sivka frivolne diletantkami aksamietovej svital fliaskajte nedovieral rastrov</Line>
<Line>divadielka venovala veronikami dosiva kartelmi kvete karasov overovanej dotnete</Line>
<Line>eternit kolov listene nastielalo kloktal osejte jatrime triatlone</Line>
<Line>miernosti sokolovne vovalili motore lektoroval jodoformovej ovievam</Line>
<Line>nasteliete metlina radistom odetia varieval artikel otrel stenovom</Line>
<Line>vkladom stokni odlietalo selektora ostarieme lietadlovej esejistami</Line>
<Line>formovala kvaka oslavovanom astrovom ideovo domova servovali</Line>
<Line>formovanom krovinatom klokotavom nenanominovala slalomovej milosrdenstiev</Line>
<Line>ministerskej verili letok eternitov vedia</Line>
<Line>liftom fialkovom slnovratom moralistom odstave tenknem fosforeskovala</Line>
<Line>direktorstvo admiralita advente kotlinovej alternovanie satanstvami varovali</Line>
<Line>tlkotmi mietli starostovskej imanentnostiam investovaniami</Line>
<Line>lienkovom trofej dostriekame nemejlovali vsiakavostiam stromovie</Line>
<Line>tlmivka oterov dvojitej oklamte kandidovali vtierali terasovito</Line>
<Line>stenal elementov formovali listami viest rektorstva vektore krstniatkom slovenskosti</Line>
<Line>dokvasenie sovietskom inertnosti ovoniam skejt tetovanie kvanta valami stavov</Line>

 </Level>




 
 <Level>
 <!-- 9 -->
 <NewCharacters>pu</NewCharacters>
<Line>paletka plesknime odsunu poleptala pritisnime profitami naolejuje datuj</Line>
<Line>podiv pokrajom podlomenou sklu predala dopisovala spresnenia pomkol</Line>
<Line>posunkovou uveri nepodmasti nepriama pitve poddanstve matikou pejou</Line>
<Line>deptalo premietame priata evokujte ustanovilo potriedi pripekajte pravidle</Line>
<Line>ustupovali podrkotal evokuj ruksakmi povravela prdia premokni stupe</Line>
<Line>prevarila kamelotu pretekajme podperila atamanskou upravte nadrapte</Line>
<Line>urvalo rusistiek stepnatej pripli papreme tepanom uvidia pramenitom nepar</Line>
<Line>panteisti depresia konvenuj napriamuj stanujte oponentovu duneniu spadnite</Line>
<Line>pritiekli lipovom posadni ustaranou potravin numidia premenuj jaspisovej</Line>
<Line>spoileru poistila pradivo slepnete medituje neutrier tapetujme spievavali</Line>
<Line>posielaniu dotrpeli napraveniu sujetovom doplnilo posilnili oformujeme</Line>
<Line>makovnisku dulovom durovej popriala dupne nakvapkalo opalku podkasaj</Line>
<Line>dupkala oplotili frnduliam postrkal frasu spadmi lepiva dolomitu nosisku prekladaj</Line>
<Line>polrokom fritujete primalej reptavom poderiem tvaruj pren opojne spojovali</Line>
<Line>opanovalo prednese neoplietlo kultivoval prepletie moderujme mordujeme</Line>
<Line>loptovalo neodtrpia kopa opisnej arkus skeneru ornou slipov umiestili maskovaniu</Line>
<Line>pokonne pofrkovalo popukom appointe dumavom milujme loptovom</Line>
<Line>umeniam parafa seknutie idealistu pivotmanka prstienok pulman plesov</Line>
<Line>vlastnenou speli turnusu spresnime odklepnite vpustili deprimujme murovanie</Line>
<Line>akru reliktu nasunite dosekanou pokukuje nadiktuj polopriame uranitovou</Line>
<Line>dumal summarum usmerni potkania odlifruje prdneme strojopis mustra</Line>
<Line>prestavaj dominujeme spekavej povarujme lues nakukol pentameter triumfujem</Line>
<Line>smerujete sadruje otravujem polstrana podplatila pekne kunie lesou spapkali</Line>
<Line>dopekajme repetia umieste padli futierko skuje rokujem splieta priliepala</Line>
<Line>kempoval meteru pondelka fasujeme poriadkov plesknite autostopu uletujte</Line>
<Line>upieraj klipsni krvnatou upevnilo podkupoval klientovu presililo odtrpte idiopatia</Line>
<Line>autopsiou lipskej pririekli osmutnej odpasie tipovalo nepas oslepoval eposom</Line>
<Line>modeluje uvedomenej panvovou spresnenou dvojaku mentorujte prieramok</Line>
<Line>poskladala papila prstienku lepidlovom prodekanka lipovou dodavoku kanulo</Line>
<Line>tlkotu komunikuj posiedka nadpisov opakovane pite audiometri renovuj povraveli</Line>
<Line>presiakne doprialo prevodu preskupte ukladajte prostred priradila postarajme</Line>
<Line>okorenenou triasu odpadneme ovakujete miestopisa mapujte importami</Line>
<Line>poves futrom pardone psiska napriekor opasujme pletiarski</Line>
<Line>privrieme mokrinku odsunovali dopravoval napovedal parenisku nespotvor relikviu</Line>
<Line>monoteistu pririeka tuk potrepala nadmernou asistujete lapajskom naparili</Line>
<Line>prepnutou prianiam fasujem sverepom pritisla predkrme preplavte pranirami</Line>
<Line>podlomenia primasti polokerom oslepte interesuj oteplil postupov</Line>
 </Level>
 
 <Level>
 <!-- 10 -->
 <NewCharacters>g</NewCharacters>
<Line>sterigala tragik pigajte propaguje glied auguste gitarista kogentnom</Line>
<Line>gniavivou legovej smogovom energetik grilujeme indigovou</Line>
<Line>urgujeme magnetom migrantka legujete teenager drogovej</Line>
<Line>dampingmi gagotal geometrie naglgal grupuj figuruje</Line>
<Line>designu margo doterigal rigole pourgujem songami jogurtov glgne</Line>
<Line>regestu glot negovaniu frigidita glos legovala legovanou drgne</Line>
<Line>regentka vsugeruje jagotov grafite glejov agov intriguje mangu</Line>
<Line>figurujte anglisti gala leasing glejil minigolfe golfe ugniavia dampingov</Line>
<Line>agentka ligovou surfingom golfiek smog drgnime gepardie</Line>
<Line>grafovej korigujme margami dopingov kemping ligotajte</Line>
<Line>ergo fonogram magistru gloriola negovania spropaguj vterigala</Line>
<Line>gniavenom gril gestape autograme drgnutej gigantu loggiou</Line>
<Line>lingvisti frigidne pourgujte monsignor kilogram rigolov drgavej gajdovala</Line>
<Line>jogistom drgnutie agensovou granulit signovali anglistka grupovala</Line>
<Line>rogalisti doga laganstvo energiami grupujte guru pagoda sgrafito</Line>
<Line>regresu pigala algole glosujem grilu legatami dekagram pelagra glgnete glgmi</Line>
<Line>augustu garant gumenou gesto frngnete singlom pigmentom ratingom</Line>
<Line>frngala epigrame lengaj glgal gemerskou eugenik songov agilnej skoriguje</Line>

 </Level>
 
<Level>
 <!-- 11 -->
 <NewCharacters>y</NewCharacters>
<Line>slalomy vypojila skony syringu naviatymi odomykala</Line>
<Line>vyvrtnete vydaj vymrvme injektory alarmy vryjete podpisy</Line>
<Line>vmyslite vydojme platany vytrepalo apokryfov klky sotvakedy pyskov</Line>
<Line>vylovme vysadli vysekne odysei nasypme strojkyne mlynom</Line>
<Line>knokauty vylovoval typu opytovalo odkedy vypriada</Line>
<Line>manifesty vytrasiem vydierame pukoty mydlite kyanidom vytriasaj vyondiala</Line>
<Line>vystielal vypije typovom rys mukyni nevyfrkol monopoly</Line>
<Line>vyjavenom polynkom lignity riporty typujeme moskytie potoky pomyjam</Line>
<Line>kyvadle strynami ornamenty vypasenej naveky orly odpykania</Line>
<Line>vplynulo popuky vyoperuje osemstupy smykovala vyronil kumysov</Line>
<Line>kry vyfrnklo vydelenej kyselina kryolitom rypnou pomysli piliarsky vynosili</Line>
<Line>myjavskom vykul vysvitol vymerali vyfrknete vyprskla vysvital akronymom</Line>
<Line>vyjasnite prievany vymienil vypekalo vyostri priestory tryskom</Line>
<Line>vyjasnili vyfutruj povylamuj otrasy podmylo vyprskol synonymom superligy</Line>
<Line>skysneme vyvetrali sektory komforty vypros moskyty vylovia</Line>
<Line>etylovou vymri nevynovuj nakysla rusy kopytom vyrytej vyje piliary tuny</Line>
<Line>kyvotal odyseu vylodia vylovila vykrmuj vykopalo vysalo pokyny sypete</Line>
<Line>rysie mamuty lapsusy vypitveme medovky vytesanom tonusy</Line>
<Line>podmytie vynosilo prekypruj iredenty mykanou lysou tyranstva</Line>
<Line>ferity metonymii vysolila vydesenom myokardov synovom</Line>
<Line>vysiakate frniaky navykol vymodlilo vyoralo vymretou tartany odym</Line>
<Line>fenotypu vypijeme yard vyriadi vysadili dejiny vylisujem parovody mydlo vyondial</Line>
<Line>nefrity privysoko vymyslite skydla syrila kyslie synergie igelitky vyratuje</Line>
<Line>vykydalo lysinkami kyjevskou vynosil vymriete nevypar vydesil vyladenom</Line>

 </Level>
 
 <Level>
 <!-- 12 -->
 <NewCharacters>zh</NewCharacters>
<Line>husitizme zaduli previezla pohnije zostrojil zhustili</Line>
<Line>odmrznem rihnete potrhajte vyhoveniu ohmatalo nahlas vyhriaty hlavo</Line>
<Line>havranovo zradenej zmodrie hlukovej zavrhnute hostilo ohromujme zliateho</Line>
<Line>zamrnkala zlomenina zmrknutiu hromovom dyhovalo hej zrekreuje</Line>
<Line>numiz zakvasili zalovia nezaluhaj rozduril tranzit mrholilo zvedy zvonivom</Line>
<Line>hnetie poznali vyzradia zaviera zadudrem prituhni zakrojuje vrhneme rozsedia</Line>
<Line>podzolom prievozy rekurzom zduria zvarme rozjasnia honor</Line>
<Line>narezanej tiahnutia rozporov hostina rozorvali uznesiete strihol rozmohla</Line>
<Line>zamrvila uhradenia pomazanie zaoraniu nezmesti rozpredal</Line>
<Line>zrodom rehoty vyhotovuj humory zapiekla dualizmu zahrajte rozrevali odhmyzia</Line>
<Line>vlhkostne trhanom mrazenej zlepili navezte priznal prezerala zazver</Line>
<Line>zatienil anjelovho roztvoril vyznievam prehltnem polotuhej zakvitaj</Line>
<Line>hrdziam zomknite ohromnej priahaj pomazania zatmia hrmenie slizkou</Line>
<Line>zredne vyhnanie trhaniami vytrhla nezamarte rozstavuj zamoruje vyzniem</Line>
<Line>inverznom vjazdy odhadne zdurenina sklznej zatmievam porezal</Line>
<Line>hromujeme zaluhaj zmrhajme kozmami stehov nakazeniu</Line>
<Line>nerozvi zasielate narazme kurzorom hodnotnej prehnijem rozrasti privrzli odvezte</Line>
<Line>hrmolila uvzatom vyhostia zalomozil nadjazdov ohlasuje</Line>
<Line>natrhnem nezaisti uhrovitou vyprahnem hltana prielazmi holennom znezrady</Line>
<Line>zaprel rozviedol odjazdy zotmenie meridzia husiar rytmizuje zamontuj influenza hustime</Line>
<Line>vozievame zotrela hrtan prahnete rozkradla prizvane kozliat zahasenie</Line>
<Line>hupky farizejka impulzom zatav dovezte hrdinova uhasol zvitkom rozparilo</Line>
<Line>halieriku odhmotnia zavezme zakupoval potrhol zakalenou tranzu osihotelo zjazdovou</Line>

 </Level>
 
 
 
 <Level>
 <!-- 14 -->
 <NewCharacters>bc</NewCharacters>
<Line>chrbticu bodcovom bocianmi bociania buckovia coulombmi ochablo</Line>
<Line>brbocme blbec besniac podobriac ochabnite biciemu babicou</Line>
<Line>chobotoch obracajte zbojoch zbaliac ebenoch obhajcom obcovalo</Line>
<Line>obodriac pochyb drobkoch obrokoch odfarbiac chybme krabica</Line>
<Line>sebectvo zafarbiac ozubnica chybujte hrbiac robotnice labancovi pribuchlo</Line>
<Line>chudobnie brlohoch baliaci farbiaca holubica nafarbiac bunkroch</Line>
<Line>obchodom chabzda obrazcu cimbala braneckom obrazoch diablicu</Line>
<Line>chorobnom burcoval nebesiach obeciame nechabrem obohatiac kadluboch</Line>
<Line>bahniac chudobnel bacajte banditoch trbliecu obschnem obrodiac obeciate</Line>
<Line>hubicovom chybelo chrbtu bdeniach ozuboch pochabili zoslabiac</Line>
<Line>bacneme chlebovom zahanbiac babiciach obschla spochabie</Line>
<Line>hrboch burcujem bilancie burcujme obstaviac objektoch bodcovou</Line>
<Line>izbicu obchodila obletiac obracanie labancov bareloch cimbalov chobot</Line>
<Line>absorpcie hoblicami chobota hanobiac timbroch chyba bridlicou zbabelec celebruj</Line>
<Line>boriaci biblickou chudobnou rybacie diablica bucko obkladoch chabne</Line>
<Line>abscesoch schabrali camembert tablici obraciate buchoceme obsychali zabuchol</Line>
<Line>barancov skiboboch nechabri chybil vycibria oblakoch bielych kabanice</Line>
<Line>obchodne chudobne zburcuje butyloch pochabelo barchetu bodcoch brzdiac</Line>
<Line>buchkali zaboliac bukvici braneckej pochybne baskickou bufetoch nechybne</Line>
<Line>bacal lesbickej blboceme barancovi brechali balastoch zubrici borovicou</Line>
<Line>celebrita budiacej bachory brucho bucharov obklopiac obec chabej</Line>
<Line>baliacich tabliciam barakoch ozubce obesiac bahniciam obchody babiciam</Line>
<Line>bodcami chabol brechoty bezcennou abscesov buchne bicie obecal</Line>
<Line>bacilovej stebielec budiaci bradavice cibrila kibicujte labanci</Line>
<Line>obcovala ambitoch zbrojac rozboliac bocianiu bicykloch holubinci bocianovi</Line>
<Line>schybilo chabri obchvatu obcovali coulombu vybuchuj burcovalo zabuchli</Line>

 </Level>
 
  
 <Level>
	<!-- 15 -->
 <NewCharacters>q (English)</NewCharacters>
	<Line>acquit quaver liquefy parquet torque squelch squeeze qualify baroque enqueue lacquer</Line>
	<Line>equate equidae quark squirm squire acquire quat quartet chequer quote squash equator squirt</Line>
	<Line>quilt sesqui bequest squeak pique equal quash requiem quirk marquee oblique inquiry inquest</Line>
	<Line>equip quota liquor quorum liqueur equally quaint quicken opaque quay quarter cheque sequel</Line>
	<Line>quiver squint enquiry query qualm quiet quince quintet equine brusque equable squinty sequoia</Line>
	<Line>quartz mosque piquant quit equably quickly quip request conquer unique antique quern quintal</Line>
	<Line>quake quinine aquifer queen require quack equated square quirky quarry quality aquatic queue</Line>
	<Line>inquire bouquet quite squall quietly claque unequal quibble squally glauque quadrat enquire</Line>
	<Line>squared liquid squid squat quinsy quetzal banquet quest plaque equity sequin quitter quench quarrel</Line>
 </Level>
 
 <Level>
	<!-- 16 -->
 <NewCharacters>w (English)</NewCharacters>
	<Line>wood fowl wiring wine weed crew swaddle witch wart wanton eelworm sawdust wind eyebrow</Line>
	<Line>fawn warfare stowing wobbly wake weigh warped world swamp swallow inward walkway two maw dew</Line>
	<Line>whiff dewlap whistle pew wastage weekday fewer worn where working yawn wheat wallet await</Line>
	<Line>cowed awe throw whose dowry owlet bigwig unscrew owe redwing tow warm hallow mildewy wedel</Line>
	<Line>showily pathway mowing wear wigeon trawl towel swarf writer mugwort mower wrench ribwort</Line>
	<Line>warrior dwarf wed wharf slew tweak twinkle town wedging snowman cowshed willful width browser</Line>
	<Line>brawny gawkily wane tweed walnut whorl rowdy dawn jetway wading mew drowse swipe whether known</Line>
	<Line>scrawl wire dowdy awl waiver untwist wedlock swear swathe awed swivel will woollen wan know</Line>
	<Line>whimper wedge wolf wooly weakly own wander cowpat crowd wean vow narrow hollow uptown fawning</Line>
	<Line>beware swig whirl gateway wriggle wicked warp crowded washy bewitch wasted which windy</Line>
	<Line>fellow warlock morrow answer nephew claw widgeon avowal wick dowser</Line>
 </Level>
 
  <Level>
	<!-- 17 -->
 <NewCharacters>x (English)</NewCharacters>
	<Line>mix fix vertex syntax hexagon extra exalt excrete fixture exhibit toxin exact dixie</Line>
	<Line>styrax codex complex unfixed oxidize explode sphinx lexical influx axiom fixedly maximum</Line>
	<Line>excited latex sexing expense taxi galaxy apex exalted exit gearbox context pixie sixteen expunge</Line>
	<Line>extol texture fluxion flux mailbox axle anxiety larynx vortex exceed expanse anthrax relaxed expand</Line>
	<Line>toxic excel oxidise oxide icebox equinox maxim exhale afflux examine helix box explain extrude marxism</Line>
	<Line>relax boxing maximal convex expect hoax sexual perplex pixel annexed proxy exclude expose climax extent</Line>
	<Line>reflux outbox exist exclaim telex oxidate buxom exempt narthex perspex exude cox expel mixing sixthly</Line>
	<Line>cortex expert mixture moxie deluxe luxury exigent phoenix unexact text execute extort explore except</Line>
	<Line>pixy fax sexy annex soapbox exile exhaust expired coccyx coax axed axe excite matrix calyx pretext</Line>
	<Line>excerpt sexist lox exploit lax exposed bonxie toolbox tax coaxial fixator exam unfix flexure export</Line>
	<Line>flexion foxtail pharynx inbox next exotic mixer expend extract sexton expiry sandbox exactly fixing prefix</Line>
	<Line>oxygen cachexy sixth callbox kleenex exhort extinct jukebox paradox six expire thorax index pickaxe</Line>
	<Line>boxer suffix coexist extreme example muskox dextrin axilla foxy sextant excuse xerox sex duplex</Line>
	<Line>textile ibex affix sexism pixmap extend tuxedo exert exciter lynx taxable vixen mixed reflex fox bugfix phalanx</Line>
 </Level>

 
 <Level>
 <!-- 18 -->
 <NewCharacters>š</NewCharacters>
<Line>poštvite nedošklb vyšnejšiu zošteluj štiepeš šramotalo vtedajšiu vypasuješ</Line>
<Line>zmyšila šprihli odškerila pošklbte chrupštia šibuje zaškrablo štvrtia</Line>
<Line>štibre vyciedzaš podnietiš vbehneš škripot primrzneš sfušujem ošklbme</Line>
<Line>obuštekmi veštili istejšiu myšaciu okašlalo maškrtke nasušil šarhu</Line>
<Line>najvlhšie vyriešiš šachtovom kradneš hustejšej zvliekneš odhadneš</Line>
<Line>pašujte štrngol lepšia zakašeme všeliekmi vlhšie došikujme nevyteše</Line>
<Line>riešte nepošijem zašomreš špica vmiešaš hlušil snuješ šinutie vybojuješ oteše</Line>
<Line>škrtivou odoberieš banuješ drzejšia usrkneš pokapeš vyslyšalo drisneš dokvitneš</Line>
<Line>zjavuješ nekaše šiška šalieme štrngaj štepujte ušatom zabrešte marinuješ štebocete</Line>
<Line>vešiavate šiahaj došklbali našetria šianame vypradieš štvrtina detašujme neprešilo</Line>
<Line>ošialili tamojšia svište šumnom zoškrablo rozpršiac došitej pšenicu lašuješ</Line>
<Line>nabiediš ubitejšia odštiepia šiši štrk nešimrem ohromuješ zaškrabem šumeli obhrnieš</Line>
<Line>šuchotavo zlepšuje šafranoch zapršali šlukol štiepnych škripote všelikoho vypršiac</Line>
<Line>oštaruj šantili vytešeš muštruj košeliam šteklili štrasu belšiemu šumnejšiu rušala</Line>

 </Level>
 
 <Level>
 <!-- 19 -->
 <NewCharacters>č</NewCharacters>
<Line>vyčasili celučkej určenie fučte kričiacej ujček zadychči kuričskej</Line>
<Line>hrnčeky čističku kvočte čapurda čestnej bočme pavučia začala</Line>
<Line>načrtli borievča pokrčme ozvučme klinč nefačoval pritočme vybočte</Line>
<Line>očadme tenčiac čapkala driečika čamara tepovačom sviečka počtovou</Line>
<Line>nečičri nechrupč zakročilo hrnčiarky čarme močidlami zaskučme črpneme</Line>
<Line>tlčie nebručte čkali opačuje smečom straničku spečiete črevom čierna</Line>
<Line>zakročil onač sečniciam zadrobč tyčka začadila očistia mločou lakovačke</Line>
<Line>vodičovou zničenie naznačme rečnivom miesičky poslovenč nemrnčime</Line>
<Line>črviačika komička očernilo čipmi oblečenia jojčite vyčinenej prezleč natlačilo</Line>
<Line>borsučou cvičeniam svedčilo kolotočmi zafuč nadčasovo drahučkom odčinia</Line>
<Line>tepovači kopčekoch dračica sučou slniečku pastička naočkujte poturčia vyliečite</Line>
<Line>nekonečne časila zabzučiac nacvičili členila potničok učenec zvučnou skučte</Line>
<Line>čakra ukončme umrlčo načistite rozcvič otočia zajojčali drepčila červotoče čiernite</Line>
<Line>vnučkinou čiarkovou otlčieme točme večeriava plienočka estetičku ohliadača</Line>
<Line>vdrobčia zrečie vybočil riečisku mručte sovčekom ločkal prasačou čnel rečme</Line>
<Line>črvočiam načrtajme holičkami tuniačej hračičkou venčite delegačne kasičke</Line>
<Line>učankala pričniam vrhačskou vyčapceme ktoviečom učinenie odrečiete zlorečila</Line>
<Line>bučku pastičku cvičila odlučovač vodičovi drobčili gradačnom nadstrčia poučnej</Line>
<Line>samičie čučkami začiarknu načiaral radlička jazyčnici nosičiek viečkami kupčeniam</Line>
<Line>zadrnčali zločinov určitou obtočiac začrela račieho skladačmi terčmi čul oplačete</Line>
<Line>počernom evolučnou nespolči dojčiatko zasyčania kročajami budič oteč zahučia</Line>
<Line>vyučenej injekčnej dlapčte počatia predčila černidla končenom stojačika driečikov</Line>
<Line>zadočeky popolček polčase stračo tlačidlom zreč načasuje holubičke zarinčme</Line>
<Line>napačmi gučiam zhrčaviem odtlačka pouč zamrnč nevodičky doničil zadrobčme</Line>
<Line>bačovni rečnilo určovacej krajčeka prečina čujte naskočila dostačil nevojenči</Line>
<Line>dopočujte zadočeka čiahnem turečtina ranč malčickom retenčnom horniačka</Line>
<Line>zhuč alergičke hučač fačovala počutej zabučte čuchriate čistunko otrčia sučuk</Line>
<Line>klinčekov činiac vzpierač dychčme pivečkom utlačenom oxidačnou trčiacou</Line>
<Line>revolučne zhrčilo vačica zamraučte jarkovači čistilo mlčkom obkračuj natrčenej</Line>
<Line>čačka napečte vyčar trubička kupčil krpčiarky čnejme mrnči večitou čarbe mlčkeho</Line>
<Line>vojenč odpočet tenučkou zajačanie čuli bočnom mečom holučkou fixačnou frajerči</Line>
<Line>pokroč chytač hasprička prerečme skočili migračnej chrapčala črtala častica zaplačme</Line>
<Line>mazničiek vačky počtuj počarme večierok prarodiči pučmi zadrnčalo čpavkovom</Line>
<Line>plniču prečiarka zvečniac vyfajčila čuchrime vytlačil sovčekoch predpečme</Line>

 </Level>
 
 <Level>
 <!-- 20 -->
 <NewCharacters>ž</NewCharacters>
<Line>viažeme podnožka prežite držkovej požaduj strižnom vyložene južankami</Line>
<Line>parožie žgrlime žiariaci žartovne žilinskou neženiete zadlženou mažiarov zažiarim</Line>
<Line>zožrala žerava rozležal bagandžou džingel zadlženom gaudžne džajv džiny</Line>
<Line>priživte hejže gavdžalo zviaže zavlažuje ukrižuj upažme životnej hemžila</Line>
<Line>vžito ležiac žranicou zamažeme žehnania priživuj pobežal bežnosti zažehlime</Line>
<Line>ruženca obžeriem sneženia založila ležkajme zožltla želaciu nežnelo žeriete</Line>
<Line>vrežte lyžou predražil maharadžu rozžula užitie žieravina džugla živci viažem</Line>
<Line>zažaluje položila položenia pražienka podkožnom žilinskej mužov žiada žmurkala</Line>
<Line>požieralo žobrete zmužnie vykynožil previaže požije žviakali živca kružidiel nepriviaž</Line>
<Line>nevražme priživia doživotie požiarom dožijem doložka pižmom zažltnem žuvaniu</Line>
<Line>kožovitej droždiu stužila blažte zbežne diežu poži prekrižuj žatevnou ružovel ženijnou</Line>
<Line>ovlažia porežem zbližuje kožoval nadviažuc žltunkej držkami ctibažnej pomažete</Line>
<Line>žihadlom zažartuje zužuje znežneli dožil množeniam vytrženie prežiaria pižme</Line>
<Line>buldodžiu žiabrom božstvu ježovka vrež bežiac žrali neopražte vyžerieme nožiari</Line>
<Line>požiadame nezžiera nelužem bežkujem božekalo nabažili dorežeme preležiac žiaber</Line>
<Line>predložka prežehlia žiali požiadal zažeriete žriedlach žiadni dožitej kindžalom</Line>
<Line>žehleniam okamžikom žravosti zožierame vykynožia žiarlila zažrali ostriežmi</Line>
<Line>unožujeme pripažte ryžovaniu odžali obdržali pražiar nosorožec žalostne</Line>
<Line>prinožuj dovažuje zužujeme nevražila prednožuj zanožme povlaž žochu pretože</Line>
<Line>noža džudista prinožili domažte poženme vyžehlila obžinok zapažila zježenom</Line>
<Line>negavdžia žarnovu pridržal chyžiam ružoviete nuž vyžarujte zapažia almužiek</Line>
<Line>využite tuženie ježej zadaždi podnožie negaudžme žalmistu zdražiete zožltnete</Line>
<Line>odžite tamtiež zaerdžite žehliacou ježom pripažilo rožtekoch želiezko knižka</Line>
<Line>otužila lyžicovej snažili požiara povlažili zžieram briežkoch vraždiaca zahromžil</Line>
<Line>žuvancoch doviažeme zavadž žartovalo vyžeriem mužovi bridžov ožiarme vždy</Line>

 </Level>
 

 <Level>
 <!-- 21 -->
 <NewCharacters>ň</NewCharacters>
<Line>zhutňujme vorvaňmi belaňa furmaňte dohrňme podjeseň</Line>
<Line>zvlňuj huňou zbraň mincovňou zafňukali neobmieňa pehaňu skriňa</Line>
<Line>koniareň ukoňujme kleňte odmeňte ujasňujme ufňukanom</Line>
<Line>sňali vetroňu zakoreň rumeň nerozplyň piesňach nezosuň rozmieňa</Line>
<Line>neuzemňuj odplyň hyň zahrňte mukyňovom jaseňovou leňochov</Line>
<Line>nevaňte dreňami dyňou preceňuj privoňaj nevhrňte huhňal peňazstva</Line>
<Line>rozviňme cieňami odstraňuj uchaňa neuplyňte klubovňu</Line>
<Line>mňam teňte jaseňovom vzňal zroňuj vrahyňu vyplňujte sokolovňa</Line>
<Line>zraňujete zahyň rysovňu poňatia nepohyňme vorvaňovi preplňuj</Line>
<Line>kňazskej kasňu odmeňme srieňmi seňora uchaňou odmeňujte rozvoňala</Line>
<Line>zhutňuj kaňonu vstaň ohrňme obmeňme jahňacej mňauknite</Line>
<Line>papiereň pochodeň zdaňujme vysemeňme okoreňme slepaňa</Line>
<Line>srieňov svoreňom mňaukali zroňujete staň voňajte lorňonmi premieňaj</Line>
<Line>utoňte suňme pohyňte nehrňme pňoch obmeňuje zamňaukaj</Line>
<Line>neuhyňte zaceňte ňuchol posuň uhliň tuleň pleseň vyňali navoňajme</Line>
<Line>meňavo previňuje remeňovom cieňou vykoreňme chňapol kiahňach</Line>
<Line>rytkyňa skujňoval dňami nekňaz naviň rapotaňa teňme umelkyňa ostňu</Line>
<Line>hladiareň podmaňte poldňoch vyňuchala zmeňme zraňme zberňu kyň</Line>
<Line>psiarňach zdrsňuje odtieňom splňujte svoreňa nehyňme spomeňte vodkyňu</Line>
<Line>kňaz pomiň vetroň zavlňte tarhoňami nebrň premeňte fuň rozplyňme</Line>
<Line>obryňami rozplieň opomeň tieňoch nahrňte zakliňte poldňom splyňujem</Line>

</Level>

<Level>
<!-- 22 -->
<NewCharacters>ý</NewCharacters>
<Line>hnojný hmlovým pokývajte opradený malagovým kývanie týmusom</Line>
<Line>berýliom zhabaným merných zohýbalo krajový výtokovou lezeckých</Line>
<Line>ohrýzla galganský výrok samotným vzorovým tubusovým litovský okultný</Line>
<Line>dýzam jesenným roznetový dakarský hravým mozgovým</Line>
<Line>aridný zadymený výkupy vyrubený liacový spýtavej nadýmajte nekalý</Line>
<Line>ojnicovým prstových zberových krivkovým vyzretými hliadkový krasovými</Line>
<Line>zverených chladený sýtenia panických blýskavý mastný</Line>
<Line>výhybkový zrakovými zunivých horký drsných osobný efektným</Line>
<Line>sporivý kotným teplý elyzejský hnojových prenosový skleslými</Line>
<Line>neutýra zradných oblými reliktným ozrutný odladený výjazdmi impulzový</Line>
<Line>výfukovej hedonický pokývuc pedantným klusavých deiktický</Line>
<Line>usedeným uhýnajme bonitný nevýhod pohrdlivý cestový octovitý mexickým</Line>
<Line>schodným hodinový okresnými uzimených fluidným dunivými telesnými</Line>
<Line>mocenský kopytný pocitový zahraný kontaktný vyvoleným nevernými</Line>
<Line>kývnu fragilný obnovený kvitovaný durdivých zubadlový zlotých liekových</Line>
<Line>vandrovný misijný murovaným kapronový druhoradý vyhýnala nestýkava</Line>
<Line>glazovaný zahrýzali výbrusy oberanými pýrenie zdravý slinným</Line>
<Line>odsýpate skleným prizývam výletnom zaslaným frflavým podhýnala dýchacie</Line>
<Line>rovinným stýkavala molucký fluidnými zhrýzame výhercom menených skrývaným</Line>
<Line>janovským hladkými výkonmi futrových riasovými sondový výbava hnisavý</Line>
<Line>nasýtenia blanitý kusý zhrýzala kývnite uhynutým prevolaný tajeným majorský</Line>
<Line>omývam zvedavým vyradeným poskonným výsluchom trofejový zavýskalo</Line>

</Level>
 
<Level>
<!-- 23 -->
<NewCharacters>ť</NewCharacters>
<Line>nadpletať sieťovala jasnosťou smutnieť chuťovo nezdrviť vyzvedať vzdialiť</Line>
<Line>klebeťte ťavie vliať prednosť odmoriť variť vyzobkať pohorieť zlapiť</Line>
<Line>vykutrať najať roznieť omdlievať strieknuť ťarbavosť vmurovať podediť</Line>
<Line>ovesiť zdať zatriediť tajiť odebniť usadiť nazvať pobafkať delegovať ogabať</Line>
<Line>zatesniť popisovať odkukať nadraziť panovať primastiť obletovať vmesť</Line>
<Line>zabrať vstrebať plytkosť vydediť zbierať zaťahovať okatosťou spodobiť</Line>
<Line>zasypať chriakať lakeť etablovať koťme vmietnuť nazlosť napriasť drkotať</Line>
<Line>zapudiť vyvoliť uisťuj odolnosť kuraťa zahrmoťme kosiť otiahnuť plťky privierať</Line>
<Line>zhnusiť naviesť fandiť rafať rozmeliť mamuťou zdurieť odspievať stopovať</Line>
<Line>splatnosť narovnať balamuťme nevrť zatiahnuť rozpolť neobleť zneucťuj repeť</Line>
<Line>umasťme vykoťte prifariť hosťujte prehrabať odrieknuť dopierať ťapote vstreliť</Line>
<Line>polahodiť vstrkovať kresťanka prezradiť murovať inundovať ťahavej vytesať</Line>
<Line>hodovať dokupovať oddrieť zabavovať valcovať vtriasať vsať spavosťou vtiahnuť</Line>
<Line>steperiť vciťujme puncovať naberať ťaplo zrumiť tercovať podplaťte obohaťte</Line>
<Line>nechuťou odstierať ziskovosť roznieťte vechťoch vyviezť mdlosťou uchyťte napichať</Line>
<Line>vťahuje vyviesť zlupkať vytriasať pevnosťou reťazcami prť doťahajme bohovať pomediť</Line>
<Line>zachyťte zahavkať zaťahuj hornatosť zaorať linkovať frflať naskytať ploť ťatie zavrťte</Line>
<Line>cupitkať pomodliť myksovať frapovať skandovať striasať priprieť dopekať</Line>
<Line>opevniť vyplaziť zoťatou dedukovať osopovať rozovrieť niťovej ujarmovať poliať</Line>
<Line>zgagotať nepestriť podujať schovať neukotviť preplniť vytkať priťahuj vypratať</Line>

</Level>
 

<Level>
<!-- 19 -->
<NewCharacters>ľ</NewCharacters>
<Line>veľtrh bifľovalo tľapni poľu bľuskol tuľkali domieľal veľrybiu fakľovej</Line>
<Line>hobľovala prekoľme ľahnite marhuľu rapľujete rapľom vyľakala zvoľna</Line>
<Line>kraľujme tľosknete bľuskne jedľovej vyľudnite odpaľujte poľana odľahla</Line>
<Line>podeľte krivuľou maľujete hrobľou koľkou homoľa utľapkaj posmeľme</Line>
<Line>ocieľka fľochni omaľoval pľuhavec prideľte odkadiaľ popľuvali hľadanie husľovej</Line>
<Line>vandľu poľavujte biľagom teľati mocniteľ mozoľ hľuznatom ľapoceme</Line>
<Line>chumľu posľubuj posteľnej vzhľadnom pohľadal popľujete pľujte omieľajme</Line>
<Line>kľaknime namaľuj maľbovej rokľu poľskom napľujme vymieľame opiľujeme</Line>
<Line>odberateľ toľko boľavo odkľaj fľakujem neposoľte tľosknite maľovala jasľovou</Line>
<Line>zapoľuj hľadiac mangľujme piksľami vteľovalo oddiaľte vstreľte ľany fortieľmi</Line>
<Line>knedľovej zakľaje podľahla znateľnej cieľovou machľujte odhaľoval skľavejte</Line>
<Line>podľahol kľagajme upaľuje guľkovej oľutovala kľula bľabotov koľ kavyľ ľaviciach</Line>
<Line>taľafatka rozomeľ ustaľujte hrobieľ hľuzavou sceľujeme pľaskotmi navaľte koľajisko</Line>
<Line>dupľom ľahu rubľami strieľalo papuľky oteľ fortieľne kľuvali guľou dupľujte jedľovo</Line>
<Line>kachľovej sľudovom odpľul odľahli kľude fľochol biľagoval vyľakano prituľuj</Line>
<Line>zapľujeme fakľou kraľuje oceľorytu rozľahni biľagoch maľba kľaknutie pľasky</Line>
<Line>osľom deliteľ priehľad utľapkala vandľom nedeľu veľdiela odpľuli fľochnete bedľou</Line>
<Line>peľom uľahnete toľkou guľu zľaknutia hobľovaco podsteľ hobľu fľaku kľujme nafľaku</Line>
<Line>pomaľoval kľavosti hľadieva docieľuje zohľadnil oľutujem machľuje ľutujeme</Line>
<Line>posmeľuj nameľ dupľovali dosoľ zacieľte prisoľte bľakotov uhoľnatom chumeľ</Line>

</Level>


<Level>
<!-- 20 -->
<NewCharacters>á</NewCharacters>
<Line>opátski beztvárni kydáme zmotávala obetná nasávate tvárový pádovým</Line>
<Line>šľaháš stávkovú skrátenia stáčali žltačkár penivá nakláňa deflačná závej</Line>
<Line>pohádali energická trepáreň lesná návštevný ponášam zámenu pláchať</Line>
<Line>litrová árových krátený ciachová skrášlená floridská hlásna obhájenom</Line>
<Line>rástli dvanáste gáliám fádnejšou boháčskom zadávaco nahádzalo základovú</Line>
<Line>odbeháva šmáralo osamelá čerstvá závodne kováčskou žobráckej</Line>
<Line>neokmáše refektári krompáčom pohľadáte rozmaznáš inkás nápodobu</Line>
<Line>chumáčom bezodná pokukávať pozaháňaj rozmáčame zavážame poháda</Line>
<Line>rumpálom bráňte roztvára ablegát normálu čmár zagániť prikladám</Line>
<Line>upletená kutáčmi závalmi pohráme kálame cviklová vábcami tichučká</Line>
<Line>zobáčiská padákovom udávajte razidlách alokovaná bázických amondová mátate</Line>
<Line>sobáš zožatá krupicová zrovnám vitálni ikernáčmi uhádnete ireálno pohášajme</Line>
<Line>nezhrávaj cestárske zmenková vyvrtávať pookrádať schválime vokálom zachváťte</Line>
<Line>klipkáš zvuková nadháňa sácaniu pinkám zdomácnel kratučká poihrá zacláňal</Line>
<Line>vrátane tráčik pákovom montážnou biliárnym masážna konžská anemická</Line>
<Line>adoptačná hrká milánskej zunovaná fekálie čelám rezervár oceľová náveska</Line>
<Line>varákoch potácali sulfitová kvokáte rozvárame sádzači zračená tanierová</Line>
<Line>spomáhal análnymi silikátov sláčiky preskákať vyznávali roztrácaj podnetná</Line>
<Line>tľoskáš vykvákal zvláč pohároch zváľaj priznávať drám nálezcoch strašená</Line>
<Line>rozvážate švácaš primetáte naprávalo mýtická mávanie semiškám dobeháva</Line>
<Line>obchádza zaváracia ochládzaj zohráš chránidlo zápoliach odhlásme fúziách</Line>

</Level>
 

<Level>
<!-- 21 -->
<NewCharacters>í</NewCharacters>
<Line>cúvaním utešíme kosílil nahnívaj šmirgľoví zahíkaj ujímate odbíjate okolí</Line>
<Line>sníkoch privíňal vidí čítaniam nenaďapíš poubíja vzpieraní hukotaví opísali</Line>
<Line>športkoví snívame rozčítajú skujníme znížení cícerovej semitskí cvičíte</Line>
<Line>udržíš smíd napraví srbčín vyradí nečítanie ubíjaj statní obležíš píniovým</Line>
<Line>prerazíš únií vyplaví obohatím gorilí unožíš odfrčíte osolím keťasí karmín</Line>
<Line>jazýčkoví tieňoví pečatení typovaním pravejší dobíjal albín ambíciou cínovca</Line>
<Line>sanitní vypučíš nosíme výdrevoví poriečím dovravíte vyparím líškame anilínu</Line>
<Line>políčkami kikiríkať šepotaví pondusoví zamočíte vmestíte rovnunkí zborníkov</Line>
<Line>chrípkovú dlhoroční zbojníčka mladučkí šesťdenní cípovú ježatí remízkam</Line>
<Line>pobíja podkopní ochripíme upínadiel blčíš sčítavať potískaš vyznačení sínusoida</Line>
<Line>zbehlejší presedím zabratím myslíš zahalíš chybíme pretrpíš obaroví znení</Line>
<Line>vylepšení podvedomí obehoví zakotvíš fosílne hovoríme bubeník spacím krajší</Line>
<Line>stíchalo hoblíkov inklúzií ríbezliam zasychaní prišívať domíniami vyjasníme</Line>
<Line>kačíčence klenotníc odklopíš honosíme míting vaším opomínali sukníc opravením</Line>
<Line>balíčkoví sladím šíriaceho davoví zdolaním vyčleníme odzvoní zafaklím zadnejším</Line>
<Line>pomedíš oštítkujú polkiloví reprízuje hnedí upriamení ríňach zakosíľte šveholíte</Line>
<Line>andskí plastoví brakoví užialení stíhanými píli došpatí päťčíslím zdedíš rínach postačí</Line>
<Line>rozčertí spínačom síkate prekazí obleží necibríme pórovejší vrtuľoví iskerníky</Line>
<Line>pečeňoví poubíjam kyslastí mrnčíte pohnutí splínmi voličskí ratingoví vyrubíme</Line>

</Level>

<Level>
<!-- 22 -->
<NewCharacters>é</NewCharacters>
<Line>pražského lanovému vypäté rachétľam rubnému zvratnému entého</Line>
<Line>upútané bledavého bzučivému zlatému predmetné kolégia natreté</Line>
<Line>rovnému elévka samozvané vysvätené tonovému rozoznané želéovú</Line>
<Line>mnohému hrudové trofejné chórovému upadnuté montérok prebité konanému</Line>
<Line>cestovému krédo bezzubé pedantské oxygény komisné odrobené kvasného</Line>
<Line>ľubovoľné klové liacového konkrétna spýtavému pošvovému tmelové zamastené</Line>
<Line>namrzené vlohového spisového opelené hromového smetného rušné filmovému</Line>
<Line>zalepené judskému kyslavé galantné atestové dobehnuté filmoték bicepsové</Line>
<Line>rosavého osožnému etažér štúravému stoické svetelné bridivého korundové</Line>
<Line>švédsky redakčné žuvaného masérkou úhrnného empatické pritrpké kostenému</Line>
<Line>zašumené okrasného varovné odstrčené ópiové brčkavé ohoreného ulovené</Line>
<Line>pieninské absentér béčkom dedeného plnené strnulé zavŕšené gdanskému kuklové</Line>
<Line>osedlané solitérny odmenené kenské mrzkého migrén spustené rušivého kožnému</Line>
<Line>prérii súbornému úsmevnému nultému tóriovému diadémy darebného brožované</Line>
<Line>rozsevové škridlové mykaného pomedzné kladeného brokovému problémy nutriové</Line>
<Line>externé pozérskym tajgové exogénny sústavové draselné cibuľové lénnym preslnené</Line>
<Line>chémiou vypojené zanedbané zoťatého nasýtené resumé tarifnému skúmanému</Line>
<Line>hrdlovému holunké vymýšľané zurkotavé podlému reparačné časné etnické odľahlého</Line>
<Line>odrušené karantén účelné roštové výučné múrového zhybovému pompéznu</Line>
<Line>podrezané autogén osudového blatovému rozpätému atlét brzdnému svahovité</Line>
<Line>estétka bezduché korytové pevného smogového babské halogéne zvrhlému</Line>
<Line>vademékum legové odmerného česané voliéram dvojakého súvetnému chybovému</Line>

</Level>
 
<Level>
<!-- 23 -->
<NewCharacters>ô</NewCharacters>
<Line>dôslednou perinôčka rôznejšom spomôžeš pôsobiaca štôsikmi tôňavy</Line>
<Line>pôdoj uspôsobme kôlňou rôznilo pôdorysmi dôkazovým nôška zatôniť</Line>
<Line>dopomôže dôvodmi zdôverujú zdôraznil dôležite premôžte trampôt</Line>
<Line>dôrazmi schôdzou dôkazovou brlôžteku božemôj dôrazov hôľ meruôsmi</Line>
<Line>vôňu spôsobil kôpkujem môžbyť odkôrnený šôpka hrôzach hôlili kvapôčka</Line>
<Line>môcť drôtenú pôsobisko dôvernej okrôchaný lôžkových rhônskych kôram</Line>
<Line>bôrovou nezdôb kôpkuje čipôčkou knôty drôtu nepôdni zatôniš rôčkom</Line>
<Line>drôtikuje dôraz nôške stôl ôsmim pôstnej dôvodov sirôtka štôsiku kôrovcoch</Line>
<Line>rôsolový byľôčku knôtmi zdôrazniť pôlt štôsiky rhônskym zôr dôvodnosť</Line>
<Line>meruôsmy stôsik potôčiky hrudôčkou dôvodiť pôvabnosť spomôžete pôžitkov</Line>
<Line>živôtiku lôžkovina odkôrňuj vôbec snôpku dômyselný premôž dôvodovom</Line>
<Line>dôrazom kôf rôzniac komôrkach potôčky premôžeme drôtový uspôsobiť</Line>
<Line>tônil vôľovom vymôžu nôti stôsikmi kôpra snôpkami stôsoch dobrôtkam</Line>
<Line>plôtikoch tôňava vypomôžem kôr drôtom stôk uspôsobuj nedôjdite rozmôžete</Line>
<Line>dôležitou kocôčke rôsol zanôtil brlôžteka rôčku pôda šatôčkovú nôtievalo</Line>
<Line>kôprovú pôsobiac hrôza obchôdzka dôvodom ôsmačka pôvodom pôjduc</Line>
<Line>štôsoch rôznia tvarôžka zdôver vzmôžeš pôstne komôrka drôtujme lôn ôsmackými</Line>
<Line>brlôžok oplôtkami kôra fialôčka pôsobeniu rôsolovou môstikovú byľôčka</Line>
<Line>pôžitku spôsobme ôsma kôroviami pôvodne neodpomôž dôvod rôzniť dôchodkom</Line>
<Line>nôtim pôrodu bobôn vzmôžeme kôprami tônivých kôpkuješ pomôžu kôlňach</Line>
<Line>čipôčkami ľubovôľa šunôčka nerozmôž potôčku batôžkoch krôpkatý dôchodky</Line>

</Level>
 

<Level>
<!-- 19 -->
<NewCharacters>ä</NewCharacters>
<Line>obväzište vzápätí mäkučkých nepätím spamätali pätkovej mäknutie bezmäsého</Line>
<Line>vzopätia mäkkej žriebäcom bábätách väzňami väzením päťbojmi päťdenní</Line>
<Line>chlápäťa upätosť svätení pätovom mätovejší pätku preväzuj uvädáte nemäkčite</Line>
<Line>pätiť zväz opätuj mäkuší mäkli vädnutie väzenkyne upätejšia pamätania mätúcu</Line>
<Line>pätili mätovými väzkou väzivovou hoväde spätných záväzkom svätice väzobné</Line>
<Line>pamäťovej zapäl pätkový bezmäsé stopäť vädne pamätám zväzáckom mädlila</Line>
<Line>žriebäti päťčlenní päticiam bábä mäkunkej povädlo mäkučkému opätujúc</Line>
<Line>mäkkému spätnom vypätiam zaväzuje päťbojom presvätí päťme vysmädnem</Line>
<Line>upätejšou zmäťme pamätnou väzivovom povädol pätorakým mätežnej pamäťovým</Line>
<Line>zväzkoví nepäť odkväclo neprepäl uväzujme pätina väznici upätom odkväcni</Line>
<Line>pätorakej uväzňujúc posvätil väčším zväzovými zasvätili uvädnete pomädlí</Line>
<Line>mäsnatých vypätejší väčšou väzy obmäknúť zapätí zmätok presväté zhovädiac nezväčši</Line>
<Line>nepamäťou záväzku odkväcli pamätní zmätenou päťbodovú mäkunkými zväzky</Line>
<Line>uvädal svätievaš zväzové spätejšiu obväzujú väzí väzivoví späťte pätia zvädne</Line>
<Line>prepätie holúbäciu mäkol mäkkýšoch vysvätené pätkovými napätiach zmäkli</Line>
<Line>zväzočkom pomädliac nadväzne mäsiskách pomädlime väz uvädaj svätíme</Line>
<Line>päťsté väzivá nevädze zmäknúc smädných zmätkom záväzkovú zmätenému</Line>
<Line>zasvätiť zväčšené väznenému zmätiem odkväcnúť uväzujeme mäkušký dúpätách</Line>
<Line>väznime žriebätka päťročné bezmäsití svätejšom púpätka mäťme zakväckáš</Line>
<Line>napätému mätež napätím mäsom obväzu zvädnete zmäkčilo mäkunký upätejšom</Line>
<Line>mäkunkému zväčšenie bremä uvädajme väzbové obväzujúc mäkkými mäsnaté</Line>
<Line>zasvätíme zasväcuje znesvätíš smädní vädnúcich mäkneme uvädáme päťstenní</Line>
<Line>predpätie spätosťou päticami zväčšenia pätnému pripäla väzkej väčšom oväzuj</Line>

</Level>
 
 
<Level>
<!-- 19 -->
<NewCharacters>,.</NewCharacters>
<Line>pleskni, svadbová, fonometra. zlacni. uslo, číhali. visení, tônistých, hoviadka.</Line>
<Line>odplácali. stožiarmi, pážatiek. parnaské, ohýbaný, soľme. nasypané, kolmosťou.</Line>
<Line>ulúpilo. načisťme. osadíš, napáraš. drichmalo, lagúnovým. vkusný, varila.</Line>
<Line>vybehujte. zvolajte. plávajúca, obsejúc, stoické. zhrýzala, vytláčané. riporty.</Line>
<Line>ohryzujúc, zotmievaš. pokukávam. vybiehame, machovú. zhasnutom, zbudujme.</Line>
<Line>škrčíme. nachádza, šušlite, buchkali. modelárke, zrastanie. zmieruj, dlabte.</Line>
<Line>zdražím. desktopom, prenesenú. efektom, kravínov. drnknúc, rozhŕňalo.</Line>
<Line>cvalových. drobov, pokrývaná. cédroch, máčame. kaktusa, šuchtať. oprávňujú.</Line>
<Line>srstnatí, prežitku, dolietate. dnešná, podnetná. vymáhanú, štiepavaš. koňakovým.</Line>
<Line>preväz, pobadáme, otrieskal. štiepte. poltónom, ukájajme. omŕzajme, štopkajte.</Line>
<Line>gučavých. uniknete, vidového. nahrávane, nakúpil. devinmu. kozmos, zoradišťa.</Line>
<Line>syrovník. ochvat, tápuc. opusom, lepivom. zarytým, žatá. prýštili, odvodená, lúštila.</Line>
<Line>fedrovať. gólovom, rapkáču. prefarbiť, zahnutím. zadupeš, jediac. vypálenom.</Line>
<Line>mechrím. plavilo, rebrovito. rušiac, zatresnú. vrezávaš, podradenú. sypanému.</Line>
<Line>olova, závažnom, ujarmil. liatejšia, šumový. strekov, tuchnem. zlomku. podúčaj.</Line>
<Line>sledovaná, púpäťa. vaječníka, vŕzgavému. vytýčeniu, neodvime. podliepal, deptaj.</Line>
<Line>žilinskou. čulými, mrnknúť. pozdávate, súcitíme. ovociu, psinec. drumblí, prdla.</Line>
<Line>vysvätené. psota, sódovky. žíra. závitníc, inovuješ. spustni, expanziám. eocénnej.</Line>
<Line>nezhab, vokalicky. džgajú, paprete. päťstými, celtoví. úročením, odvozil. zalezieš.</Line>
<Line>žriebäcom. vrecovane, chlebníka. semenotok, čarovalo. diskutuj, švagrova.</Line>
<Line>umiestené. gardistom. rozberať, skúriť. sítiu, múranicou. nestlejme, biely. murína.</Line>
<Line>čakajúcej, prézentný, nespišťme, nahnívaj, žochu, zadrnčia, neulamuje. nalakuje.</Line>
<Line>ihličnan. pitevnou. tľoskal, jesetermi. impulzový, kôpkovať. hoľa, opisoval. rytierski.</Line>
<Line>durdiť. popýšiac, plyne. otiahnutí, pozhášaj. krchňaví, zunovaní. pučili, zavalí. popovská.</Line>

</Level>



<Level>
<!-- 19 -->
<NewCharacters>1234567890=+-</NewCharacters>
	<Line>1+3=4 2-1=1 5+3=8 11-5=6 12-3=9</Line>
	<Line>2-1=1 5+3=8 12-3=9 13+1=14</Line>
	<Line>13+1=14 22-13=9 29+11=40 28+3=31</Line>
	<Line>22-13=9 29+11=40 11-5=6 1+3=4 28+3=31</Line>
</Level>
 
<Level>
<!-- 20 -->
<NewCharacters>veľké písmeno (Capital letters)</NewCharacters>
<Line>Obyce Vlčany Banské Rajčany Sklabiňa Bukovec Ľubeľa Rankovce</Line>
<Line>Varadka Osuské Búč Hatné Soľ Šindliar Gbeľany Krupina Kvačany Slatina</Line>
<Line>Hažlín Pravenec Rohovce Tomášov Medzilaborce Bajtava Čechynce</Line>
<Line>Hradište Slizké Dúbravy Rosina Pečeňady Martin Hostice Štrba Lysica</Line>
<Line>Leľa Koválovec Krivé Koprivnica Baloň Bátovce Liešťany Golianovo</Line>
<Line>Blažice Jatov Pozba Senné Obeckov Podlužany Trebeľovce Mikušovce</Line>
<Line>Štvrtok Janík Čičarovce Dekýš Slovany Kapince Ľubochňa Lula Kučín</Line>
<Line>Kravany Ochtiná Stráňany Obručné Kovarce Markuška Čimhová Smrdáky</Line>
<Line>Šambron Tarnov Hýľov Lozorno Kajal Sokolovce Harichovce Palárikovo</Line>
<Line>Trakovice Babiná Radava Kocurany Brunovce Lúčka Červeňany Rožkovany</Line>
<Line>Lomná Ordzovany Čab Dubovica Pinkovce Peder Dežerice Chľaba Licince</Line>
<Line>Poltár Salka Santovka Hubovo Iňačovce Hodejovec Širákov Fekišovce</Line>
<Line>Bacúch Studená Bátorová Huty Hradisko Kysak Čenkovce Údol Radvanovce</Line>
<Line>Podbranč Rybky Rybník Trebatice Ondrejovce Mudrovce Lipovany Dúbrava</Line>
<Line>Bodiná Šintava Renčišov Sulín Svidník Svederník Sečovce Prietrž Hatalov</Line>
<Line>Šurianky Dražice Krušetnica Nadlice Úhorna Topoľníky Bošáca Brezovka</Line>
<Line>Brehy Vlková Sebedražie Rišňovce Svetlice Ivanice Ratnovce Matysová</Line>
<Line>Brusník Magnezitovce Budiš Levoča Benkovce Lúčka Biel Malčice Vlača</Line>
<Line>Betlanovce Madunice Poráč Petrovo Baka Hrušov Číž Podolínec Hutka Sedliská</Line>
<Line>Nevoľné Ozdín Beňadikovce Trnovo Detrík Holiša Párnica Tovarníky</Line>
<Line>Sasinkovo Častkov Medzianky Dukovce Kalinov Oľka Falkušovce Petrová</Line>
<Line>Slavnica Jarabina Kováčovce Lipany Konrádovce Mojmírovce Vikartovce</Line>
<Line>Volkovce Dojč Jablonové Málaš Dvorníky Marhaň Papradno Pitelová</Line>

 </Level>

 

  
 <Level>
 <!-- 22 -->
 <NewCharacters>niektoré vety</NewCharacters>
<Line>Najstaršie známe voľným okom pozorovateľné pozostatky živých organizmov, ale nie fosílie sú stromatolity.</Line>
<Line>Sú to vrstvy povlakov siníc, na ktoré prilipol vápnitý kal.</Line>
<Line>Fosilizácia je pomerne zriedkavý proces, väčšina organizmov sa po smrti rozkladá činnosťou iných organizmov alebo chemickými procesmi.</Line>
<Line>Najjednoduchším odsoľovacím zariadením je destilačný prístroj, v ktorom sa vodné pary odvedú z varnej nádoby a skondenzujú v zbernej nádobe.</Line>
<Line>Teplá slaná voda, ktorá sa neodparila v prvej komore, postupuje do druhej s ešte nižším tlakom.</Line>
<Line>Tam sa časť z nej opäť odparí a skondenzuje.</Line>
<Line>Urán je príliš hmotný na to, aby jeho hlavnou zložkou bol vodík.</Line>
<Line>Dnes sa na Marse voda nachádza iba vo forme ľadu na južnom póle.</Line>
<Line>Severný pól je najsevernejšie miesto na každej planéte.</Line>
<Line>Okrem severného zemepisného pólu existuje na severnej pologuli aj severný magnetický pól, ktorého poloha je nestála.</Line>
<Line>Medveď hnedý je najrozšírenejší druh medveďa.</Line>
<Line>Ničenie biotopov v Severnej Amerike a v Európe zapríčinilo drastický pokles jeho populácie.</Line>
<Line>Pre svoju veľkosť, silu a nepredvídateľné správanie bol dlho nebezpečenstvom pre ľudí a dobytok.</Line>
<Line>Stále však prebiehajú diskusie o ich systematickom postavení, keďže skôr ako o poddruhy môže ísť o veľkostné odchýlky, spôsobené inou potravou.</Line>
<Line>Telo medveďa bieleho je adaptované na nízke teploty, pohyb po snehu, ľade, na otvorenom mori a na lov plutvonožcov, ktorí tvoria väčšinu jeho potravy.</Line>
<Line>Napriek tomu, že je blízkym príbuzným medveďa hnedého, vyvinul sa na prežitie v úzkej ekologickej nike.</Line>
<Line>Aj keď sa väčšina medveďov bielych narodí na súši, väčšinu života strávia na mori.</Line>
<Line>Na jeden dych môže byť pod vodnou hladinou až dve minúty.</Line>

 </Level>
 
 
 
 </Levels>
</RasytiLecture>
