<RasytiLecture>
<Title>Svenska</Title>
<Comment>created by Manfred Schulenburg</Comment>
 <Levels>
 <Level>
 <!-- 1 -->
 <NewCharacters>dk</NewCharacters>
 <Line>kk ddd dk dkdd dkk kddk kk dkdd dkk kk ddd kdd kdd kdk dkd ddd</Line>
 <Line>k kddk ddd kddk dkd kddk k d kdd dkk d kdd dk ddd kddk k k kdk</Line>
 <Line>kddk dkk ddd kk dk kddk kddk k kdd kdd dk kdk d dd k d kdd dd ddd</Line>
 <Line>k ddd k kddk d d ddd k d ddd dd kk kdk kdd k k kk ddd dd kdk k</Line>
 <Line>kk k kddk kdd kdd k d kdk k dd dd dkk dd dkd k dk ddd kdd d ddd</Line>
 <Line>dkd kddk k k kdk dd kdk k d kdk kdd k dk d dk d kdd kddk dd dkk k</Line>
 <Line>dkd dkk d k d k dkd k ddd d kdk k kddk d dkk dd d k dk d kk dd kdd</Line>
 <Line>kdk dkd dkd d kdk kddk dd kk kdd k dkk dkk k kdk dd dd k dkd d kdd</Line>
 <Line>ddd dkk dd kdd dkd k kdd kddk dd dd dk dkk kk k dk dd kk kddk d</Line>
 <Line>dkk kdk k k dkd kddk k dd d kdd d kdd dk k k d kk dd d kdk dkd dd</Line>
 <Line>dd dk d k d kk d kddk dkk k kdd dkk d dk kdk d kddk kdd d dd dk</Line>
 <Line>kdd dkd dkd kddk k k ddd dd kdd kddk d kddk dk kddk dk k kdd d d</Line>
 <Line>ddd dd dk d kk kdk dd ddd kk dk d dkd k kk kk d dk ddd dkk dkk k</Line>
 <Line>dk d dkd kdd dkd kddk kdd kddk kddk dd ddd kk dkd d dd k dd dkd</Line>
 <Line>dkk k k d d d k k dd ddd k kdd d kddk kdd k kddk kdk kk k dk kddk</Line>
 <Line>kdd kdd d k dk k kddk kk dk kk dkk dk d kdk k kddk kdd d dkk dd</Line>
 <Line>k dk k kddk dk ddd k kddk kddk d d k dkd k ddd d k kddk k d dd</Line>
 <Line>dd kdd kddk k k dkk dd dkk k d dkk k kk kddk dk kdd kdd dk d dkk</Line>
 <Line>kdk dd dd dd dkd dk d dkd d kddk dkk kk kdd k d k d k k dd k kdd</Line>
 <Line>dk ddd kddk d k k dd dd ddd kk d kdk k kdd dkd dkd kdk dd ddd d</Line>
 <Line>kdd dd dkd ddd dd dd k d d dkk ddd ddd k dd dkk k k k k kdk kddk</Line>
 <Line>dkk d ddd kddk kk kddk d d kdk kdd dd d kddk k ddd dkd dd kddk kdk</Line>
 <Line>kdd ddd d d ddd dk k k d kdd kddk dkd kdd k kk d d dd dk dd dkd</Line>
 <Line>dkk kdd dk dd dk dk dd dd k kddk dk d k kddk kk ddd dk kdk dd kddk</Line>
 <Line>k dkk k d kk kdd d kdd dd kdd dd dk d kddk d dkd kk dk dk kdd</Line>
 <Line>kk d kk k dd kk dkd dd d dkd dd k dd dd dk dk dd ddd dkd d dkd</Line>
 <Line>ddd dkd dk ddd d d dk dkd kdd k dkd kdd kk dkk kdd k d ddd dk k</Line>
 <Line>dkk kdk dk k dd d k d k dkk kk dk dkd ddd dk kk kk dkk k kdd dkd</Line>
 <Line>d dkd dd ddd dk k kddk d kk ddd dkd dkk dkk k kddk kdd kddk k</Line>
 <Line>dkd dd k kk dkk kddk dkk k ddd dkd dd d dkd kk kdd kk d k dd kddk</Line>
 </Level>
 
 <Level>
 <!-- 2 -->
 <NewCharacters>jl</NewCharacters>
 <Line>jjl ljklj l lljl jk jl k ld kljk lj klk k jklkl ldlkkl klk lkl ld jk k</Line>
 <Line>lklj ljl kldlkk klk llj l ldlkkl lj klk ljklj klk k ldlkkl ljl llj lkl llj</Line>
 <Line>lkl klk k ldlkkl k jk klkjj jl k jklkl klk klk jl k l lkl jl k ld l lljd</Line>
 <Line>l klk k k llj llj ld klk klk lj jl ld jjl l lkl ldlkl klk ljklj l klk</Line>
 <Line>ljl k klk l ld klk llj llj klk lkl ldlkl l k jk jklkl jl jjlkl l klk</Line>
 <Line>lkl klk ljl jl lkjl ldlkjl jlkjk ld ljl lj lkjl jlk llj ldlkjl jlk jlk ljjlj</Line>
 <Line>jlk jlk l jjl k k ldlkjl l l lkl ld l jjl jlk lj jlk k jk dlkdl lj lj</Line>
 <Line>ljl k jjl ljl jlk k jljk k dl ljlj klk jl ljl jlk ljlj lj k ljldl jl ljl</Line>
 <Line>klk lkl dl k lj jlk jjl jljk lj l jljk jlk k ljlj lj dl lkl l k dl klk</Line>
 <Line>jljk jlk ldlkjl dl ldlkjl dl l lj jl k jjl k lkjl ljl lkjl k lkl l jl l</Line>
 <Line>jljk ldlkjl ljldl k l ljjlj ljl klk jlkjk l ljlj jk jlk jl jjlkl jl klk ljldl</Line>
 <Line>dl lkjl ljldl jk jk jl lj lkjl k jl jjlkl ljjlj jlkjk k lkjl ljjlj ljlj</Line>
 <Line>lj jl jl dl dl jl dl l lkl ljldl lj jldlkk ljldl dl jlk jjl jlk k k</Line>
 <Line>l ljlj ljjlj k jlk jlk lkl ldlkjl ljldl ljldl k jlkjk lkjl jk lkl ljjlj jjlkl</Line>
 <Line>jl dl jk lj lkjl lkl dl k l k ljjlj ljjlj dl ljldl ljl ljldl klk ljldl</Line>
 <Line>lj jk ljldl jlk lj l ljjlj l jlk l llj jlkjj jlk jlk jl jldlkj ljl jlk ljjlj</Line>
 <Line>jl jjlkl ldlkjl jlkjj ldlkjl klk dl ljlj k jlk ljlj jlk jk lj jl k k klk</Line>
 <Line>k ljlj dl k jjlkl l jlk jk l jlk k ljldl jlk ljl jjl jlk lkl dl ljldl</Line>
 <Line>jlk jlk klk ljjlj ljlj lj jlk dl ljldl dl lkl jlkjj k lkjl ldlkjl k jjlkl</Line>
 <Line>l ljlj k jlk ljjlj llj jlk ljl dl l llj k lj l ljjlj jlk lj lkl ljl</Line>
 <Line>klk jlk jlk llj lk ljlj k lkl ldlkl lldl k lk lk jlkl jk lldl lj llj</Line>
 <Line>lk lkl lk lldad jl llj l ldlkl jl jjl lj ljk lj lk lk llj lldad ljlj</Line>
 <Line>ldlkl lj jl jlkl lldad l ljl lkl ljlj lk llj lk ljlj jk lk llj l lkl</Line>
 <Line>l l jl l jlkl dad jl k lldad lj lkl lk lk k lkl ljl lk jjl jjl</Line>
 <Line>k dad dad jl lk lk lk jlkl lj l lk lk l lkjj lkjl jjl lkl ljlj lkjlk</Line>
 <Line>ljl k lk k jl dad lkl ljl k klk l ljl k jjl k jl llj llj lkl jjl</Line>
 <Line>lk lj l jl ljlj jk lk ljk l k jl lkl l lkl ldlkk jlkl jjl jjl</Line>
 <Line>lk jl lk jk llj l lkljk k jjl jk ljk dad l jl ljlj jl llj jk ldlkl</Line>
 <Line>ldlkk lk lk lldad lk llj jl dad jk llj ljk lj jlkl lk lj jl lj jl k</Line>
 <Line>lldad l lkl ada lk lk jk llada lk lkl ljk jk k jk ljl ljlj lk ada jl</Line>
 </Level>
 
 <Level>
 <!-- 3 -->
 <NewCharacters>s</NewCharacters>
 <Line>ljksdl ljkl l sljs ljks dlks ljsf kl lsdk ls ls ls lkj slk ks jl jjs</Line>
 <Line>l slj jl lkj lsdk fksdls dk lsdk lsdk lsddlk jjlsdk ljk ljksdls ljsdk lj</Line>
 <Line>kl lj lj lkj ljsdk lsdk ljsdk js ls kl jl jl lsdk ljsdkksdlsljs js kl</Line>
 <Line>lsdk ll lss ljdks sljsf lss ldks jl kl lsljslj kl ldksf kl lssljs ls js</Line>
 <Line>s ldks kk js kl js ls ljdks jl jjldks ldks jjldks ldksfksdldks ldksk slj</Line>
 <Line>slj lj ljdks lkjksdldksf ldkd skk lsljs lj ldkds ldkdsk lks lj lks ldkdsk</Line>
 <Line>slj kl sf ldkk lj ldkds lj slj ldkdsljs sljs ldkds ks ksljs</Line>
 <Line>ldkds lsljs sf lks lj ldkdsf lksljs ldkdsljs jjs ldkds slk kl ldkds ldkdsf</Line>
 <Line>s ldkds ldkdsk ksdjl ldkds lldkdsk js lsljs sljslj lks ljdkds jl</Line>
 <Line>ks ls ldkdskk ldk kl ks kl js kl ldkdsk kl ldk slk ldkd skk lkj slj lks</Line>
 <Line>ldkds lksljs ldkdsf ldkd kk lsljs ldkdsk slk ldkdss lkj lkjksdjjldkds</Line>
 <Line>ljksdkl slk jjs ldk ldkds lsljsf slj ldkd skk jl lj kl lj jlksdl ldkds</Line>
 <Line>lkj lkj ldk lkj kl lj lj ldkds lj lks ldkd skk klksdldkdsk lj lj ks kl</Line>
 <Line>ldkdsf jsljslk ljd kds ldkdss ldk dsk ldkds ld kd skk jjs lkj slk jl</Line>
 <Line>l lj jjs ls ldkdsk ldkds kl slj ldkdsf kl ldkdskk slk jjldkdsljsf ldkds kk</Line>
 <Line>ljdkds ldkdsljs ls ldk dskk ldkds kl jl kl lj ls kl ls kl sf lls ldkdskk kl</Line>
 <Line>sf lj ks lkj lj jjldkds ldsk ls jjlds ldskk ldskk ldsk sljsf slj lds</Line>
 <Line>js ldsf ljds ldsf lks ks lds jjldsljslj ljds ldsk ksdjsl jjlds ljsk sdks lds</Line>
 <Line>lds lkj ldss ldsk ls lj ldsk lss jl sf ljds kl sljs lds lsdfksdlks ls</Line>
 <Line>ls lsdsljlj lsdkk jllslk sf lks lkslj lsdk jl lksllsd kklkslj</Line>
 <Line>ks lks ks ljsd lsds lss lsdk klksdks lksljlk lj slj lsds ljksdjs jjss</Line>
 <Line>kl lkslj lj sljksd lsdf lsljf ls lsd sljf lsds lss jjlsdl slk lsdk</Line>
 <Line>s kl lsd lsd kl lsd lj jjss ls lsdf lsd jjss kl lsd jjlsd jjs sf lsd</Line>
 <Line>jjlsd ks lsd jsl slj jjlsd lj sf lkj klksdjjlsd kslj lsds ls lj slk</Line>
 <Line>lsdl slj lj ls js lkj ljsd ks lkj ks lsdk jjs lsd lsdl kl js lj</Line>
 <Line>s lslj sljf lsds jl ljsdl lkj ls jl ls lj slk lsdf jjlsdl ks lj</Line>
 <Line>ljsd lkj jslj js lsd slk lsd skk jl ksl lsdss lsds lkj lsds jjs lsds jjs s</Line>
 <Line>lsks dkl lsdsk lsdss ljksdl sdsf kl sf slj kl sf lkj lsljlk ls ls ls</Line>
 <Line>lj sf kl lsd kl lsd jjs lsds kl ljsd jjlsd lj js jl sf kl kl jl jl</Line>
 <Line>lsdf lsd lsds lsdslj lsd slk lksljlj lkj ljsd kl kslj lj kl lsdk lsd l</Line>
 </Level>
 
 <Level>
 <!-- 4 -->
 <NewCharacters>af</NewCharacters>
 <Line>dll dafs sldks fldk fafs faf fldk safs fldsk jdkaf fldk</Line>
 <Line>sds afl safd jdkafs af lafs fldks afld ld dsk fldk ldks</Line>
 <Line>dsk af jdkfa fds ld sfa sds kds kd ffa ffa faj fd k lfa</Line>
 <Line>jdk lds lfa sfal fa jdkfa fa fas sdk fads sfal lds fldk</Line>
 <Line>faffafd falksdjdk fafa ldk lds lfa ldkd ffas fadks fas</Line>
 <Line>fas fldk fal sf sfals jdks jdkfas dsfa dsk fas dj fal fals</Line>
 <Line>dkd sfal dlld sdlsds dlls sd dls sdldls ffas dsk fals dsks</Line>
 <Line>sds jdkfa ldks lds lfa dk lfa sldk ffal faffafds sldks</Line>
 <Line>ffa fa lfa fa fald fa sfa sfafas skd sfafa fldk skdsd jdks</Line>
 <Line>dsfa fas fa fldk dkd fadd lfa fadks k jdkfa ffal fds sfas</Line>
 <Line>fal fald faffafds faf ffals fldk ldk fldk fldks dsks fldk lds</Line>
 <Line>fldk lds ld dkd fldsks fad skds sfa dksd sfa ld skds sfal</Line>
 <Line>sds lfas dsfas fal sfa fal lfas kfa sfasd sldk dsfas lfas</Line>
 <Line>fal faffafd sdk faffafds ffals dsk fds fals dsks lds jdk</Line>
 <Line>dsks fals afdk afls afdks afs dsksksdk jdkaf lds fldk dsafs</Line>
 <Line>d fafl af k kaf affaffd afd fldks sdks afdsd laf safsds</Line>
 <Line>sd skds lafs jdkds af affaffds ldks skd afdk fldks ds skd</Line>
 <Line>afs jdkds afd fldk fafls afs faf safs ld afs dsk aflds safls</Line>
 <Line>afs skds safsds fafl dkd safsd fldk afls fldks lds safafsksdsafsds</Line>
 <Line>dks fldk sdks sds lds af fldks jdks dj dkd afdk fldks</Line>
 <Line>fldk dsk laf fldks afs kaf af jdkds afs dsks afd aflds jdks</Line>
 <Line>affaffd sd fldk safsd dks sds laf kl fd dsks af safl</Line>
 <Line>aflds fafl ldks afl fafls safafs afld skds afls afls jdkafs</Line>
 <Line>dsks safls lds laf lds dsk afdks kaf jdk fldk sdldls fldks</Line>
 <Line>fds sdks sdlsd jdkdsd dlfdlfd ldl dlls dlj ldls ldks fdls</Line>
 <Line>fdll fldks sdadl ldls dll dlldsl dlld k ldl skd ldks dsks</Line>
 <Line>ldk jdkdad fd dads ldl jdkds dadk lds sldk dl kd dsdls</Line>
 <Line>sdll dll k fldk dls sldk dl ldl ldl fdl dsk dll dadks sdls</Line>
 <Line>ldks lds fdlls ldlsd lds dkd ldk skds dlf dl jdk sldks</Line>
 <Line>sdadls dlls ldls sdadl fldksksddllksdld fdl sd ldls fldk ds</Line>
 </Level>
 
 <Level>
 <!-- 5 -->
 <NewCharacters>ie</NewCharacters>
 <Line>kdiekdll iei fldiks ldsie skdiie dils iedlk kidk iedlk kdisei didl</Line>
 <Line>kdiieei fdi dsei seideiie dei ideil seidll seidll dlei dils sidks seiedil dsi</Line>
 <Line>dieies dleie eiedls kdiidid idlks idil diidk kidks sidlks idk idki lil</Line>
 <Line>deedi skdi skdildls fdes des edl edlk sedlks skdes dik des ldfe</Line>
 <Line>i fdedls fde idsdl dfe kdies didl fldi kidkies sidlks idedl sidlks de</Line>
 <Line>skdes es dil sedik dke ke fldiie kdidl fldi fldiie sede fdes kdfedi</Line>
 <Line>sdik kdie edls edlks fdes dke edkes ediks dsi slde diiedkies fldeldils</Line>
 <Line>deedkies ki dsi sdilf dli dles dies ke fldes e deediie kidfkei kde dfes</Line>
 <Line>lde dsi sidkei fldeldils diie kdes sedils didl didl dies deedi kdikdiie</Line>
 <Line>edlk fle edsks kdikdiie lel skdildl kdidls sedlks ede dsldie edl fldeldils</Line>
 <Line>ediie fldik kdse fldeldil ediks idel sidkeis i sdils edlks idedl diidl</Line>
 <Line>deedkeis sldies didl kdiiee dies dke sediks edsks sldies fldiks flde</Line>
 <Line>dke e kldik fdedl sedlk de sdil sdildls fdse edls edke fdedls</Line>
 <Line>ldik deedkeis deei kdfedi fldeldils kei ki ediie edkei fdke fldik dies</Line>
 <Line>kdes sdildl sedll ldil kidkei fldiks de deedi fdes edlks kdekdll</Line>
 <Line>fdes dsldie lde ke sldes se skdildl edik sldies fdedl fde sedll sdik</Line>
 <Line>ldes kdieded dkeie edsks jke fdse il skdildl fdes sede des fdedl</Line>
 <Line>di skde dles di skdes die fdedls fdse e diiedkeis di fdi edkeis kdse</Line>
 <Line>kldiie dles kdses fldi fdedl kdiie idsdls kdfedi deei fdiie ldes kei</Line>
 <Line>lde sediks diiedkei kdi diiedkeis sldes kdidls lel idedl didl skdiie</Line>
 <Line>sedll fldeldil kidkseis dfe kdidl die fldes die ldfe sdles edes sidksei</Line>
 <Line>fdes deei edksei skdildls kidksei edkes sedils dse kdes di idel ldilfdlls</Line>
 <Line>fdke dils des e des il edi sedil kdfedi edkes kdi idedl dke des</Line>
 <Line>skdi ldfe dik sldies sede sdik sediks edll ldils fle sedils de</Line>
 <Line>ldik e fldeldils sdildl sedfl fdes ke fde fldik sdildl kei sedfl</Line>
 <Line>dils sdle skde skdies de e kdie ke di fldiks skdildls fldeldils</Line>
 <Line>edls sedil ede kldiks de dils diiedkseis dles es sidkseis dsi ediks</Line>
 <Line>fldeldils sedksei ldils skdildls skdes kdikdi die jke delds fldiks edke</Line>
 <Line>fldeldil kdses skdildls i skdiie edsk kdiiee sel diidl kldiie dfe kdes</Line>
 <Line>edkes flde dies fdses edik di sel e dils kdes fle deedksei dke kdikdiie</Line>
 </Level>
 
 <Level>
 <!-- 6 -->
 <NewCharacters>no</NewCharacters>
 <Line>fjol kanske fiende inne skola koloni flod liknande land sedan olika delen</Line>
 <Line>olja anka annan lokal enda linje sinne enas enkel sand andel sakna finnas</Line>
 <Line>denna dans innan sidan skena kolonn folk enkel innan kanske skena denna fiende</Line>
 <Line>sinne enas skola enda koloni linje inne olja finnas sedan olika land dans fjol</Line>
 <Line>flod sand annan liknande kolonn delen sidan sakna folk lokal andel anka innan</Line>
 <Line>anka kolonn koloni flod dans fjol land sakna sedan lokal inne sidan liknande</Line>
 <Line>sinne enkel skola olja olika annan linje andel kanske folk fiende sand enda skena denna delen finnas enas</Line>
 </Level>
 
 <Level>
 <!-- 7 -->
 <NewCharacters>rm</NewCharacters>
 <Line>klar ark dra roll ras ran film snarare anser namn ord form rik resor jord</Line>
 <Line>fredrik mera moderna norr risk mark mina radio ekonomisk samman indikerar mild meddelande</Line>
 <Line>deras dollarn annars amerikansk orsak mer dem mena damen mor fara maj dom klara fras miljon</Line>
 <Line>men ren simma korsa flera mamma marknad med ordna resa senare min fri dollar ekonomi mej majs</Line>
 <Line>medan mil samla kommer massa fem mars kom samma miljard ensam ner minska medlem franska fler som</Line>
 <Line>liksom andra mellan mindre man sommar ros lindra skiljer ser minnas allra siffran familj miss</Line>
 <Line>delar redan moln maskin ledare krona eller rad miljoner melodi sker komma fram norra far rak foder</Line>
 <Line>inom lokalisera redan andra moderna liksom dem massa meddelande radio fram risk simma komma anser ark</Line>
 <Line>rak rad min ras samman melodi mil eller ensam foder roll flera sommar moln norr med ordna mena fredrik</Line>
 <Line>maskin ekonomisk delar inom deras dollarn film ran marknad samma mej indikerar dollar medlem</Line>
 <Line>miljoner ekonomi skiljer mars far fara kom maj mindre snarare mark men mellan som mamma miljon man</Line>
 <Line>siffran orsak ren mera lindra resor kommer annars form mor minska klara mer klar fler familj miljard resa</Line>
 <Line>amerikansk majs ros korsa norra senare fem minnas sker mina fri damen rik miss ledare</Line>
 <Line>fras ner krona lokalisera jord ser mild dom medan samla franska dra ord namn allra</Line>
 </Level>


 <Level>
 <!-- 8 -->
 <NewCharacters>vt</NewCharacters>
 <Line>senast varm vilja motor kvadrat viss kanten framtid stors effekt skriven talade vara</Line>
 <Line>direkt landet vild tall stava atomen kosta faktiskt visa vilka stark trodde internationell kvinna</Line>
 <Line>kvar vikt sedimentera varit divide lite vilket torka varandra tala elever mesta intervall term meter</Line>
 <Line>stat stor svans visar satellit satt svensk nation leva allvar sist endast vatten soldat materialet</Line>
 <Line>konstatera intresse totalt samt vore snart sektion dikt ansikte materia mitt vilken svar emellertid</Line>
 <Line>tolv mitten emot svara kritik motta sitta kvoten slav tredje kort allt vars motsatt efter ansvar skriva</Line>
 <Line>stranden foto tills metall varken tillsammans elementet inte lista enormt varierar kvinnor salt fast</Line>
 <Line>karta svart elektrisk flesta stol svenska vinna rita starkt sten minst trots stead lever detta tanke</Line>
 <Line>fortfarande kontor vare fraktion ovan krav insekt sista snitt vinter alltid skrev sett verka information</Line>
 <Line>kasta sval timme mest visste jakt vokal kraft stad konsonant ofta kontinent skratt vidare visst titta</Line>
 <Line>silver till lift storlek resten samtal vind korrekt metod veta talet liten teater stod kontroll fort</Line>
 <Line>ritt station antal testet kostnad start eftersom fett kontakt elev vill stavelse natt varje</Line>
 </Level>
 
 <Level>
 <!-- 9 -->
 <NewCharacters>pu</NewCharacters>
 <Line>skull utom knapp must natur fru plural skapa passa mjuk kropp slips faktum lukt separat politisk</Line>
 <Line>inkluderar stoppa plats djup politiker april port pojke president praktiken tur minut undervisa resultat</Line>
 <Line>sju rulle pund nuvarande skulle studie rund partiet slut kopia upp diskutera dessutom kunde vetenskap</Line>
 <Line>kapital passera kunna pappa undra pinne industrin kul ljus parti skepp ute kappa skarp januari luft undan</Line>
 <Line>papper uppfinna kapten tusen diskussion spelare numera under paus djur period mun utan sund skuldra stund</Line>
 <Line>spendera rop spel europeisk frukt funnen knappast person produkt keps tum planen privat topp annorlunda</Line>
 <Line>ljust plan planet par kust projekt spara tunn per temperatur just kulle professor platt runt pistol</Line>
 <Line>personen musik politik punkt spelar full rum ansluta kommun studenten pose polis spela uppe juni rep</Line>
 <Line>utan januari upp plural rulle tum skapa passera skepp stoppa kulle utom rep kopia politiker politik rum</Line>
 <Line>spendera plats resultat numera per tusen nuvarande djup studenten planet keps industrin frukt rop politisk</Line>
 <Line>vetenskap juni president produkt praktiken skuldra slut pojke par sund pappa professor port projekt</Line>
 <Line>skarp april ljus pistol punkt kul rund partiet spelar mun kunde faktum tur kust knapp diskutera skulle parti</Line>
 <Line>minut kropp paus runt musik separat pose natur papper spela kappa djur lukt slips undan skull kapten mjuk</Line>
 <Line>diskussion undra ansluta uppe full temperatur polis platt kunna annorlunda spelare studie kapital spel</Line>
 <Line>sju topp knappast tunn must plan privat pinne pund kommun funnen fru under spara person ljust</Line>
 <Line>undervisa dessutom stund ute period uppfinna just luft planen passa europeisk inkluderar personen</Line>
 </Level>
 
 <Level>
 <!-- 10 -->
 <NewCharacters>yg</NewCharacters>
 <Line>gruva seger sjunger antingen ange glans ring ryska flyga vanlig glad upprepning fig offentlig</Line>
 <Line>kostym tyst verklig igenom trolig morgon verkligt glas nog region guide tvinga nyligen diagram gata</Line>
 <Line>aldrig gas meningen logga steg idag genom gnida egentligen tag gud finger kung syn vinge flytta grad slag</Line>
 <Line>samtliga gynna skydda verktyg slutlig ganska fungera pengar egenskap spridning fyra slitage riktig gammal</Line>
 <Line>sagt nytt grupp krig lag god tidning dryg vanligt yta original gav uppgift ligga organ samtidigt regering</Line>
 <Line>augusti egen dig tog triangel upptagen rolig regel grund singel engelska energi inga vagga synas syre gott</Line>
 <Line>typ gjorde stig gjort viktigast ingen ingenting regn sig omkring gemensam enligt tjugo register gul fylla</Line>
 <Line>segment regera ung naturlig kyrka tyska gissa inget program stiga ordentlig figur skog lyssna ungdom dag</Line>
 <Line>dags tidig uppdrag egna taget delning kring drog lagra ligger granne jag riksdag drag molekyl igen</Line>
 <Line>anledning gren magnet syster forskning mig segel tung guld skynda middagstid viktig systemet</Line>
 </Level>
 
 <Level>
 <!-- 11 -->
 <NewCharacters>zh</NewCharacters>
 <Line>helt helst halka hittills verksamhet historia halv heter han honom hud hitta hem handel hennes hav hemma</Line>
 <Line>haft huvud hetta heller humant hur handla hans hus hela hand erfarenhet het enhet hon the hel hastighet hoppa</Line>
 <Line>hjul ihop hoppas hals huruvida though hund handling hundra har hit hade hos erfarenhet hel honom hittills huruvida</Line>
 <Line>hon hus hastighet hjul han hals hos hundra het verksamhet helst halka handla enhet hud handel hennes hand historia</Line>
 <Line>hem hund har hoppa hetta hans heter hit heller hemma hitta hade hela the ihop hur humant hav haft helt halv hoppas</Line>
 <Line>huvud handling though historia helt erfarenhet hans hoppa hem verksamhet hetta hennes hemma hus halv hur handling</Line>
 <Line>heter hals hud hos hand hastighet helst hundra handla huvud hund hela haft hade enhet han handel hittills honom</Line>
 <Line>hav the heller ihop hoppas har humant hit though het hjul hitta huruvida hel halka hon</Line>
 </Level>
 
 <Level>
 <!-- 12 -->
 <NewCharacters>bc</NewCharacters>
 <Line>tryck symbol bror debitera utveckla februari bara bringa befolka bra boken boll skicka anteckning</Line>
 <Line>betydligt tycker chans lycklig besluta brukar innebar bomull speciell substans ordbok bevisa beslut bygga</Line>
 <Line>kock beskriva klocka cat barn brev dubbel berg buller bas bild september tecken bitars ackord plocka borde</Line>
 <Line>lastbil beror cirkel socker blod stycke ibland cirka procent blanda dock tillbaka borta lock bort match</Line>
 <Line>publiken bil precis flicka och decimala subtrahera snabb producera cell tjock bero gick enbart omedelbar</Line>
 <Line>samarbete arbete bok blomma betyda betala centrum blocket cent skickat space bidrag bly tycka november brun</Line>
 <Line>verb social vecka jobb ombord lyckas tabell band samband mycket ocean observera ack bringas utbildning bli</Line>
 <Line>bliva bana fick subst matchen baren objektet bilden bokstav tack butik botten betydelse bakom problemet arbeta</Line>
 <Line>december problem bred behov speciellt nyckel bank dryck chef processen utveckling bland tyckas publik ben veck</Line>
 </Level>
 

 
 <Level>
	<!-- 13 -->
 <NewCharacters>wq</NewCharacters>
 <Line>squail lequear toquet equison quitely queuer qanat queened quayage quacked piquero sauqui</Line>
 <Line>quippe yaqona equine quillet chalque quinoyl queeve cliquy etiquet coquin puraque quota quave</Line>
 <Line>squeege quirked aqueity squired cazique aquilia quayman unqueen quist quinon quirl quaife casque piquant</Line>
 <Line>quadrae brusque cacique quotid requeen qaid quim quetch sequel quelme louiqa equal quaking piqu quoiter</Line>
 <Line>quei jocoque quilted aquafer quinyie quaigh inquiry quarl squeal banquet esque lasque quantic</Line>
 <Line>request quisle quetsch claquer jerquer quare quisby squidgy quieti ocque quokka enqueue</Line>
 <Line>piquia quagga xarque squin queazy grecque asquint squader charque squad quo qually croquet quartan</Line>
 <Line>squush queery quidder hlqn caique quicker masquer pasquil acequia quaffer squinch quat quata equator</Line>
 <Line>queme seqfchk quench quitter equilin aliquid querido placque quinova quilkin qeri quando quelled fiqh</Line>
 <Line>quate squirmy quadrin squeaky faquir quired quadra quested ubique seqrch quieten quabird lacquey</Line>
<Line>quadrat quop quedful barque asqueal quinary jerqued quippu query squidge qasida quinze</Line>
<Line>hawking swelp brawl anyway bedewed yawweed undewed starw word wroken setwise wup inswept</Line>
<Line>pinwing hadaway winster cowlick swashy diswit daw woven wongen ingrow wretch wattage ratwa</Line>
<Line>bothway weirder woodwax jewbird shewel swingle swinged wuzzer wroke sawpit ryotwar wooled</Line>
<Line>unsawn jawfoot wlatful woollen woldy whiffer cowhorn womerah weeze wetter hawsed postwar wildcat</Line>
<Line>swam whimmed washway juwise devow swoln water intwine whortle awabi wouldst swarm wangan</Line>
<Line>brawer thowel welly wulk workful oilwell jhow twattle wariest wheam thaw weeded ragwort reswept</Line>
<Line>crewman wavier batfowl owlery windlin hwyl weighty woolert warning wastern pkwy owllike weigher</Line>
<Line>why whangam wady wandoo swollen wrawl outflow hawser tweesh browd enshawl woozle wersh weep</Line>
 </Level>
 
 <Level>
	<!-- 14 -->
 <NewCharacters>äöÅ</NewCharacters>
<Line>förbi väder någonsin människor äldre stället föll blå höger gäller grå</Line>
<Line>nämligen ändå lät slagträ ögonblick därefter nivå därmed länge såväl längd</Line>
<Line>för röret vända hålls både företaget månen förslag fullständig fortsätta</Line>
<Line>framåt bestämma alltför alltså rör förälder stöd affär fäste värld hår</Line>
<Line>lärare lära rätt spår förbereda hög samhälle himmelsblå formulär klättra</Line>
<Line>vår skäl dörren fångad arbetslöshet lägga äta ständig ställning förvänta</Line>
<Line>läsa uppsättning inträffa rörelse båda svår kväll förklara lämna gröda avlägsen</Line>
<Line>förstå fönster likställa sågen teknikområdet hjälpa köpt skönhet övning känna gått</Line>
<Line>tillhandahålla värde däremot poäng växte gör frö fågel tvätt ungefär bästa öppna</Line>
<Line>där främst framgång måste större rädd äpple vägg örat sällan ända mörk behöva</Line>
<Line>klänning ände gärna öken anländer möts kläder vänt gång tänder snö slå även förstås</Line>
<Line>trädgård håll förändring vänligen ingå göra högst utanför hävda röd däcket rädda</Line>
<Line>förmodligen köra också döda kärlek tåg näsa tillstånd bättre säker långt ånga tjäna</Line>
<Line>död färsk sälja måla använda ställa försöka mästare dålig väldigt stjärna höra händelse</Line>
<Line>åtgärda våningen åtminstone innebär när söndag möjlighet istället känd besök började</Line>
<Line>märke röst rädsla vän sätt framför tillåta förlorat bära fläck försörjning bröt lär</Line>
<Line>lösa okänd dröm kräva hjälp glädje gräs känsla dörr först såg inlägg sjö ström bränna</Line>
<Line>sålunda färg kände står bröd tråd sång släpp öga köpa förrän låta räcka före höll järn</Line>
<Line>sådant fält hålla iväg bör föreslår högt särskilt lätt bestämt växt allmän mönster bädd</Line>
<Line>kör trä grundläggande över förutom öka våra följ vätska tillräckligt läger kännas</Line>
<Line>häst område berättelse fågelunge berätta väster avgörande hända många sträcka rätta</Line>
<Line>åter öppen får föreliggande säte höst från sök åka början förkylning kära låda sätta</Line>
<Line>besvär övrig innehålla möjlig stål självklart väl förr några vänster åtta människa låt</Line>
<Line>ifrån råd välja väg månad lösning låg främre mål flöde hål själv små försök någonting</Line>
<Line>ögon tänka någon lägg fjäder slagsmål båt gård närmast långsam stå vänta ämne smäll mjölk</Line>
<Line>södra läkare välj något jämföra öst hört företag ordförande följa björn våg hörn sträng</Line>
<Line>tonhöjd nära grön två nästan främmande sömn kött tillräcklig karaktär svårt växa män söker</Line>
<Line>bäst säsong överväga beväpnar börja behöver höja hård fråga hälften förra träd fångst varför</Line>
<Line>räkna ännu nödvändig språk vård lång sådan här nästa särskild söder säga därför anställd</Line>
<Line>plötslig världen mäta överraskning hjärta inför ägg</Line>
 </Level>
 

 
 <Level>
 <!-- 15 -->
 <NewCharacters>AJKL</NewCharacters>
 <Line>Karlsvik Algutsrum Liatorp Arjeplog Luleå Karlsborg Jonsered Kristinehamn Klockestrand Kode Alsike</Line>
 <Line>Arvika Latorpsbruk Lögdeå Andalen Junsele Alvhem Kåge Långviksmon Ljusfallshammar Långvik Karlskoga Lingbo</Line>
 <Line>Kopparmora Järnforsen Katrinedal Lerum Kilafors Klippan Kinnarumma Kjulaås Johansson Arnäsvall Arnö Lindome</Line>
 <Line>Karlskrona Lunnarp Ardala Karby Korsträsk Larsson Lars Lindesberg Lövstalöt Karlstad Kristineberg Ljungby</Line>
 <Line>Krägga Kävlinge Kyrksten Löderup Kalix Kallinge Avesta Långasjö Axvall Lunde Lund Kisa Låssby Kungshult</Line>
 <Line>Lindsdal Järlåsa Lysvik Landfjärden Katrineholm Långsele Kolsva Järbo Kinnared Karlshamn Lekeryd Lit Kristdala</Line>
 <Line>Läckeby Lödöse Annelund Kvibille Knäred Juoksengi Arboga Knivsta Klintehamn Källby Järvsö Angelstad Junosuando</Line>
 <Line>Klässbol Klågerup Lidingö Lurudden Lima Avan Angered Ljunga Arvidsjaur Alberga Johan Kyrkhult Askeby Klövsjö</Line>
 <Line>Andersson Askersund Alby Kyrkheddinge Klockrike Lörby Loftahammar Jämtön Kinnarp Köpmanholmen Karlsson</Line>
 <Line>Kungsbacka Knutby Kristvallabrunn Kovland Lindö Jung Limedsforsen Kättilstorp Laholm Ambjörby Kåhög Kvissleby</Line>
 <Line>Alstermo Jävre Ljugarn Länna Askersby Kågeröd Kånna Ljung Lennart Asperö Lugnås Kilsmo Lidhult Juniskär</Line>
 <Line>Lungvik Kulltorp Korpilombolo Jädraås Jämjö Kungsgården Alstad Lövestad Lillkyrka Kungsör Kvänum Johansfors</Line>
 <Line>Jordbro Liden Linghed Limmared Ljungskile Klädesholmen Kättilsmåla Järpås Kareby Kimstad Jukkasjärvi Lärbro</Line>
 <Line>Leksand Anderslöv Kallax Landeryd Kramfors Knislinge Kolbäck Kvidinge Kälarne Kinna Linneryd Kungsberga</Line>
 <Line>Löddeköpinge Lysekil Jörn Ljungaverk Kangos Kvärlöv Lundsbrunn Jössefors Ljungbyhed Lomma Ambjörnarp Läby Kil</Line>
 <Line>Laxvik Abborrberget Arbrå Kärna Kullö Kuttainen Linköping Kållered Kopparberg Kurland Jonslund Karungi Krokek</Line>
 <Line>Ljunghusen Leif John Arkelstorp Agunnaryd Järna Lagan Köping Anna Kiruna Anders Karin Landvetter Kvicksund</Line>
 <Line>Kosta Anderstorp Johannishus Kållekärr Johannesudd Jan Koppom Lesjöfors Lycksele Lindholmen Jäderfors</Line>
 <Line>Aneby Kalvsund Kårsta Ljungsbro Kungälv Klevshult Lottefors Arild Jörlanda Kattarp Kvillsfors Landsbro</Line>
 <Line>Ljusdal Jokkmokk Antnäs Kungshamn Lillhärdal Ludvika Löberöd Kaxholmen Abbekås Almunge Jämshög Lessebo Laxå</Line>
 <Line>Kungsängen Lillpite Lerkil Lena Landskrona Kläppa Lenhovda Karesuando Köpingebro Ljusne London Killeberg Alingsås</Line>
 <Line>Ammenäs Alfta Långås Kärda Löftaskog Jättendal Klöverträsk Alsterbro Lanna Ludvigsborg Arontorp Lönsboda</Line>
 <Line>Lillhaga Lotorp Länghem Allerum Kusmark Ankarsvik Kummelnäs Kastlösa Ankarsrum Karlholmsbruk Jönköping Kumla</Line>
 <Line>Lyrestad Alster Konga Alvesta Klagstorp Lövånger Lammhult Kvisljungeby Lerdala Löttorp Järpen Ljungsarp Annelöv</Line>
 <Line>Jönåker Jonstorp Johannedal Krokom Koskullskulle Kivik Köpingsvik Kebal Kalmar Linderöd Asmundtorp Alvik Lucksta</Line>
 <Line>Långshyttan Linghem Korsberga Alunda Ljungbyholm Los Listerby Jursla Aspås Aplared Lidköping Anneberg Kristianstad Kungsäter Arentorp</Line>
 </Level>
 
 <Level>
 <!-- 16 -->
 <NewCharacters>GPUYZ</NewCharacters>
 <Line>Genarp Gunsta Pålsboda Urshult Persson Ullervad Gräfsnäs Gistad Grevie Gulleråsen Påläng Utby Utansjö</Line>
 <Line>Grimsås Gonäs Pershagen Paris Glumslöv Gullbrandstorp Upplanda Pajala Geijersholm Gunnarskog Påryd Gualöv Uddebo</Line>
 <Line>Gullringen Ulrika Uddeholm Grebo Gällstad Gripenberg Gammelgården Gnosjö Gottne Gränna Persön Upphärad Gävle Gåvsta</Line>
 <Line>Graversfors Getinge Gustavsberg Utvälinge Ytterån Yttersjö Ystad Glommen Gällivare Gubbo Garphyttan Piperskärr</Line>
 <Line>Ursviken Glemmingebro Ulf Gemla Uddevalla Gagnef Gängletorp Zinkgruvan Parksidan Granö Grythyttan Gantofta Gränum</Line>
 <Line>Yngsjö Gimåt Undenäs Glanshammar Gudhem Ullared Gusselby Gislaved Grangärde Grums Gamleby Piteå Gunnebo Grundsund</Line>
 <Line>Gunnar Garpenberg Grästorp Ullånger Ulricehamn Porjus Ysby Ucklum Ullatti Uddheden Götlunda Grebbestad Persberg Gårdskär</Line>
 <Line>Gnarp Göteborg Gånghester Gullbranna Göta Grimslöv Gullspång USA Uppsala Gideå Glimåkra Persbo Gimo Genevad Gusum</Line>
 <Line>Grängesberg Grycksbo Gällö Peter Pilgrimstad Glommersträsk Pukavik Undersåker Ytterhogdal Gimmersta Påarp Perstorp</Line>
 <Line>Grytgöl Unbyn Gesunda Grödby Gråbo Gårdby Gärsnäs Pauliström Gammelstaden Gyttorp Grillby Gäddede Grimstorp Götene</Line>
 <Line>Gårdstånga Ulvkälla Godegård Grisslehamn Gnesta Ulvåker Påskallavik Göran Unnaryd Gunnarstorp Umeå</Line>
 </Level>
 
 <Level>
 <!-- 17 -->
 <NewCharacters>HBC</NewCharacters>
 <Line>Höganäs Bleket Husby Barkarö Bjuv Bergströmshusen Hyltebruk Hallen Härad Björna Burträsk Blötberget Billdal</Line>
 <Line>Hästhagen Hasslö Hjärsås Hult Hultsfred Bockara Henån Billesholm Björketorp Brottby Botsmark Hällbybrunn Bensbyn Blidsberg</Line>
 <Line>Bollnäs Hjärnarp Hagfors Hemmesta Bergshammar Bengt Härnösand Holmeja Bygdsiljum Hok Hällesåker Häradsbygden Brösarp</Line>
 <Line>Bergsviken Hjärtum Hargshamn Höviksnäs Högsäter Björke Hagby Hällaryd Bräcke Bergshamra Bruzaholm Hållsta Borrby Harlösa</Line>
 <Line>Broby Björnlunda Heberg Hindås Hässleholm Himle Hörnefors Horda Braås Brevik Bälgviken Brålanda Hogstorp Hittarp Björklinge</Line>
 <Line>Hjärup Bottnaryd Hedeskoga Högboda Brännö Brännland Hemse Hammar Bastuträsk Hölö Herräng Hagbyhöjden Bara Hammenhög Bammarboda</Line>
 <Line>Bergsjö Häggenås Hjortkvarn Blikstorp Barsebäck Hunnebostrand Hällberga Håksberg Bredaryd Billinge Hogstad Bodafors Hallerna</Line>
 <Line>Hallstavik Hallabro Bollebygd Hillerstorp Hällestad Herrljunga Bjärnum Hasselfors Bygdeå Björkvik Hedenäset Hampetorp Broaryd Brevikshalvön</Line>
 <Line>Carlsson Hestra Hudiksvall Bärby Hillared Hulu Harmånger Harads Bunkeflostrand Hofterup Holmsjö Holsljunga Hjo Backa Billeberga</Line>
 <Line>Bäckebo Bergby Bollstabruk Bäckaskog Hedekas Charlottenberg Boden Bengtsheden Hammerdal Borensberg Bergvik Hassela Hishult</Line>
 <Line>Brunnsberg Byske Björbo Höör Hackås Härslöv Boliden Hummelsta Berg Hälleforsnäs Balsby Hovid Hästholmen Hedemora Haparanda Heby</Line>
 <Line>Björneborg Bureå Hällefors Bua Bergagård Hultafors Håga Båtskärsnäs Hammarslund Boholmarna Baggetorp Billsta Hanaskog Hoting</Line>
 <Line>Hofors Bergnäset Hyllinge Helsingborg Bengtsfors Hedvigsberg Burgsvik Bestorp Hammarby Bro Hällnäs Bettna Boda Hammarstrand</Line>
 <Line>Hökåsen Bönan Bjästa Brokind Boo Bäsna Blombacka Bälinge Hånger Hjorted Hjälmared Bergkvara Birgitta Halmstad Hällekis</Line>
 <Line>Halltorp Björnö Hjältevad Billingsfors Båstad Hallsberg Hökerum Hököpinge Hovsta Hybo Bergsbyn Harplinge Hissjön Hakkas</Line>
 <Line>Hemavan/Bierke Hällevik Bromölla Brunflo Brunna Hovmantorp Högsby Bäckhammar Herstadberg Buskhyttan Husum Hova Bor Bjursås Harbo</Line>
 <Line>Backe Blackstalund Brastad Bankekind Burseryd Holsbybrunn Björkviken Hjälm Halvarsgårdarna Borgstena Höllviken Berga Hasslarp</Line>
 <Line>Härryda Hemmingsmark Brantevik Hälsö Hyssna Bredsand Haga Borgholm Backberg Borlänge Horn Björboholm Böle Hästveda Habo Ballingslöv</Line>
 <Line>Havdhem Björkö Bredared Hällevadsholm Hamburgsund Bårslöv Bonäs Hålsjö Bullmark Bjärsjölagård Carl Brattås Bosnäs Bie Björlanda</Line>
 <Line>Beddingestrand Björnänge Hällabrottet Borggård Hedesunda Borås Blomstermåla Boxholm Haverdal Holmsund Bredbyn Hällingsjö Hede Hönö</Line>
 <Line>Hörby Hjortsberga Brunn Backaryd Holm Häljarp Huaröd Benareby Hedared Hörvik Höja Hasslöv Bankeryd Bredviken Hjuvik Horndal Butbro</Line>
 <Line>Hallstahammar Bålsta Björsäter Bjärred Brändön Bergeforsen Bjurholm Bäckefors Bovallstrand Björköby Blentarp Herrestad </Line>
 <Line>Hälleviksstrand Blåsmark Hortlax Hurva Hamrångefjärden Buerås Hagge Högsjö Horred Barsebäckshamn Berghem</Line>
 </Level>
 
 <Level>
 <!-- 18 -->
 <NewCharacters>IENO</NewCharacters>
 <Line>Norrlandet Nykil Nävragöl Olsfors Oxelösund Näsåker Ersnäs Idkerberget Olof Ingelstad Njutånger Orrefors Eriksson</Line>
 <Line>Olofström Nässjö Ensjön Eslöv Orrviken Emtunga Nygård Nävekvarn Näsviken Näsum Essvik Nordmaling Olofstorp</Line>
 <Line>Ilsbo Eneryda Norsholm Nordingrå Norrtälje Olstorp Optand Obbola Eggby Oskarström Nykvarn Eksjö Ingatorp Naturligtvis Ekedalen</Line>
 <Line>Iggesund Everöd Nolvik Edsbro Norrsundet Ed EU Nusnäs Norrköping Nogersund Indal Onsala Edsvalla Nossebro Ingvar Edsbruk</Line>
 <Line>Nås Nordanö Ingaröstrand Nynäshamn Nordmark Norberg Ellös Eskilstuna Evertsberg Norsjö Ovesholm Irsta Eriksmåla Igelfors Idre</Line>
 <Line>Odensberg Nyland Idala Ope Emmaljunga Emsfors Eringsboda Immeln Ingared Nilsson Njurundabommen Nybrostrand Olshammar Innertavle</Line>
 <Line>Norge Odensbacken Ersmark Ekenässjön Ekerö Nybro England Ekängen Nälden Ockelbo Eva Nore Nöbbele Otterbäcken Emmaboda Ingelsträde</Line>
 <Line>Odensjö Enstaberga Ostvik Enköping Nora Nedansjö Ekeby Nymölla Norje Enviken Nättraby Oleby Eldsberga Erik Norrö Nyköping</Line>
 <Line>Nissafors Eksund Osbyholm Osby Nikkala Ornäs Nordkroken Oxie Insjön Onslunda Nyhammar Norrskedika Nykyrka Igelstorp Norsesund</Line>
 <Line>Olsson Orsa Enånger Ovanåker Nyborg Edane Nitta Europa Norrfjärden Eket Edsbyn Nykroppa Ekshärad Oskarshamn</Line>
 </Level>
 
 <Level>
 <!-- 19 -->
 <NewCharacters>RMVT</NewCharacters>
 <Line>Toarp Rydöbruk Väckelsång Väskinde Vallentuna Tumbo Tärnsjö Ryd Rejmyre Malungsfors Rixö Taberg Röfors Malung Tygelsjö Vittjärv</Line>
 <Line>Morgongåva Rävlanda Mörsil Västerhejde Västanvik Rättarboda Trulsegården Vankiva Marieholm Ramvik Råneå Tystberga Torekov Rot Vattholma</Line>
 <Line>Trosa Timmernabben Mölltorp Västerberg Tibro Vickleby Myckle Ryssby Tjuvkil Vessigebro Ringsegård Tillberga Vi Tranemo Rosenfors Tuna</Line>
 <Line>Värnamo Tångaberg Munkedal Rengsjö Våxtorp Rönnäng Viken Tanumshede Rångedala Torsås Trelleborg Mellbystrand Väring Marieby Vintrosa</Line>
 <Line>Virsbo Runemo Madängsholm Rutvik Mjölby Tvååker Vaggeryd Vejbystrand Tallåsen Visby Vansbro Täljö Maria Vänge Vallargärdet Tingsryd</Line>
 <Line>Vännäsby Myggenäs Munga Tierp Väderstad Riala Rönneshytta Vikarbyn Mullsjö Totra Ronnebyhamn Tving Riddarhyttan Töreboda Mörlunda Vittangi</Line>
 <Line>Väse Töre Teckomatorp Rävemåla Virserum Vännäs Tjautjas/Čavččas Magnus Rödbo Markaryd Vassbäck Vålberg Vårdsätra Vallda Vintrie Moskosel</Line>
 <Line>Vinnö Resarö Västerfärnebo Tärnaby Marmorbyn Varnhem Varberg Vittskövle Mariefred Mörrum Vellinge Mysingsö Vagnhärad Rosvik Rydbo</Line>
 <Line>Vistträsk Tingstäde Totebo Rabbalshede Mollösund Viby Mjönäs Tjörnarp Rånnaväg Viksäter Vallsta Rör Tävelsås Vinninga Träslövsläge</Line>
 <Line>Vittinge Torhamn Torsång Mullhyttan Torup Valbo Risögrund Ruda Ramnäs Månkarbo Malå Vretstorp Marbäck Runtuna Vimmerby Tosseryd Torarp</Line>
 <Line>Rolfstorp Valskog Vrena Villshärad Rinkabyholm Moheda Tunadal Torbjörntorp Vargön Vissefjärda Venjan Råda Malmö Rockhammar Töllsjö</Line>
 <Line>Valla Mantorp Tormestorp Rydboholm Medåker Ransta Rörö Tofta Trollhättan Vaxholm Mariannelund Ränneslöv Rosenlund Målsryd</Line>
 <Line>Västermyckeläng Väggarp Molkom Vrigstad Toftbyn Tollarp Myrviken Timrå Märsta Vårsta Mockfjärd Roknäs Mjällom Vinberg Torreby</Line>
 <Line>Tyringe Tunnerstad Robertsfors Vedum Rya Västerljung Matfors Rottne Möklinta Rimbo Vattnäs Torsebro Rydebäck Vinäs Viskafors</Line>
 <Line>Målerås Tråvad Motala Trönninge Rolfs Malmbäck Vidöåsen Rödeby Mjöhult Vartofta Värmlandsbro Måttsund Rossön Maln Mölnlycke Vidsel</Line>
 <Line>Vattjom Ramstalund Vilshult Ramsberg Munktorp Vindeln Vallåkra Västerhus Vallvik Munkfors Ringarum Tjällmo Ramdala Mala Tortuna</Line>
 <Line>Vetlanda Rimforsa Tranholmen Timmersdala Roteberg Timmele Margretetorp Vidja Rundvik Myresjö Våmhus Tvärskog Vaplan Tumlehed Ramsele</Line>
 <Line>Velanda Rydsgård Mellösa Värsås Repbäcken Tyskland Vitaby Veberöd Vibble Vollsjö Tahult Rottneros Tågarp Veddige Vittaryd Tallvik</Line>
 <Line>Torpshammar Tenhult Tomelilla Mariestad Vånga Vikingstad Vuollerim Västerby Mehedeby Ronneby Vedevåg Vena Töcksfors Mjöbäck Rörvik</Line>
 <Line>Vänersborg Rydaholm Väjern Malmslätt Traryd Vårgårda Malmköping Mörarp Röstånga Varekil Trädet Mellerud Vingåker Mjällby Misterhult</Line>
 <Line>Vilhelmina Mölle Reftele Ryssland Torshälla Torestorp Marma Raksta Vattubrinken Trödje Marielund Rälla Mora Vikmanshyttan Tidan Röke</Line>
 <Line>Rusksele Tidaholm Medle Törestorp Trekanten Rosersberg Morjärv Tvärålund Västibyn Västervik Thomas Torsåker Mikael Mysterna Tulebo</Line>
 <Line>Rånäs Rydal Vik Revingeby Viksjöfors Västerås Veinge Väländan Tollered Rappestad Väröbacka Muskö Valje Mönsterås Vinslöv Mohed</Line>
 <Line>Valdemarsvik Marmaskogen Vemdalen Västerlösa Mölnbo Mats Tandsbyn Transtrand Röbäck Vadstena Tranås Mogata Mellansel Rättvik Tureholm</Line>
 <Line>Tavelsjö Mörtnäs Trångsviken Torsby Runhällen Vara Tylösand Västerhaninge Marstrand Merlänna Målilla Martin Mörbylånga Rockneby Vika</Line>
 <Line>Rinkaby Timsfors Vallberga Vittsjö Vassmolösa Tun Vad Tobo Malmberget Vislanda Tösse Moholm Täby Tällberg Mariedal Råby Vannsätter</Line>
 <Line>Rydsnäs Växjö Marmaverken Moliden Tumba Morup Vegby Torpsbruk Vrångö Täfteå</Line>
 </Level>
 
 <Level>
 <!-- 20 -->
 <NewCharacters>SCDF</NewCharacters>
 <Line>Sonstorp Sundby Simlångsdalen Finja Dannike Smedby Sätofta Svinninge Frändefors Sala Dingtuna Skee Stensele Selja Stöllet</Line>
 <Line>Svanberga Sifferbo Saleby Seskarö Skeppshult Skottsund Fredriksberg Fårösund Söderala Dösjebro Skåre Diseröd Fränsta Frödinge</Line>
 <Line>Svenstavik Stefan Skövde Sibo Fengersfors Sibble Stocka Forsbacka Skärgårdsstad Svartvik Stockaryd Dalum Sommen Solvarbo Sjulsmark</Line>
 <Line>Strömsfors Delary Floby Fjugesta Stöcke Drottningholm Smygehamn Duved Sjöbo Fagerhult Sälgsjön Forssjö Domsten Storuman Stavsnäs</Line>
 <Line>Segersta Färila Sunningen Snöveltorp Fornåsa Sysslebäck Skattungbyn Danholn Fridafors Sävja Fagerås Stoby Särna Sjögestad Skedala</Line>
 <Line>Sorunda Skultorp Skreanäs Svensson Stöpen Ställdalen Surte Fredrika Fanbyn Frövi Danmark Skivarp Flygsfors Sven Skärplinge Svanvik</Line>
 <Line>Dalarö Svärtinge Stallarholmen Skåpafors Stenungsön Falla Fritsla Skummeslövsstrand Finsta Skoghall Sandhult Säve</Line>
 <Line>Degerhamn Sörstafors Staffanstorp Drag Floda Svenstorp Söråker Skede Finspång Stavsjö Deje Skölsta Delsbo Dorotea Sandviken</Line>
 <Line>Degeberga Svenshögen Slite Skellefteå Svärdsjö Funäsdalen Slottsskogen Sundsbruk Stidsvig Svarte Skultuna Frösakull Spångsholm</Line>
 <Line>Skillingaryd Frankrike Steninge Sörforsa Svedala Sparreholm Sidensjö Fisksätra Skriketorp Sövde Skepparkroken Sjövik Fotö Sturkö</Line>
 <Line>Strömstad Södertälje Skillinge Söderskogen Falköping Simrishamn Strängnäs Svenljunga Strövelstorp Djurö Solsidan Skog Furudal</Line>
 <Line>Fågelmara Duvesjön Sösdala Frufällan Sörvik Sävsjö Smedstorp Skegrie Svängsta Saltvik Furuvik Stenhamra Stava Solberga Skara Filsbäck</Line>
 <Line>Sundsvall Forsheda Dalstorp Sunnemo Fellingsbro Furusjö Stenared Dyvelsten Stenungsund Stockamöllan Slaka Sibbhult Dingersjö Frinnaryd</Line>
 <Line>Sköllersta Skumparp Sexdrega Säter Strångsjö Styrsö Saltsjöbaden Forsvik Stockholm Strandhugget Sannahed Svalöv Svanskog Stånga</Line>
 <Line>Sundborn Sunne Strandnorum Finkarby Sorsele Sjösa Smålandsstenar Svanesund Surahammar Smögen Sjöberg Falkenberg</Line>
 <Line>Skinnskatteberg Sturefors Silverdalen Skattkärr Sveg Stavreviken Sörfors Stenstorp Skärblacka Sjömarken Slottsbron Storå Främmestad</Line>
 <Line>Sandarne Söderåkra Storvik Färgelanda Sälen Finland Fiskebäckskil Simonstorp Strömma Skelleftehamn Fyllinge Sjuhalla Sollerön Djura</Line>
 <Line>Fjällbacka Svartå Furuby Svappavaara Sundbyholm Drängsmark Segmon Fjärdhundra Storvreta Figeholm Färnäs Fagersanna Skänninge Skutskär</Line>
 <Line>Stamsjö Sjödiken Sölvesborg Säffle Sund Stockvik Fristad Saxdalen Djurås Stugun Flädie Fårbo Skrea Skogstorp Stigtomta</Line>
 <Line>Degerfors Fågelvikshöjden Sjuntorp Flurkmark Frånö Forserum Skeppsdalsström Sjunnen Svalsta Sulvik Simris Sandhem Docksta Diö</Line>
 <Line>Falun Fågelsta Skruv Flisby Stöde Fridlevstad Djurmo Filipstad Storfors Dalsjöfors Forsby Frillesås Skottorp SvD Stehag</Line>
 <Line>Stråssa Färlöv Skällinge Sollefteå Skyttorp Svartbyn Fredriksdal Stöcksjö Stigen Södersvik Furulund Sollebrunn Sandslån Sävast</Line>
 <Line>Föllinge Söderhamn Sjörröd Finnerödja Sangis Skebobruk Slöinge Dalby Skagersvik Sennan Smedjebacken Skärstad Dunö Stjärnhov Särö</Line>
 <Line>Sundhultsbrunn Svensbyn Söderfors Strömsholm Sandskogen Förmåga Striberg Sunnansjö Förslöv Dingle Skogsby Dvärsätt Fors Strålsnäs</Line>
 <Line>Sya Stångby Forshaga Skoby Sköldinge Skepplanda Donsö Söderby Strömsnäsbruk Fliseryd Flen Sverige Skärhamn Söderköping Född Flyinge</Line>
 <Line>Färjestaden Strömsbruk Sigtuna Stensjön Skurup Segersäng Sjötorp Sävar Spjutsbygd Strömsund Friggesund Sövestad Fagersta Sätila</Line>
 <Line>Storebro Fågelfors Sandared Sörmjöle Söderbärke Fjälkinge Siljansnäs Falerum Dannemora Salbohed Saxtorpsskogen Sågmyra</Line>
 </Level>

  <Level>
 <!-- 20 -->
 <NewCharacters>ÄÖÅ</NewCharacters>
 <Line>Åsenhöga Älgarås Öggestorp Åsby Österbybruk Ödeshög Åsarne Åshammar Åsa Örtofta Änge Älandsbro Örsundsbro Öckerö</Line>
 <Line>Ås Östraby Åled Åmotfors Östmark Ålem Ängsvik Älghult Åmot Åmål Åbytorp Östavall Åby Åsbro Ödsmål Älmhult Åmynnet Årstad</Line>
 <Line>Ödåkra Öjersjö Östervåla Åstol Åsarp Åkersberga Östersund Örebro Överboda Örviken Åselstad Överkalix Öregrund Älvkarleby</Line>
 <Line>Återvall Öxeryd Örslösa Ösmo Ängsholmen Österbymo Ölmanäs Åtvidaberg Åtorp Åsensbruk Älvdalen Älvsered Österstad Äng</Line>
 <Line>Överhörnäs Äsperöd Älmsta Åsele Åkarp Örtagården Äsköping Åsljunga Ölme Örkelljunga Åseda Åsen Åbyggeby Åmsele Önneköp</Line>
 <Line>Åhus Åre Österslöv Överum Älta Övertorneå Ålberga Äppelbo Östnor Ölmbrotorp Örsjö Ånge Östhammar Älvängen Älvnäs Önnestad</Line>
 <Line>Östhamra Österfärnebo Öbonäs Åmmeberg Ölsta Ödeborg Ärla Ängelholm Åryd Ånäset Öxabäck Östansjö Överlida Årjäng Ölmstad</Line>
 <Line>Årsunda Äspered Östadkulle Ätran Örserum Örnsköldsvik Österforse Örbyhus Älvsbyn Åstorp</Line>
 </Level>


 <Level>
 <!-- 21 -->
 <NewCharacters>1234567890=+-</NewCharacters>
	<Line>1+3=4 2-1=1 5+3=8 11-5=6 12-3=9</Line>
	<Line>2-1=1 5+3=8 12-3=9 13+1=14</Line>
	<Line>13+1=14 22-13=9 29+11=40 28+3=31</Line>
	<Line>22-13=9 29+11=40 11-5=6 1+3=4 28+3=31</Line>
 </Level>
 
<Level>
 <!-- 21 -->
 <NewCharacters>! ? ( ) &amp; : §</NewCharacters>
	<Line>Hur har du det? Det är bra! Hur mår du?Hallå! Hej! A&amp;O</Line>
	<Line>Räntan beräknas enligt 5 § räntelagen (1975:635) för tiden fram till dess ränta skall utgå enligt 6 § samma lag.</Line>
	<Line>Salthalt Saltvatten: 3-5 %; Salthalt bräckt vatten: 0,05–3 %; Salthalt Sötvatten: &lt; 0,05 %</Line>
	<Line>Aktiebolag (AB), Kommanditbolag (kan förkortas KB), Handelsbolag (kan förkortas HB)</Line>
	<Line>Andersson &amp; Co Handelsbolag (HB); Svensson &amp; Son; Svensson &amp; Andersson</Line>
 </Level>
 
 <Level>
 <!-- 22 -->
 <NewCharacters>några meningar</NewCharacters>
 <Line>Grizzlybjörn, kodiakbjörn och den utdöda mexikanska brunbjörnen är alla underarter till brunbjörn.</Line>
 <Line>Pälsen är tjock och färgen varierar från ljusbrun till mörkbrun, även brungrå päls kan förekomma.</Line>
 <Line>Yngre björnar har ofta en ljusare halsbandslik teckning runt halsen.</Line>
 <Line>Brunbjörnen har ett stort utbredningsområde, det största utbredningsområdet av alla arter av björn, och förekommer i norra palearktis, Alaska, och i västra Kanada.</Line>
 <Line>Många av populationerna i Europa och de sydligare i Asien och Nordamerika är små och isolerade.</Line>
 <Line>Rödhake är en fågel som oftast placeras i familjen flugsnappare som ensam art i släktet Erithacus.</Line>
 <Line>Rödhaken är huvudsakligen en insektsätare som tar både larver och fullvuxna insekter, men som vintertid även utökar sin kost med bär och dylikt.</Line>
 <Line>På grund av rödhakens orädda närhet till människan och sitt väna utseende har den fått många positiva omskrivningar i folktro, sagor och legender.</Line>
 <Line>Enligt andra källor, har europeisk bäver en större variation i storleken.</Line>
 <Line>Den europeiska bäverns päls består av en tät underull och av långa täckhår.</Line>
 <Line>Under dykningen stänger den sina öronöppningar och ögonen täcks av en extra membran.</Line>
 <Line>Europeisk bäver saknas för närvarande på Iberiska halvön, i Italien och på södra Balkan, men även där är det påtänkt att införa arten.</Line>
 <Line>Ljusförorening sker då överflödig belysning används eller då ljusets riktning är ineffektiv och lyser upp mer än vad som är tänkt.</Line>
 <Line>Ljusföroreningar medför att natthimlen blir diffus, vilket gör att till exempel astronomer har svårt att utföra observationer i bebodda trakter.</Line>
 </Level>
 
 
 
 </Levels>
</RasytiLecture>
