<Lecture>
 <title>Українська</title>
 <description>Уроки для ktouch українською.
Створено 15 вересня 2006 року.
Автор: Янович Борис (Yanovych Borys, borman@univ.kiev.ua)</description>
 <keyboardLayout>ua</keyboardLayout>
 <Levels>
  <Level>
   <id>{94a8e6e4-a994-4379-83a0-87444a4a7382}</id>
   <title>Урок 1 (а та о)</title>
   <NewCharacters>ао</NewCharacters>
   <Line>аоао оо о ааоо оаоа аоао ааа ооа оо ао ооа о а ааао аа о аао</Line>
<Line>а оооа о аооо ао о о о а оо оо аа аа оа аооо оаао ооа ааоа а</Line>
<Line>аао а о о ао о аоа оаао о о аао о аа ао о а о оа ааао о оо о</Line>
<Line>ооо оаа оаао а аоаа оа а аа а а а оооа аоо оо о оааа оааа ао</Line>
<Line>а оооо а аааа ааао аа аоао ао оооо о аооо о о оа оаао оооа а</Line>
<Line>ааа ааоо аао оооо а ао ао оао оа а ао аа о оааа ао о о о оаа</Line>
<Line>а а оо оо о о аоао оо о оооа аооа аа оа ао а а аоаа аао аооо</Line>
<Line>аоаа ааа ааао а оаа ааао аоо оао о аооа оаоа о оа о о аааа</Line>
<Line>оаоа аа а а о аоа аоа оа ооао ао ао о оаао а аоаа оаа оаа о</Line>
<Line>оао оа аао оа аооа аоо ааао а ааа а оо аааа ааа аа а о аа о</Line>
<Line>ааоа оа а оооа о ооо оооа а ооо оаоо аоао оаа а аооа а о ооа</Line>
<Line>о оааа ааа ооаа о а ооа ооаа о о аа ооа аоао о а о аоао аоаа</Line>
<Line>оаао а оооо о а оа аа ооа оооо о о аао ооо оа а оааа ооо а о</Line>
<Line>ао оаао аа ооа аоаа аоа аоао аоао а оооа аоао оа а ааао оа</Line>
<Line>ао ааоа ааоа аооо ао о аа ооаа а аа ооаа а оо ао а оааа ааоа</Line>
<Line>оаао оооо оааа а о оа ао ааоа аоаа оаоа а ао а аоао оо оа о</Line>
<Line>ааа оооо оо а а о аа о аааа ао оаа аа ааоа оаа аооа аа о оо</Line>
<Line>о а ааао о оаа а ооао а оо аа о а а аоаа о аоа оао оо аааа о</Line>
<Line>оао о оа аа о о оооа о оа оооа а аоо оооа а ааао аа о аааа о</Line>
<Line>о оао оаао а аоа оа ооаа а ааао ао оаа оо аооо оаа аоа а ао</Line>
<Line>ооао а а аоаа а ооа ооо аооа ааао ааоо о а оа оа аоа о ооаа</Line>
<Line>аа оооо аа оа ооао аоао аао оо ооао аа а оо о оо ао а ааа ао</Line>
<Line>ооо ааао аооа о о оооа о ааао а а а а о ооаа а аоо а аа ооаа</Line>
  </Level>
  <Level>
   <id>{60b9ff0d-c8f3-4fe2-b0db-107bef5918c8}</id>
   <title>Урок 2 (в та л)</title>
   <NewCharacters>вл</NewCharacters>
   <Line>влвл лл л вввв лв ввлв л лл л в влв вв вллл вл лвв в вв лвлл</Line>
<Line>ллл л лллв вл л лвлв лвлв влвв ллв лллв вллл ввлв вввл вллл</Line>
<Line>вл вл ввл вввв л вл влл ллвв влвв влв лллл л ллв л л лвлв л</Line>
<Line>лвв лвлл влвл в в в лв ллвл л в вв ллвл лллв лллв л в ллвв л</Line>
<Line>влл ллвв влв ввл лв ввлв вллв в л л л в лллл л л вл в вл ллл</Line>
<Line>в ллвв в в лв в л лв л ввлв влв ллвл ввл вв влл ввлл ввлл вл</Line>
<Line>л в л в вв вл л вв в ввлл ввв л вл в лвв вввв лвв лл влвв вв</Line>
<Line>в лл лввв л ллвв вл лвл лвв в ллвв в лллв в ввлл лвв лв в в</Line>
<Line>вл л ллвл лл влл ллв лл л ллвл ввв в ввлл лл л л л вл л вв в</Line>
<Line>лвв вв лвв лвлв в л л вввл лв в в лв л ввв л л л лв л ввв вв</Line>
<Line>а влла ова вллл ллаа а аоо ваол аооа аал ло влоа вв вв ввла</Line>
<Line>авао лоал в лавл а ва вавв аовв а а олва лоо а вавв воол ва</Line>
<Line>ол овао ав оовв вов авао лаао лалл оооо алав в лава аоао лвл</Line>
<Line>а олв ово ал алов л олаа ао ввло ав в олаа влв вв вв оо олоа</Line>
<Line>в в лоол л о аллл вол ваво ааол аооа лалв влво л ввло лвла</Line>
<Line>лв а ваал ао овв о аввл о о влвл лаао лл волв вввв оо ло оов</Line>
<Line>в олол ло лвоа вввл влоо оааа ааов аоав оол ол лавл л лл вл</Line>
<Line>ов в а ввва лаа вала олл лоаа ваав ваав вла о вала аоов ввл</Line>
<Line>вава во воаа оов лолл о оаов аоал л оава влаа о оа ло оовл в</Line>
<Line>оо вав лвоа о аваа оол аал ловл вл оооо олл вло ввлл авла в</Line>
<Line>о алл в л вв овла аалв ллов вв л авл влвл о лолл овал а лала</Line>
<Line>авла ллоо лвлл олл валл в о лв олв а аавл аллв в лл л овва</Line>
<Line>овлв лала аово лвал аао аоол оаал оааа авов лаао ов о лл ваа</Line>
<Line>о аоо лоол л л вао ллло олво о аа аааа лваа оа л влал ава а</Line>
<Line>оо в ва в аоаа лла ааов оллл в ловв л л о ввол волв а ло ол</Line>
<Line>лвво в о ол ваав а влло вваа лвоо лоал лаоо вова ва овол авл</Line>
<Line>л воол в авол лвлв ол лаво оа ллао лал лв лоов в алво влав л</Line>
<Line>алл аввв ллвл вавв аолв ооао оо олл ао лавв ала оло лв ллаа</Line>
<Line>авлв оаов ллао оллв л лввл ла оол ааао лаао оа оо оава ва оа</Line>
<Line>л ллво а ов аво о в а алв оаоа а ввлл лаал алав ва оввл воаа</Line>
<Line>авв вов о вав алвл овоо в оаа вава ааво в ла лвал л оаао а</Line>
<Line>вовл лллл олвл ла оа вллв лв ввла алав а аоол л оа лолв оола</Line>
  </Level>
  <Level>
   <id>{864fe1a7-5837-433d-852d-2116e60151d2}</id>
   <title>Урок 3 (і та д)</title>
   <NewCharacters>ід</NewCharacters>
   <Line>алілові віддавав ліві валідолів алілові віддало дав</Line>
<Line>валідолів оділо доводі далі відділ дівала оді діві ладів</Line>
<Line>віддавала ввів віддалі вліво валідолі водовідводі віддав</Line>
<Line>діод далі відвідало дав дідові вділо дів вводові ввід вада</Line>
<Line>додавав довід вводові валідолів валові ділі алілові далі</Line>
<Line>овдовіла овдовіло діода валідолів доводові відділові довід</Line>
<Line>вділа додавало діва дало волів влад оді вододілі дідо лавові</Line>
<Line>водовідвід віддало оволодів діла вдало овівала діло відділів</Line>
<Line>овдовів відвала діда дід оводові водовідвід віолі лаві</Line>
<Line>воліла лілова додав воліло віддавала діловод діода відвалів</Line>
<Line>доводові відвалі овода два діл діловода ваді ділові діода</Line>
<Line>діоді вводів оволоділо діловоді овдовів оді вводові відвала</Line>
<Line>віддавала відвідав овода лаві відвала вада вів відав вділа</Line>
<Line>додало вдові оволодівала відвалі ввів до відділів оволоділа</Line>
<Line>дів діловод ділі діва віддало лаві ідолові долі влад влада</Line>
<Line>віддавав віддало водовідводі лід діл вододілів віддавало</Line>
<Line>доводі овдовів одів довів ліві віллі доводів вдав доводові</Line>
<Line>лід валі ввів вдові ввів додавало від доволі вододілі долі</Line>
<Line>оділа вододілі дідо ідола оддала володіла діловод вода</Line>
<Line>діодів вводів діловодові до од відвідала ввід волів віддала</Line>
<Line>долі вліво доводі оддавало додала владі валів діодові віддав</Line>
<Line>вдів відвала віддала воді оволодівало дві вододілів давав</Line>
<Line>ідолі дав віддалі овівало валові діода ладів одвів</Line>
<Line>оволодівало доволі волові діловода діла володіла вводові</Line>
<Line>відвалів овода ділові долало вододілові діла віддавало ідола</Line>
<Line>ділові ладів воліло діод оволоділо оволодівала діловод</Line>
<Line>діодів оддала діловодові віддалі ввід волі оводова відала</Line>
<Line>діві валідолів ідо ввів оділо ділові ідо ладова віддалі</Line>
<Line>вдалі лід вводів вводові овдовіло лад лавові долі вдалі</Line>
<Line>вдала влада діода діодові влада віолі і оволодівало ладі</Line>
<Line>долі відвалів овалові доволі відвал алілова віддавало</Line>
<Line>оводова діла відала водовідводі оволоділо діда діловод</Line>
  </Level>
  <Level>
   <id>{6dd758b5-8f2f-4a32-bb16-97b4b1195743}</id>
   <title>Урок 4 (ф та ж)</title>
   <NewCharacters>фж</NewCharacters>
   <Line>оліфа фалд фіалів оліфі фалд ліф оліф фалда жваво ліф вафлі</Line>
<Line>фіала фалді вождів фіалові ліфа фіала віджало віджало жадало</Line>
<Line>вафлі філіалі вафлі фіф фалі ліфі жалі дожі вважав ждав</Line>
<Line>вафлі вважав фіал фіалів ліфові фіф фіф жал вдовж вдовж ліф</Line>
<Line>діжі ліфові жадало ложа жадала вожді лож жала філіал вожді</Line>
<Line>вожді жадало жадало вважала відваж філіалі ложі оліф дожі</Line>
<Line>вважало відваж ліфі вважала жваві фіфа фалд ліфів філіалові</Line>
<Line>жадало жаліло фіалові ложа дожів філіалі діжі діжі ждав</Line>
<Line>дожів фалді ліфові дож ложа фа дожі фіалів оліф фіала жала</Line>
<Line>фалові жаліло жав жваво оліфі вважав діж фіалові вожді фіфа</Line>
<Line>дожів жало діжа адажіо ліфів ждала оліфі філіалі віджало</Line>
<Line>адажіо дожі ложа фа жваві жаліла ждало ліфів фіфа жало оліфі</Line>
<Line>філіалі жало філіалові ліфові адажіо оліфа жвава ліфові</Line>
<Line>фалда оліф діжі діжі жал дожі жалів фалові жадав ждав ждало</Line>
<Line>дожа ліфів філіалі фіалі діжі фіфі відваж діжа вважала фіфа</Line>
<Line>оліфа фа фіфі фалові вожді жалі фіалів жадала фа фалд фалові</Line>
<Line>відваж фіалі філіалові адажіо ліфів аж фіфа віджав віджало</Line>
<Line>філіал жала фіфі вважало фіфа жадала ліфі діжі фалді дож</Line>
<Line>філіал фалда вафлі фалів фалів вождів фіалів фіалі жаліло</Line>
<Line>ліфі жаліло фіалів віджало жадало філіалів ліф ліф фалда</Line>
<Line>дожів фалі фіалів ложі філіал вафлі ліфа фалді філіалів</Line>
<Line>фіалів діжі жав фіалові ліф жадав жваві віджала жала ліфа</Line>
<Line>ліфі фіалі ждала жаліла жалів ждала оліф лож ліфа ложі фал</Line>
<Line>фалів фалові жалів оліф дожа оліфа філіалів віджало фіал</Line>
<Line>фіалові ліфові жалі жав дожа фалів жаліло жадав фіфі фіала</Line>
<Line>діжі жало дож жадала фіф ждала фіфа вважала жаліла філіалові</Line>
<Line>дожа фіф жваві фіфі ложа вафлі дож жадав жало фіала ждала</Line>
<Line>дожі дожа фа вважало дожів фалді філіалові ліфів віджала</Line>
<Line>ліфі вважав діжі фала фіал діжі ложі фіалі жадав віджало</Line>
<Line>філіалі фа ліфі ложі віджало філіалові жалів фіалі ложа жало</Line>
<Line>фалові фіалів жало ліфа ліфові вважало жвава жаліла фіалі</Line>
<Line>жав ждав вафлі фал вважала</Line>
  </Level>
  <Level>
   <id>{4c7c5c71-d53d-4031-94c7-69be11042699}</id>
   <title>Урок 5 (п та р)</title>
   <NewCharacters>пр</NewCharacters>
   <Line>попала підірвав опадів підпор піролів поварі правді прорвало</Line>
<Line>пропадала проорав подорож володарі правді впродовж іржа</Line>
<Line>ріалів правді провідала попадала порад двора попорав плові</Line>
<Line>продав пара подавав доповіла прірві родові пропало попаді</Line>
<Line>провідала підпал радарі плід фараді поріділо вірі родові жар</Line>
<Line>папір попололо пропадало проплав авралів плодова поводі</Line>
<Line>підла порпала доповів продрало рапіра пароплав підіпріло</Line>
<Line>драпі проводів порпало поржавілі пропорола пораділо подова</Line>
<Line>підріж проріж пропав пріла доларі фарфорова прало проріж</Line>
<Line>відпалів поп парові паролі прадід попі порола раділа вправа</Line>
<Line>прорвала долар підпор підірвало поділові правді фарад подав</Line>
<Line>проорав опар дорвав драпів прадіда ввірвало радарів палі</Line>
<Line>поріділо поділлі допрівав радів ріпа проділі поводові провів</Line>
<Line>проорав породі водопроводові піролові порода опар поліп</Line>
<Line>відпадав підірвало відіправ профілів проржавілі поварові</Line>
<Line>авралів плів впала провідало попав опор провідало допрівала</Line>
<Line>пароплаві пара фордів провідало піп дріжджові пожаліла фіорд</Line>
<Line>поріділо піролів попололо дрова пожаліло пропоров дір</Line>
<Line>відпало проіржавіла палі продало про пожаліла падало ворожі</Line>
<Line>арапі арапа поварів праві порфірові продав доорала відрі</Line>
<Line>відро піддало проорав ірода долар прадідові параді опор</Line>
<Line>відварів продавала попала доповів паролів відірвав опалова</Line>
<Line>продрало підріж опір падла пароплавові пріло порпала попорав</Line>
<Line>пополола поров провалі впало відпалові прапорові опорові</Line>
<Line>піддавало аврал парадів пора полола родоводі підпалів рапіра</Line>
<Line>пропажа вірі пажі драп проплавало пріла опалові проплавала</Line>
<Line>підіпріло відпадало повівав ріпова арф повідді підвідділі</Line>
<Line>пріор пірол орава поварів поварові пріла дріаді лавр відраді</Line>
<Line>поржавілі опорові діра пріла повір парадові прорвала драпало</Line>
<Line>продала профілів підіпріла порода прапрадіда пропадав</Line>
<Line>прапора форвардів пожаліла поплавала відіпрало іржавіло</Line>
<Line>підпалів плід парі порав подала підпала прапрадідові</Line>
  </Level>
  <Level>
   <id>{5e6229ce-1c4b-4a21-9666-b108ce228e96}</id>
   <title>Урок 6 (е та т)</title>
   <NewCharacters>ет</NewCharacters>
   <Line>платежеві жерете пролежало атолові автол преторі потерпіле</Line>
<Line>папоротеве перепродавало орті перетерта потепліла тверді</Line>
<Line>радіореле пожовтіло автопілоті вплете передів торі</Line>
<Line>переріжете ареалів дроті петарді лежала автор плотва</Line>
<Line>підправте тверде жертві піде перепаде двопале портфелеві</Line>
<Line>відверте парте пролітала теплопроводів перевороті педрада</Line>
<Line>ажіотаж жевріла потерпіло апорт полетів літ аерофотоапараті</Line>
<Line>віддер жертва феодала талера відпорота платті порете феодалі</Line>
<Line>аорта долоті топові араті тетрод поріжете відлетіла</Line>
<Line>рефератові пропорете підірве толові потала ротове варіатор</Line>
<Line>двері пролетар літрів теплопроводі ротів ватера отже лафетів</Line>
<Line>проіржавіле ортів перепродавала повірте прелат терпіло</Line>
<Line>одвело партерів отож театр держава потрава радіаторові</Line>
<Line>фотопортретові епітетів ліфтері тролеві трапа підріжте</Line>
<Line>атлетові дожеві потріпав вождеві літр флірті елеві плотове</Line>
<Line>попер відеоплата впадете аерофлоті портретів трава отверділе</Line>
<Line>підріже пропотіло поетові тополева реве відеоплат флері</Line>
<Line>портрет аорта адепта діверів ажіотажеві латів репортажів</Line>
<Line>вірте авторі передерта одержала левіратові ротатора поперла</Line>
<Line>поліптерів плотів аеропортів ватера телерепортажеві орете</Line>
<Line>флажолет твідове фторі віджата репортері віддере</Line>
<Line>автопортреті портері перепадів відверте літрове адаптері</Line>
<Line>патлаті переріжете оплотові оторопіле твердотіле толеві форт</Line>
<Line>вріже валетові реве ері плотері літералі палеолітів</Line>
<Line>епатажеві лото релітові перетерпіло попарте лопатеве пілотаж</Line>
<Line>тріолет адаптері ватера препараторів полежало поліптерові</Line>
<Line>поріжте передплата епітетів орті поліптері переплітала торті</Line>
<Line>валета реторті тріпотів фтор потоп вдерло теплів полежала</Line>
<Line>толеве платежеві пер вплітала тролі талеве відпере вірте</Line>
<Line>фотопортрет валета відлетілі перетерта потіла піврот</Line>
<Line>віджетів портер пере перфораторів ревів перелетіло торпеді</Line>
<Line>ватерів оправте поліптерові же рота аерофотоапарата тралова</Line>
<Line>вплете пролетіло поліедра ледарі аерофлот пожерете підлітав оплавте</Line>
  </Level>
  <Level>
   <id>{7e1f121e-b250-4298-9caa-6e0539bd8f1a}</id>
   <title>Урок 7 (и та н)</title>
   <NewCharacters>ин</NewCharacters>
   <Line>підновило рівнинні оновило липнете етилен поновив напливав</Line>
<Line>водневе видавив портали тарпани виплатив оживив неапетитні</Line>
<Line>продовжило допитані принтера ренетові відтавали відлив</Line>
<Line>владнати випливе нардова пливли пророните віднадило</Line>
<Line>нетопирові напівпонтони допитало порине виверни лині</Line>
<Line>порфіритові толи диванне репетиторів порожнинні терпите</Line>
<Line>вепри потопали партери піддонові оплати випинати плавлена</Line>
<Line>лафітна фронтові приправите народжена переливанні лантани</Line>
<Line>пожене поженила невидана індолові нив невідплатне діафан</Line>
<Line>поваленні літні ротапринти доварили типи належати фантів</Line>
<Line>нажин ненажерливе ветеринарі паліативні дане ретираді</Line>
<Line>віндроторів ратинові підправлено повнив липова пожежне</Line>
<Line>профанів вживете породила фланелеві виправлені фронді</Line>
<Line>антитілі введені неведенні пантопонів невдоволено приватно</Line>
<Line>патефони інтерна вінти перериванні анфіладі понадила</Line>
<Line>інтервалів невідновлена продавили давила вирито надівав</Line>
<Line>джонатани поділи виорав недовантаженні вирвано тенардитові</Line>
<Line>видворити видовжена приналежні доварила невиправдана</Line>
<Line>володарні нападете перетворив наводило пожинали фортепіанні</Line>
<Line>референтів придатне правилі ожирінні прожени етилен породне</Line>
<Line>фалди натерте нітрид варанові надирі ридала рафіновано</Line>
<Line>відвели віджали підживлена поповнив оволодінні нотні</Line>
<Line>витинали виверженні рододендрове риваноли форинта натрете</Line>
<Line>приплітало нежилі понтонів фітинові тили дефоліант</Line>
<Line>недовірливе наловите перепона долетіти відриві вени натерла</Line>
<Line>желатини потравите повні неподілене триптофанові нажите</Line>
<Line>перлина латентно торите відверне надводні випирати пеона</Line>
<Line>наривне вправила неврита пантеони дивані невидано левіафанів</Line>
<Line>пролети інфінітивна лендлорди переживала переривали навідав</Line>
<Line>непіддатлива витопите поверти вилиті видовжив неаретовні норі наплело</Line>
<Line>привітно наводила проти паротитові наварів підводити поживне</Line>
<Line>поріднило динар повноті неоплатна опорна вторинна тлінові</Line>
<Line>твинова наверне придавити превентивні налиплі поповнена</Line>
  </Level>
  <Level>
   <id>{ff04dcb4-e84d-4b51-8d59-4d6c2d4bc991}</id>
   <title>Урок 8 (к та т)</title>
   <NewCharacters>кт</NewCharacters>
   <Line>припаркова підлокітника пожовтінні потеревенила вінкові</Line>
<Line>доктринері товк ковпаків відкладене підколоті виверткі</Line>
<Line>епікардитів донки критиканів алжирка інертна каватини жаток</Line>
<Line>реактиви перевиконанні ділків пілотаж рефлекторів перекована</Line>
<Line>критиканові дикторі фітопланктони тріпотіло джонатані</Line>
<Line>підкорило картки копітко контракти тіоколи докотити</Line>
<Line>електротрактора прикриті плотерові платежеві повноті афронті</Line>
<Line>партнерів квартплати деліктові тріпотите недопік коновалові</Line>
<Line>кадрів діалектика кандидатові повітропроникне полкові палаті</Line>
<Line>катрени викине видерті додатки виделка пантокринів</Line>
<Line>електротрактора плавника відкріпили ладанки джокер</Line>
<Line>перикардити котлета перекидати індикатива філантропів</Line>
<Line>владика полаковано докладів кладенні відвикле кави випалити</Line>
<Line>принтерні копитні покопало торкне трафаретка неважке канкан</Line>
<Line>колоте ікорка перетліло прикріпите апетитна видаток</Line>
<Line>факторіали кріоелектроніка квітневе профактиві прорікали</Line>
<Line>тактові нееквівалентно лот ватинові еротики планета</Line>
<Line>дотепників детектор перитонітові портики ендокринна фетрів</Line>
<Line>капорові наколінники вторована воркотати провокатора</Line>
<Line>таранити покривні наклад окропити детектора авокадо вирікати</Line>
<Line>пролетаріатові телеекранові одноколка крижин коновала</Line>
<Line>декалін патрона предка проржавіти відеоканалів витівники</Line>
<Line>інваріантові рака паратифліті полковника привороті народника</Line>
<Line>однолітка кредитне форпіків допитане викопати невикрите</Line>
<Line>кортежі тратив кіловаті кандидаті неврит виволікав раковинка</Line>
<Line>довантаженні окантоване твердив перфекта пливке</Line>
<Line>електротракторів ввертала нікелі клавікордів таранили інкові</Line>
<Line>передражнити анотовано кератинові підтипові адаптовні</Line>
<Line>відлиті кларнетів підновите фотокатодові переколоти</Line>
<Line>вивітрите ткані філантропа втони картинки раритетові</Line>
<Line>клекотіло кінорепортажеві варикондів падекатрів підперта</Line>
<Line>рефлекторна наркотики кенотроні кедри потекти нектари діткне</Line>
<Line>електроживленні доплатити нелаковані кокетки фантика океан</Line>
<Line>держкредит відеопроекті перекітна</Line>
  </Level>
  <Level>
   <id>{08b22abc-30fc-433d-90bc-b2dbb56f5a12}</id>
   <title>Урок 9 (м та г)</title>
   <NewCharacters>мг</NewCharacters>
   <Line>нагородні іммігрантові поголеного недоотримана прагматика</Line>
<Line>декаметрами мігматити гігрографом аранжованого відпорними</Line>
<Line>вимерли негатроном негатронам вдоволеного маркірованого</Line>
<Line>варваркам радіометеорограф домовленого радіомонтери</Line>
<Line>агаровими потерпілім ножівкового комаром грандом</Line>
<Line>радіопроменем апологетам відкопаними мотивованого ворожого</Line>
<Line>велодром гнівите виродженім негод гелертерів гомілок</Line>
<Line>погомонів флігелем франком живоплотом некараного міріаметр</Line>
<Line>магнетронів водопроводами ангідритовими негідного диригентів</Line>
<Line>вжитого потемнів практикованім іменинника гам медовим ерам</Line>
<Line>понтоном фаланг дифтонги моделі патовим гетр монетарного</Line>
<Line>годинкам пеленгатора поганкам мамалиг докорінним мегалітів</Line>
<Line>ремонтам логопедом кидатимемо домовита недовагам</Line>
<Line>телеавтографові енним перевіреного агрегатована легато</Line>
<Line>держимо програвав прогрітого поговорімо примітите гідрам</Line>
<Line>менінгіти наживним переминати килимки ватиновім наркомани</Line>
<Line>емігранток перегрітім відламані могіканинові вагомім</Line>
<Line>перегари наркоманки гаремне недоторканного великоротого</Line>
<Line>гарматними перинефритом вареником автодорогами гнівне</Line>
<Line>периметритами недвижного півінтервалами комітети малаги</Line>
<Line>виноградні кармелітками погладив жорном голограмам</Line>
<Line>нелегованим еталонам перемолоти перетвореного реготати</Line>
<Line>діоптографи підгонками типами перегоном виверненім поміг</Line>
<Line>легендарне напереваги магнітами порадами антиферомагнітним</Line>
<Line>ондографів підколімо напіввідкритого океанографа повідомного</Line>
<Line>переловленого атомними виторгом прожитками орнітологом</Line>
<Line>діадеми лаврами півметровім інтегровані напівголодна</Line>
<Line>деградованим пентагонами відгодованим поманімо</Line>
<Line>відформатованого потовими жирового мотковім гіпнологами</Line>
<Line>підніжкам видимими мигтите морквина нагвинтимо вагранкам</Line>
<Line>колінеарного іменованого диморфного колег артпідготовками</Line>
<Line>денного джигітом невловимого гараж гравірованім принадам</Line>
<Line>арифмографа поганім житлофондам помпоном півметрового</Line>
<Line>тарпанам нагріте гідровала левіратам гінгівітів томленого мир</Line>
  </Level>
  <Level>
   <id>{379a15c5-1f42-4fb2-ad00-4accb434789d}</id>
   <title>Урок 10 (у та с)</title>
   <NewCharacters>ус</NewCharacters>
   <Line>оплату стриножене сопунам фокстрот всмоктувати напудрене</Line>
<Line>сутулуватими сновида сенситивнім некрасиву кукси скуплені</Line>
<Line>косинку продуманості компенсованого наспіванім видрукуваним</Line>
<Line>квесторів посаджену трилистими одноколісними градуси</Line>
<Line>просмоленого гострену скапарили смутні контекстними</Line>
<Line>протегувала відстукало серпову підморгуванні сервірувала</Line>
<Line>ненауково мансардними уписана смітинку внесенні відсуватиме</Line>
<Line>скитувало напівосвітленому критикуватимете авіапарку</Line>
<Line>радіусам пістоні аксіомному сажовому темноколірну остовом</Line>
<Line>пластилінам досліджувана проверну старовіркам мілісекунд</Line>
<Line>плеканому атестаті випускному гомункулам карстовими</Line>
<Line>проморожену укотімо підсолоджував підстилковім</Line>
<Line>температурному амулету ноуменів короткострокового</Line>
<Line>вмотивовувало соратниками скоромовка макрокосм мериносу</Line>
<Line>суворими колоратури стереокомпаратор транспарант гуталінові</Line>
<Line>вулик томатному наруги куплетному куплетистам офсетна</Line>
<Line>фосфатну кіноустановками впертості фасувати скрепером лекалу</Line>
<Line>серафима гранату міліметрівку касетна увірив фокусували</Line>
<Line>уносило напускна піскоструминному колосисте парусник</Line>
<Line>пустоголовим антисанітарними кантувало відтоптаному неповагу</Line>
<Line>страждало кутати сутенер активісті ополоснула вогкувата</Line>
<Line>телеамперметру імператору сповідниками веселуну сумкова</Line>
<Line>сипнути налагоджуватиме реекспортові туніки віроломству</Line>
<Line>діагностиками станіолевим ворогував дикунові постскриптумів</Line>
<Line>псевдовипадкові мікросекундами дистрофік компостерами</Line>
<Line>модерністом конфліктували відсудите кромку посуненого</Line>
<Line>секретна гострім втиснете уповноважувала лісопромисловім</Line>
<Line>господарстві конкурували рустованім уставленого мансарди</Line>
<Line>старикам умісти трансфертну подуріти фікусові виструганими</Line>
<Line>мислив смутному піруетам опікуватиму сорокоусті</Line>
<Line>перелесниками документували трансгенним нагадуватиму</Line>
<Line>секретинові епатажу поліспастам спростовану угодованості</Line>
<Line>досвідів растрі внука студеного стикову кинутім осліпнемо</Line>
<Line>реверансові переадресовуватиму кутами меломанку</Line>
  </Level>
  <Level>
   <id>{5ed24eb0-afc6-422c-941c-3e71f3acf67b}</id>
   <title>Урок 11 (ш та б)</title>
   <NewCharacters>шб</NewCharacters>
   <Line>обліковім шамотовим необдуману пломбованим пожениш</Line>
<Line>відстібнете блудному губернаторші першотравневі вболівав</Line>
<Line>виробника автомобілістові білірубін примушена осушиш</Line>
<Line>опошленого губоподібнім пробите понадштатного обношені</Line>
<Line>упишімо шандалом посмішку врубив облитими рабовласників</Line>
<Line>арештантка бетонками кришиво шовковистому глобусом блідоту</Line>
<Line>малопривабливого ринеш богоборства шовковистім барометрові</Line>
<Line>шкаликами дошкулили штрековім поспішатимеш пробудженого</Line>
<Line>вабив баталер шлунку додавши грамотніші проголошенім</Line>
<Line>оштрафованім швелером легша кафешантані антраша біленім</Line>
<Line>широковідомі внутрішнім бирковому шиферами соборуватимеш</Line>
<Line>непробивне передушу діабетам неблагонаміренім кліше</Line>
<Line>виборсати вкушати обмовок дистрибутивові губку гобеленами</Line>
<Line>облетимо багатокілометровими висушеними наближеності</Line>
<Line>шикарнім обмурувало перетрушу переженеш сукноробові</Line>
<Line>оболонковому грубками непідробна шафу вискребло</Line>
<Line>влаштовуватимете бленді бідуванні добувала кокошниками</Line>
<Line>бритвами афішнім твердолобим свіжоскошеним блокнотами</Line>
<Line>бортжурналів енергоблок швидші шаблеподібному робітниками</Line>
<Line>надшвидкісну шефствувало робером бирковим бікарбонатів</Line>
<Line>врубувати баретку ношену обліковувала напівкоштовні підліша</Line>
<Line>вибагливішими белетристику відсапнувши шандала мірабілітом</Line>
<Line>дешевім штормівки горбитиму лагідніше сагибу вербеновим</Line>
<Line>горошині настрашу пообрубав пришпорив беконне проблукати</Line>
<Line>абрикосовим підкошеному особистісним оборон шлірі інші</Line>
<Line>обірву ріднішу відшліфуванні кубометрі коштували потурбовану</Line>
<Line>пломбірів обіги діабетикам самба буркуну лісопереробного</Line>
<Line>табелеві натішила субстратостати бурмотітимеш меблевім</Line>
<Line>шмагав дубок уподобані непідробна леміша баликів штамбового</Line>
<Line>бобровім підрубленім протрубив свіжішім біговим шмагав</Line>
<Line>білетерові погашала славнішого оплетеш табуретів ошелешувати</Line>
<Line>багатофакторне вишив шанобливо обпертими барсом лубком</Line>
<Line>вдалішім бетатронам багатосегментності накришили бруківкам</Line>
<Line>непорушного приблуднім бродитиме струдиш бруствера</Line>
  </Level>
  <Level>
   <id>{9a331145-21a9-42e9-aebb-f0c5dc6ee89c}</id>
   <title>Урок 12 (ц та ч)</title>
   <NewCharacters>цч</NewCharacters>
   <Line>спецшкола опанчами посадочними рівноцінні викрадач</Line>
<Line>процедурного автографічна ревучим суперечмо жилочками</Line>
<Line>вигвинчували циклопами дорогоцінного мучениками пророчім</Line>
<Line>танцівнику сечовим мистецтві обсічу цесаревичу досвідчена</Line>
<Line>цілини протичовневим прецедент палацові маслечку наконечним</Line>
<Line>відучувала басмачу іпотеці догматичним начепили вилці чіп</Line>
<Line>дурці абіссінці довгочасно ковточки сутичці пеніцилінів</Line>
<Line>солончакову скороминучим католицтва царственім офіціанти</Line>
<Line>чистовому підігрівач цілодобовим індичачім черепашнику арочне</Line>
<Line>нестаціонарного спектрометричні викінчене гомерична</Line>
<Line>струбцинами герцметрів елліністичне вакцинованім мерці</Line>
<Line>суворовцем долученим кіноустановці підсобниці чартерними</Line>
<Line>утікачці накрученім несмачним складачем службовців</Line>
<Line>бавовництві шкідництво вистрочили профілактичними</Line>
<Line>чистопородним кустарництво чеснішу мордочками протопчи</Line>
<Line>псевдовченими цементні садівництвам чітка колінчата вчаділи</Line>
<Line>високоміцному чужими недоречно ошуканці грудочку мічмані</Line>
<Line>терцинам септичну правоцентристам пінцетами специфікованого</Line>
<Line>абсциси товкучок супроводжувачів відчутим палеолітичного</Line>
<Line>планці прочувало собача дочко доріжці видавничому трофічнім</Line>
<Line>атрофічне книжечок цікавитиме виплачувало неетичним</Line>
<Line>гірничопромисловими першорічники чарочки просвітництвом</Line>
<Line>жебрачив кіномистецтві приліченого аміачна негнучке</Line>
<Line>оцелотами кардіографічного дамці егоцентричнім саліцилову</Line>
<Line>плацентами цитрону пересвідчував поперечин абсциси іграшці</Line>
<Line>електричці перелічували платонічного аритмічнім рисівництву</Line>
<Line>перечекавши статистично словотворчому енклітичному</Line>
<Line>академмістечко циклобутані соціологічними надміцне кісточці</Line>
<Line>надсучасну невідміченім лівоцентристом калмичці ціпам</Line>
<Line>обмацаним молочник нікчемні циклобутанів ішачило вченими</Line>
<Line>мікропроцесором проакцентувати причісуванні навколосерцеву</Line>
<Line>електронографічну приструнченими підготовчу офіцера</Line>
<Line>педантичнім децибелові слобідці клімактеричному черкесі</Line>
<Line>ініціативам спецкурсом пластівців чорніла циклотронного</Line>
  </Level>
  <Level>
   <id>{8cb14829-b0d3-4355-a317-d4b07ea47410}</id>
   <title>Урок 13 (щ та ю)</title>
   <NewCharacters>щю</NewCharacters>
   <Line>вщипнути перевищуватимете вготую торфовищ тріщатимете</Line>
<Line>домішкою наростаючого щитові щигликами становищами спрощену</Line>
<Line>трищетинники оснащу щуками лідируючі витріщимо пищика</Line>
<Line>водопровідною наквашеною витріщиш суміщеному опущено</Line>
<Line>попрацювала щіткотримачами укрупненою лежбища щепленні</Line>
<Line>оцінюючого днищу уміщатиму ідентичністю патріаршою прилітною</Line>
<Line>барабанщиків щорічно почищено ділю нащадкові контактуючу</Line>
<Line>кіровоградцю переловленою видовищі кричущою обкурювало</Line>
<Line>укочую лампою кліщ щулю теплофікацію настороженістю</Line>
<Line>багатошаровістю прокатую пощастиш щогловому полчищ поморщиш</Line>
<Line>відщипнутим потрощивши щілинною стимулюючою одношлюбним</Line>
<Line>вирученою адсорбцію наругою шерстистою інкасуванню минущім</Line>
<Line>кореневищне скріпленою пожарищем вирощувала пищимо</Line>
<Line>переоснащеним пощебетав вдумливістю непосидющім гіперплощин</Line>
<Line>переміщую блакитнуватою надщерблену валютні прополощи</Line>
<Line>бурдючному повсюднім сюжети нащадків вирощуватимеш</Line>
<Line>пожадливістю банщиків поморщу видимістю миючу донною</Line>
<Line>видовжую прищулену упевненою книготоргівлю комплектною</Line>
<Line>перекочівлею дорівнюючому протиставлю передвіщеною голосуючу</Line>
<Line>улещував барабанщицею щогодинного припущенім мощенім щуплою</Line>
<Line>прищеплено сищикам скромничаю надвисокочастотною сквитаю</Line>
<Line>сповіщену упущеним інвалідною роблю вдержуючи підвладністю</Line>
<Line>будинковою міщу поміщицею багатющім ощадлива чищенню імущого</Line>
<Line>переборщимо точністю природолюбами переговорюю неабсолютну</Line>
<Line>румбою дворище уперіщити ущербності общинності умощую</Line>
<Line>буферною відмоканню титанистою вощаним винищена дошию</Line>
<Line>пітливістю щілина пітливістю щіточок матірщина сповіщені</Line>
<Line>капищі лущиш ювелірам сповіщенню лежбищну підщипане</Line>
<Line>виключенню покращена перелоговою люстриновому підсуванню</Line>
<Line>активуючи професурою обнародуваною спрощую мотогонщиком</Line>
<Line>витаращаного містифікую потоковістю обманщиком прочищеними</Line>
<Line>поступкою переоціню білковою потріпаю присвоював противницю</Line>
<Line>передвіщена просвище нечищеною прострілював витріщеними уміщати</Line>
  </Level>
  <Level>
   <id>{025e1d08-27f5-4b92-a3cf-9786b5ab58db}</id>
   <title>Урок 14 (й та я)</title>
   <NewCharacters>йя</NewCharacters>
   <Line>передовіряймо вкришимося обвалилася підлягалися наповняли</Line>
<Line>обтягування відремонтуймося стрималося установлюймося ротній</Line>
<Line>посватайся доісторичній яворовими вагання доланнями сколюймо</Line>
<Line>наклейка погашайте підрубаній промайнеш сприйматимете</Line>
<Line>лучковій привілейоване переглядатиме покладешся обурилися</Line>
<Line>подвоюймося штопай напівкровній монтажній оступатися</Line>
<Line>помажмося атестацій нагріваймо прощеній понадіялися фасуйте</Line>
<Line>бінокулярний обойма просіяним вияснятися лижетеся</Line>
<Line>одноколірний інтерференцій рибоконсервний перевищенням</Line>
<Line>угадуйся присвійною вдовбалися відмежовуйтеся балаганній</Line>
<Line>монтуюся барабанній новоявленій висиплемося священному</Line>
<Line>магнійорганічне найціннішому обривайтеся сприятливе цідженій</Line>
<Line>кліпаймо відмотувалося сорокарічній кордонний невидимостей</Line>
<Line>якнайнижчою спрощенням доступайтеся тугіший пащекуванням</Line>
<Line>сутяжництва домалюймо підсипаний калібруйте напрямну</Line>
<Line>генеруйся встановлюйтеся одноплемінній найсмішнішими</Line>
<Line>службовий активувалося уставляючи найцікавішій</Line>
<Line>примножуватися потрощеній неймовірно неуважливостям</Line>
<Line>чорнобривій витверджуй склепінній щедрій вібраційна</Line>
<Line>миротворцям обприскуйтеся підлостей порпай натякаю</Line>
<Line>випручуймо рекомендаційного осушуваний труситеся готичній</Line>
<Line>простягала спричиняли обкутайте електрострикційна файлове</Line>
<Line>грейпфруті привласненнями стріляним двосерійні паяймо</Line>
<Line>руйнівна наймогутніший переобтяжена якнайтіснішу</Line>
<Line>проградуйованою роговий освячуйся настояній</Line>
<Line>електроспоживанням домуруймо щонайменшій прощупаний</Line>
<Line>перестукування совенят ненаглядним вироблялося сприскуванням</Line>
<Line>дебютуй міряного переймалися вірний відвалюймося годимося</Line>
<Line>доброчесний вдертися декоративній юродствуй переливався</Line>
<Line>приладновуймося начісувалася втамовуйся інтелігентностями</Line>
<Line>виглянути виправлянні автостанціям сприяти приймайте</Line>
<Line>примнуся присуджуйтеся довговолокнистий посіяною надійнішого</Line>
<Line>окостенілій потомитися щітковий круглякам пеліканячі</Line>
<Line>кришитися електрорушійнім гуртуймося китайкам віднайдімо</Line>
<Line>неякісна буцайтеся еволюційнім омолоджуй</Line>
  </Level>
  <Level>
   <id>{f2140b68-eab0-4fb9-9274-2428df835566}</id>
   <title>Урок 15 (з та х)</title>
   <NewCharacters>зх</NewCharacters>
   <Line>великуватих вимерзнувся якірних ввезене синтезованих</Line>
<Line>флогістонах застібаюся поділюваних ізюмних кропіткіших</Line>
<Line>розвісила назначені заштриховане охаювалося архітектоніка</Line>
<Line>лазиш започаткуваннях коханок звідною залужений</Line>
<Line>шестигодинних хрестовиною позаекономічною безрукостях</Line>
<Line>заатлантичній заштрихував розполохану зручні плодозніманням</Line>
<Line>похідна авіалініях колінах зенітними вусах заперечні</Line>
<Line>архетипами маккартизми резистивна безкінечного всміхатися</Line>
<Line>збезводненнях схропування молескінових роздумливі</Line>
<Line>затримуваний неволях недорозвиненому приховуванім</Line>
<Line>знезаражуватимешся хінних зазеленілих ізоспінові замигтіти</Line>
<Line>змазуваннях затонулих довших відмахала охороняймося лизали</Line>
<Line>кізки повиштовхували підпунктах прослизанням ліцензуванням</Line>
<Line>зачарованих мізинців зітхнувши опухали підлабузниках</Line>
<Line>бензосховищам жахливу визначся звеселілими зефірі зримуймо</Line>
<Line>прохрипіли задвірках схожостями шарахнуся означаюча</Line>
<Line>мотопіхотною уявленнях високотехнологічною ситцевибивних</Line>
<Line>замазкою розігріватимемо змащенню найрізкішому анахорету</Line>
<Line>рихлимося незгладимих франтихи максимізовану найнеобхіднішу</Line>
<Line>білозубою плазмоциди захаращувалися відштовхнутого</Line>
<Line>машинобудуваннях фіззарядці мрячних нетіпахою захоплюваними</Line>
<Line>глиноземнім розігріватиметеся різноманітно офіцерствах гідрохінонам</Line>
<Line>брелкових гамаках багатообразністю недвозначнім розправлені</Line>
<Line>затягненому розпустило несхваленнях повозила гістерезисах</Line>
<Line>хитринками безглуздіші возишся започатковувати зоологам</Line>
<Line>відеозаписові викоріненнях крохмаленім інституціях здибленім</Line>
<Line>псевдокласичних ізотермами законослухняний хромистій</Line>
<Line>анатоміях відраховуватиме масажах закоптілім чуханий</Line>
<Line>заниження трояках защіпатися прослухаю рахіти дострокових</Line>
<Line>пересолених заскнілостях крихітну безтарифному нарізом</Line>
<Line>запустілих дезінтегратори хореографія віршомазництвом</Line>
<Line>запалюйся усміхатимуся сіоністах магнетизером запасного</Line>
<Line>багатогалузеве малюнках чванливостях замахати утискувачах</Line>
<Line>замружмо заглухла візитам нюхнув роззувалися газомет</Line>
  </Level>
  <Level>
   <id>{72788259-94f0-404f-9d77-4e7483b91edb}</id>
   <title>Урок 16 (є та ї)</title>
   <NewCharacters>єї</NewCharacters>
   <Line>революцією відкуповуємо тесляруємося ладнаємо прорахуєш</Line>
<Line>стиролової піщаної страхаєте взаємопізнанні автопоїлок</Line>
<Line>анімістичної надзвичайної розчинюємо пообіцяєш</Line>
<Line>кримінологічної радіолінією своїй вистриженої погарячкуєш</Line>
<Line>дистанцією їдцем бабуїна шукаємося приземляємося вболіваємо</Line>
<Line>задокументуємо штикової підкочуєте добиваємо моноклінної</Line>
<Line>розшаруєш рецензуємо довгошерстої оформляємося ієрогліфічний</Line>
<Line>темнішої жовткової тупої згодуємо ребрової параноїчними</Line>
<Line>споживаючої зраненої заумної втихомирюємо ланолінової</Line>
<Line>есеїстам проїдатиметеся денної звеличуєшся параноїчної</Line>
<Line>проясненої призбируємо збройової ендогенної їдкими</Line>
<Line>підпадаєте підганяєш лібералізації обліплюєте чотиритактної</Line>
<Line>розконсервованої жертвує наїжджаємо розстроїтися</Line>
<Line>переорганізуєте видавничої гідролітичної недоладної занявкає</Line>
<Line>політаєш терплячої облизуєш нашивної дієприслівників</Line>
<Line>параноїків харчуєш проливаєшся узгоджуємо убавляємо</Line>
<Line>балалаєчними пантеїстичною бажаєшся заквітчаної заїси</Line>
<Line>роздвоїмося умеблюєш незареєстрованної центурії</Line>
<Line>деталізованої зірчастої недбалої поспіваєш незахищеної</Line>
<Line>гостроголової торієва розрізаної залізаєте короткофокусної</Line>
<Line>прихиляєтеся можновладної маїсах працевлаштуєтеся завітряної</Line>
<Line>небезінтересної витрачуваної перешиваємо скушаєте забронюєш</Line>
<Line>зброшурованої злосливої заполюєш оговорює взаємозумовленості</Line>
<Line>пропеченої переробної зарезервуєш натуралістичної літнє</Line>
<Line>дотичної строгої поганої дрейфуємо спектрофотометрією</Line>
<Line>перебріхує відроджуваної поблискуємо проектуєте довгочасної</Line>
<Line>змеленої принтерної защіпає качаємо двоюрідної шаржує</Line>
<Line>двоколонної євроінтеграційного шовковистої старіє</Line>
<Line>замаскуємося підклеюєте поїдання докуреної профарбовує</Line>
<Line>енергоємні плебеїв деталізації ниткованої сплітаєш</Line>
<Line>приземкуватої розпорюємо вимотуєш медіацією неметушливої</Line>
<Line>целулоїдними співспадкоємицях припасуєшся безсонної</Line>
<Line>напівзгнилої обдивляєшся сертифікуєш жовчної засуваєте благочестивої</Line>
<Line>неосновної прорахуєшся акліматизаційної довгоногої дармоїди нецифрової</Line>
  </Level>
  <Level>
   <id>{d969fdd2-8795-4c79-9b44-3589389d02c3}</id>
   <title>Урок 17 (ґ)</title>
   <NewCharacters>ґ</NewCharacters>
   <Line>ґаночками ґрасуванні ґелґотіли ґрунтовирівнювачі ґонтові</Line>
<Line>ґонті проґавлене ґрунтотворного обґрунтовуватимемося ґавина</Line>
<Line>ґеґотатиму ґонтам ґелґаймо ґелґотухою ґудзиковими ґелґотанню</Line>
<Line>ґерґотіло обґрунтуванні ґрунтовим заґрунтованих підґрунтові</Line>
<Line>ґанках ґерґочете ґавиних ґрунтообробному обґрунтованостям</Line>
<Line>ґрунтована необґрунтовані підґрунтовому задриґаймо</Line>
<Line>ґрунтовирівнювачем ґринджоли ґрунтували ґнотове ґрати</Line>
<Line>ґвалтівниками ґаблі ґирлиґувате ґавенятками ґелґотунам</Line>
<Line>обґрунтуй аґрусовою ґратами ґиґнеш ґвалтувати обґрунтовуючи</Line>
<Line>ґелґотінням ґанджовита задриґаєте ґавах ґудзям</Line>
<Line>зиґзаґоподібнім ґвалтую дриґався заґратованій зґвалтуюся</Line>
<Line>ґаздувати ґрунтобетонна ґрасуйте ґрунтовирівнювача ґречну</Line>
<Line>ґудзик ґрунтованої ґаночоку безґрунтовній ґанджовитою</Line>
<Line>обґрунтованих дриґнув ґречності зґвалтованою ґерґотала</Line>
<Line>ґеґочу ґрунтозахисну ґерлиґуватими ґвалтуватиме ґелґаємо</Line>
<Line>ґанджовиту ґрунтознавцеві ґаздую ґраткою ґелґотали</Line>
<Line>малообґрунтовані підґрунтового ґирлиґувате ґелґотати</Line>
<Line>обґрунтованими ґрунтообробну ґерґотінні обґрунтованою</Line>
<Line>обґрунтованої проґавлена ґрунтообробними ґратована ґаздую</Line>
<Line>ґиґнемо ґратованим ґвалтівникам дриґаєш ґерлиґуватий</Line>
<Line>ґратчасті дриґаюся ґрунтую ґудзиковими дриґатимуся</Line>
<Line>ґвалтування ґанкам необґрунтованим ґвалтуватимеш ґаздівство</Line>
<Line>ґерґотіло зиґзаґоподібну ґрасує ґрунтознавців ґрунтобетонний</Line>
<Line>ґудзикове обґрунтуюся ґрунтах ґвалту ґаздиню заґрунтуйте</Line>
<Line>ґречностями дриґало ґаздував ґаблі ґвалтівником аґрусовий</Line>
<Line>обґрунтованим ґвалтуватимемо дриґаємося заґрунтуєте</Line>
<Line>ґрунтовними задриґаєтеся ґелґотав ґелґання ґрунтовнім</Line>
<Line>ґерґотів ґавеня дриґну ґанджуємо ґелґання заґрунтоване</Line>
<Line>ґелґотаннях ґелґотав ґвалтуєте необґрунтованостям аґрусам</Line>
<Line>ґрунтобетону ґавиному ґаздівством ґиґнуло ґаночоками</Line>
<Line>аґрусовім ґрунтованої ґратчастім обґрунтовував неґречностям</Line>
<Line>обґрунтовуватиму ґирлиґам малообґрунтованою ґеґотав ґавиного</Line>
<Line>обґрунтовував ґанджував ґавиного ґрунтознавчі ґрунтобетонне</Line>
<Line>ґрунтобетонних дриґай ґалаґанам ґрунтознавця зґвалтуванні</Line>
  </Level>
  <Level>
   <id>{5dfbd53b-2430-4304-9f98-337bf141b2b0}</id>
   <title>Урок 18 (-)</title>
   <NewCharacters>-</NewCharacters>
   <Line>марксизм-ленінізму редакційно-видавнича норд-остом</Line>
<Line>полімер-розчинові інвестиційно-клірингового ясно-зелених</Line>
<Line>експерт-криміналістів контр-адміралах лейб-медика</Line>
<Line>ремонтно-механічними кредитно-інвестиційна</Line>
<Line>експортно-імпортній оперативно-технологічну лейб-медика</Line>
<Line>блок-схема нормативно-технічного тайм-чартеру чортзна-чим</Line>
<Line>шахер-махера блок-сигналах центнер-кілометрів нетто-балансам</Line>
<Line>науково-дослідні яскраво-зеленою селекційно-генетичне</Line>
<Line>націонал-фашисту банкнотно-монетним чортзна-чого</Line>
<Line>яскраво-червоними приват-доцент прес-брифінги</Line>
<Line>інженерно-технологічна експортно-імпортного брейд-вимпелах</Line>
<Line>екс-директорах північно-східні екс-міністрах обер-офіцерам</Line>
<Line>генерал-лейтенантові генерал-лейтенанті соціал-патріот</Line>
<Line>тет-а-тет норд-весті штаб-офіцер перший-ліпшим норд-ости</Line>
<Line>фізико-технічної кредитно-інвестиційну штаб-ротмістрам</Line>
<Line>прес-центри хіміко-фармацевтичною експерт-криміналістам</Line>
<Line>екс-чемпіона експерт-криміналістами еколого-економічну</Line>
<Line>техніко-економічнім центнер-кілометром науково-технічною</Line>
<Line>ясно-червоні виробничо-технологічних еквілібрист-жонглерами</Line>
<Line>рядково-орієнтованому паливно-енергетичне обер-інтенданті</Line>
<Line>мідно-духовим штаб-ротмістрів експрес-аналізі</Line>
<Line>зразково-показову виробничо-технічного контр-адмірала</Line>
<Line>науково-експертні програмно-технічній тріо-стани</Line>
<Line>салон-вагони оперативно-технологічній хтозна-якій</Line>
<Line>віце-канцлерам лікеро-горілчана інженер-майором яхт-клубом</Line>
<Line>науково-експертними сріблисто-білому житлово-експлуатаційну</Line>
<Line>картографо-геодезичні центнер-кілометрів фізико-хімічне</Line>
<Line>медико-санітарних економіко-правовими радикал-соціалістів</Line>
<Line>фінансово-економічне ленд-лізу шахер-махеру</Line>
<Line>грейдер-елеваторові чорно-білими соціал-реформізмам</Line>
<Line>інформаційно-аналітичні державно-кооперативною тому-таки</Line>
<Line>еколого-захисного терц-мажору крекінг-процесу чорно-білий</Line>
<Line>інженер-полковники механіко-технологічними</Line>
<Line>транспортно-експедиційної медико-санітарний</Line>
<Line>експортно-імпортній соціал-патріоті екс-директорам</Line>
<Line>еколого-захисних прес-брифінгові конференц-залі</Line>
<Line>науково-педагогічних стрес-факторах директор-розпорядника</Line>
  </Level>
  <Level>
   <id>{4866abae-d767-44a2-9df4-cce7dc3838be}</id>
   <title>Урок 19 (ь та ’)</title>
   <NewCharacters>ь’</NewCharacters>
   <Line>кров’янистим пом’ятій розм’якнуло п’ятдесятирічний</Line>
<Line>ув’язаного львів’янками з’ясуватися від’єднувалася обв’язкою</Line>
<Line>черв’якові різнотрав’ях п’ятипалим об’їдаєтесь</Line>
<Line>дерев’янистого старослов’янських підв’язаного</Line>
<Line>двадцятип’ятирічну п’ятнадцяте пом’якшуєте зм’якшеній</Line>
<Line>з’єднувати ар’єргардний м’якою п’ятнадцятою нав’ючтеся</Line>
<Line>п’яткове м’якших зв’язною юр’ївського черв’ячному</Line>
<Line>підрум’яняться з’єднаєтесь слов’янська м’ясистостями</Line>
<Line>розв’язувань кур’єри зав’ють снопов’язалок необ’єктивне</Line>
<Line>надп’яткових прим’яли заб’ємось роз’яснювальної з’являємося</Line>
<Line>голуб’ятники під’їздами роз’ятримо пред’явлену в’ючній</Line>
<Line>від’єднується м’ясниками закам’янію роз’єднаним від’їдаєте</Line>
<Line>п’ятдесятьом дев’ятиповерховим м’яла з’єднав п’ятитижневих</Line>
<Line>з’ясувались солом’янім з’ясовуватимете зв’язківкою</Line>
<Line>в’єтнамцями дев’ятихвилинну перем’ятім сум’яттям пам’ятників</Line>
<Line>в’язальна розм’якшуся об’їждженім з’їси кам’янистої</Line>
<Line>возз’єднуєте сім’явипорскуванням п’ятибальна прислів’їв</Line>
<Line>п’ятихвилинну зм’якшуючої скам’янілого в’язалась зів’яненнях</Line>
<Line>бур’янистому пом’якшувальною ум’ята п’ятнадцятьом</Line>
<Line>зарум’яненими з’єднанням п’яненьке роз’їждженій під’єднані</Line>
<Line>в’їдливостей з’ясувати сп’яненими ув’язаюсь олов’яних</Line>
<Line>приб’єте зв’язуючи кур’єрській пред’являєтеся об’їденою</Line>
<Line>кип’ятись прем’єрської напівм’яке кон’юнктивітах бур’янові</Line>
<Line>в’їдаються п’яніймо люб’язнішу трав’яним п’ятнадцяту</Line>
<Line>зобов’язало комп’ютеризуєшся пов’язало прим’ятої</Line>
<Line>перев’язувала кожум’яки нерозв’язані розм’якшуймося</Line>
<Line>запам’ятовуємось зав’яжіться розрум’янилось зарум’янитися</Line>
<Line>з’єднували післяз’їздівському сиром’ятні з’їжджають</Line>
<Line>перев’язуйте в’ятську дов’яжи пам’ятливім п’ятку п’ятирічок</Line>
<Line>олов’яним об’їздять п’ятиденними м’якушки нав’язуватимете</Line>
<Line>нав’язливі дов’язалися черв’яковій рум’янці нав’ючуюсь</Line>
<Line>перемир’ями п’ятиденному п’ятизіркове кожум’якою роз’єднуєш</Line>
<Line>військовозобов’язаний п’ятикутною помор’ях м’ячиками</Line>
<Line>в’їжтеся прем’єрську пов’язаністю м’ятного м’ятому</Line>
<Line>п’ятидесятій перев’язались</Line>
  </Level>
 </Levels>
</Lecture>
